2024-09-08 10:33:28,344 - INFO - Вызвана главная страница
2024-09-08 10:33:29,027 - WARNING - Not Found: /favicon.ico
2024-09-08 10:34:36,336 - INFO - C:\Users\maksk\Desktop\lab5\rent_cars\users\views.py changed, reloading.
2024-09-08 12:18:20,573 - INFO - Вызвана главная страница
2024-09-08 12:18:23,544 - INFO - Вызвана страница заказов
2024-09-08 12:18:38,768 - INFO - Создан заказ для makskreett
2024-09-08 12:18:38,787 - INFO - Вызвана главная страница
2024-09-08 12:54:32,863 - INFO - Вызвана главная страница
2024-09-08 12:54:44,787 - INFO - Создан заказ для makskreett
2024-09-08 12:54:44,808 - INFO - Вызвана главная страница
2024-09-08 12:54:47,261 - INFO - Вызвана страница заказов
2024-09-08 12:55:26,959 - INFO - C:\Users\maksk\Desktop\lab5\rent_cars\users\views.py changed, reloading.
2024-09-08 12:55:34,304 - INFO - Вызвана главная страница
2024-09-08 12:55:51,298 - INFO - Создан заказ для makskreett
2024-09-08 12:55:51,318 - INFO - Вызвана главная страница
2024-09-08 12:58:27,301 - INFO - C:\Users\maksk\Desktop\lab5\rent_cars\users\views.py changed, reloading.
2024-09-08 12:58:47,657 - INFO - Вызвана главная страница
2024-09-08 12:59:01,108 - INFO - Создан заказ для makskreett
2024-09-08 12:59:01,130 - INFO - Вызвана главная страница
2024-09-08 13:00:17,223 - INFO - C:\Users\maksk\Desktop\lab5\rent_cars\users\views.py changed, reloading.
2024-09-08 13:00:17,243 - INFO - C:\Users\maksk\Desktop\lab5\rent_cars\users\views.py changed, reloading.
2024-09-08 13:00:20,609 - INFO - Вызвана главная страница
2024-09-08 13:00:32,503 - INFO - Создан заказ для makskreett
2024-09-08 13:00:32,532 - INFO - message='Request to Stripe api' method=post url=https://api.stripe.com/v1/checkout/sessions
2024-09-08 13:00:34,354 - INFO - message='Stripe API response' path=https://api.stripe.com/v1/checkout/sessions response_code=200
2024-09-08 13:00:34,373 - INFO - Вызвана страница всех бонусов
2024-09-08 13:00:57,806 - INFO - C:\Users\maksk\Desktop\lab5\rent_cars\users\views.py changed, reloading.
2024-09-08 13:00:58,268 - INFO - C:\Users\maksk\Desktop\lab5\rent_cars\users\views.py changed, reloading.
2024-09-08 13:01:02,843 - INFO - Вызвана страница всех бонусов
2024-09-08 13:01:11,783 - INFO - Создан заказ для makskreett
2024-09-08 13:01:11,816 - INFO - message='Request to Stripe api' method=post url=https://api.stripe.com/v1/checkout/sessions
2024-09-08 13:01:12,605 - INFO - message='Stripe API response' path=https://api.stripe.com/v1/checkout/sessions response_code=200
2024-09-08 13:13:38,432 - INFO - Вызвана главная страница
2024-09-08 13:13:41,185 - INFO - Вызвана страница заказов
2024-09-08 13:14:14,537 - INFO - Вызвана страница заказов
2024-09-08 13:14:34,051 - INFO - C:\Users\maksk\Desktop\lab5\rent_cars\users\views.py changed, reloading.
2024-09-08 13:14:34,380 - INFO - C:\Users\maksk\Desktop\lab5\rent_cars\users\views.py changed, reloading.
2024-09-08 13:14:38,795 - INFO - C:\Users\maksk\Desktop\lab5\rent_cars\users\views.py changed, reloading.
2024-09-08 13:14:39,596 - INFO - C:\Users\maksk\Desktop\lab5\rent_cars\users\views.py changed, reloading.
2024-09-08 13:15:35,428 - INFO - C:\Users\maksk\Desktop\lab5\rent_cars\users\views.py changed, reloading.
2024-09-08 13:15:35,593 - INFO - C:\Users\maksk\Desktop\lab5\rent_cars\users\views.py changed, reloading.
2024-09-08 13:15:37,649 - INFO - Вызвана главная страница
2024-09-08 13:16:13,485 - INFO - Вызвана страница заказов
2024-09-08 13:16:18,245 - INFO - Вызвана главная страница
2024-09-08 13:16:23,152 - INFO - Вызвана страница заказов
2024-09-08 13:16:33,301 - INFO - Создан заказ для makskreett
2024-09-08 13:16:33,337 - INFO - message='Request to Stripe api' method=post url=https://api.stripe.com/v1/checkout/sessions
2024-09-08 13:16:34,771 - INFO - message='Stripe API response' path=https://api.stripe.com/v1/checkout/sessions response_code=200
2024-09-08 13:16:47,984 - INFO - C:\Users\maksk\Desktop\lab5\rent_cars\users\views.py changed, reloading.
2024-09-08 13:16:48,385 - INFO - C:\Users\maksk\Desktop\lab5\rent_cars\users\views.py changed, reloading.
2024-09-08 13:16:55,313 - INFO - Вызвана страница заказов
2024-09-08 13:17:21,892 - INFO - Вызвана страница заказов
2024-09-08 13:18:20,649 - INFO - C:\Users\maksk\Desktop\lab5\rent_cars\users\views.py changed, reloading.
2024-09-08 13:18:20,672 - INFO - C:\Users\maksk\Desktop\lab5\rent_cars\users\views.py changed, reloading.
2024-09-08 13:33:12,818 - INFO - Вызвана главная страница
2024-09-08 13:38:19,843 - INFO - Вызвана главная страница
2024-09-08 13:38:20,023 - WARNING - Not Found: /favicon.ico
2024-09-08 13:38:25,158 - INFO - Вызвана главная страница
2024-09-08 13:48:50,484 - INFO - Вызвана главная страница
2024-09-08 13:51:34,781 - INFO - Вызвана главная страница
2024-09-08 13:51:39,862 - INFO -  вышел с аккаунта
2024-09-08 13:51:39,869 - INFO - Вызвана главная страница
2024-09-08 13:51:54,818 - INFO -  вошел в аккаунт
2024-09-08 13:51:54,818 - INFO - makskreet вошел в аккаунт
2024-09-08 13:51:54,846 - INFO - Вызвана главная страница
2024-09-08 13:52:02,174 - INFO - Вызвана страница фильтрации заказов
2024-09-08 14:04:03,888 - INFO - Вызвана главная страница
2024-09-08 14:04:07,826 - INFO - Вызвана страница всех бонусов
2024-09-08 14:04:20,904 - INFO - Вызвана страница всех бонусов
2024-09-08 14:04:41,983 - INFO - Вызвана страница фильтрации заказов
2024-09-08 14:04:46,659 - INFO - Вызвана страница деталей заказа
2024-09-08 20:41:11,032 - INFO - Вызвана главная страница
2024-09-08 20:41:13,602 - INFO - Вызвана страница фильтрации заказов
2024-09-08 20:41:16,112 - INFO -  вышел с аккаунта
2024-09-08 20:41:16,118 - INFO - Вызвана главная страница
2024-09-08 20:41:30,375 - INFO -  вошел в аккаунт
2024-09-08 20:41:30,375 - INFO - makskreet вошел в аккаунт
2024-09-08 20:41:30,399 - INFO - Вызвана главная страница
2024-09-08 20:41:36,775 - INFO - Вызвана страница списка людей
2024-09-08 20:41:38,137 - INFO - Вызвана страница анализа заказов
2024-09-08 20:41:40,110 - INFO - Вызвана страница фильтрации заказов
2024-09-08 20:41:40,840 - INFO - Вызвана страница фильтрации заказов
2024-09-08 20:41:46,132 - INFO -  вышел с аккаунта
2024-09-08 20:41:46,137 - INFO - Вызвана главная страница
2024-09-08 20:41:55,123 - INFO -  вошел в аккаунт
2024-09-08 20:41:55,123 - INFO - makskreett вошел в аккаунт
2024-09-08 20:41:55,152 - INFO - Вызвана главная страница
2024-09-08 20:41:57,761 - INFO - Вызвана страница заказов
2024-09-08 20:42:05,585 - INFO - Создан заказ для makskreett
2024-09-08 20:42:05,608 - INFO - message='Request to Stripe api' method=post url=https://api.stripe.com/v1/checkout/sessions
2024-09-08 20:42:06,713 - INFO - message='Stripe API response' path=https://api.stripe.com/v1/checkout/sessions response_code=200
2024-09-08 20:54:04,439 - INFO - Вызвана главная страница
2024-09-08 21:10:43,326 - INFO - Вызвана главная страница
2024-09-08 21:10:48,554 - INFO - Вызвана главная страница
2024-09-08 21:10:53,636 - INFO - Вызвана главная страница
2024-09-08 21:10:58,720 - INFO - Вызвана главная страница
2024-09-08 21:11:03,803 - INFO - Вызвана главная страница
2024-09-08 21:11:08,931 - INFO - Вызвана главная страница
2024-09-08 21:11:14,040 - INFO - Вызвана главная страница
2024-09-08 21:11:19,148 - INFO - Вызвана главная страница
2024-09-08 21:11:24,262 - INFO - Вызвана главная страница
2024-09-08 21:11:29,359 - INFO - Вызвана главная страница
2024-09-08 21:11:34,452 - INFO - Вызвана главная страница
2024-09-08 21:11:39,535 - INFO - Вызвана главная страница
2024-09-08 21:11:44,629 - INFO - Вызвана главная страница
2024-09-08 21:11:49,715 - INFO - Вызвана главная страница
2024-09-08 21:11:54,820 - INFO - Вызвана главная страница
2024-09-08 21:11:59,935 - INFO - Вызвана главная страница
2024-09-08 21:12:05,053 - INFO - Вызвана главная страница
2024-09-08 21:12:10,169 - INFO - Вызвана главная страница
2024-09-08 21:12:15,259 - INFO - Вызвана главная страница
2024-09-08 21:12:20,348 - INFO - Вызвана главная страница
2024-09-08 21:12:25,433 - INFO - Вызвана главная страница
2024-09-08 21:12:30,519 - INFO - Вызвана главная страница
2024-09-08 21:12:35,614 - INFO - Вызвана главная страница
2024-09-08 21:12:40,718 - INFO - Вызвана главная страница
2024-09-08 21:12:45,805 - INFO - Вызвана главная страница
2024-09-08 21:12:50,902 - INFO - Вызвана главная страница
2024-09-08 21:12:55,999 - INFO - Вызвана главная страница
2024-09-08 21:13:01,096 - INFO - Вызвана главная страница
2024-09-08 21:13:06,200 - INFO - Вызвана главная страница
2024-09-08 21:13:11,299 - INFO - Вызвана главная страница
2024-09-08 21:13:16,399 - INFO - Вызвана главная страница
2024-09-08 21:13:21,501 - INFO - Вызвана главная страница
2024-09-08 21:13:26,599 - INFO - Вызвана главная страница
2024-09-08 21:13:31,700 - INFO - Вызвана главная страница
2024-09-08 21:13:36,796 - INFO - Вызвана главная страница
2024-09-08 21:13:41,895 - INFO - Вызвана главная страница
2024-09-08 21:13:46,993 - INFO - Вызвана главная страница
2024-09-08 21:13:52,097 - INFO - Вызвана главная страница
2024-09-08 21:13:57,198 - INFO - Вызвана главная страница
2024-09-08 21:14:02,289 - INFO - Вызвана главная страница
2024-09-08 21:14:07,410 - INFO - Вызвана главная страница
2024-09-08 21:14:12,504 - INFO - Вызвана главная страница
2024-09-08 21:14:17,615 - INFO - Вызвана главная страница
2024-09-08 21:14:22,729 - INFO - Вызвана главная страница
2024-09-08 21:14:27,830 - INFO - Вызвана главная страница
2024-09-08 21:14:32,932 - INFO - Вызвана главная страница
2024-09-08 21:14:38,030 - INFO - Вызвана главная страница
2024-09-08 21:14:43,124 - INFO - Вызвана главная страница
2024-09-08 21:14:48,221 - INFO - Вызвана главная страница
2024-09-08 21:14:53,316 - INFO - Вызвана главная страница
2024-09-08 21:14:58,405 - INFO - Вызвана главная страница
2024-09-08 21:15:03,521 - INFO - Вызвана главная страница
2024-09-08 21:15:08,635 - INFO - Вызвана главная страница
2024-09-08 21:15:13,735 - INFO - Вызвана главная страница
2024-09-08 21:15:18,837 - INFO - Вызвана главная страница
2024-09-08 21:15:23,942 - INFO - Вызвана главная страница
2024-09-08 21:15:29,023 - INFO - Вызвана главная страница
2024-09-08 21:15:34,116 - INFO - Вызвана главная страница
2024-09-08 21:15:39,202 - INFO - Вызвана главная страница
2024-09-08 21:15:44,305 - INFO - Вызвана главная страница
2024-09-08 21:15:49,394 - INFO - Вызвана главная страница
2024-09-08 21:15:54,495 - INFO - Вызвана главная страница
2024-09-08 21:15:59,603 - INFO - Вызвана главная страница
2024-09-08 21:16:04,693 - INFO - Вызвана главная страница
2024-09-08 21:16:09,806 - INFO - Вызвана главная страница
2024-09-08 21:16:14,906 - INFO - Вызвана главная страница
2024-09-08 21:16:20,013 - INFO - Вызвана главная страница
2024-09-08 21:16:25,107 - INFO - Вызвана главная страница
2024-09-08 21:16:30,208 - INFO - Вызвана главная страница
2024-09-08 21:16:35,314 - INFO - Вызвана главная страница
2024-09-08 21:16:40,409 - INFO - Вызвана главная страница
2024-09-08 21:16:45,514 - INFO - Вызвана главная страница
2024-09-08 21:16:50,634 - INFO - Вызвана главная страница
2024-09-08 21:16:55,735 - INFO - Вызвана главная страница
2024-09-08 21:17:00,830 - INFO - Вызвана главная страница
2024-09-08 21:17:05,943 - INFO - Вызвана главная страница
2024-09-08 21:17:11,059 - INFO - Вызвана главная страница
2024-09-08 21:17:16,165 - INFO - Вызвана главная страница
2024-09-08 21:17:21,272 - INFO - Вызвана главная страница
2024-09-08 21:17:26,389 - INFO - Вызвана главная страница
2024-09-08 21:17:31,480 - INFO - Вызвана главная страница
2024-09-08 21:17:36,573 - INFO - Вызвана главная страница
2024-09-08 21:17:41,671 - INFO - Вызвана главная страница
2024-09-08 21:17:46,767 - INFO - Вызвана главная страница
2024-09-08 21:17:51,860 - INFO - Вызвана главная страница
2024-09-08 21:17:56,961 - INFO - Вызвана главная страница
2024-09-08 21:18:02,066 - INFO - Вызвана главная страница
2024-09-08 21:18:07,176 - INFO - Вызвана главная страница
2024-09-08 21:18:12,277 - INFO - Вызвана главная страница
2024-09-08 21:18:17,379 - INFO - Вызвана главная страница
2024-09-08 21:18:22,474 - INFO - Вызвана главная страница
2024-09-08 21:18:27,570 - INFO - Вызвана главная страница
2024-09-08 21:18:32,671 - INFO - Вызвана главная страница
2024-09-08 21:18:37,765 - INFO - Вызвана главная страница
2024-09-08 21:18:42,856 - INFO - Вызвана главная страница
2024-09-08 21:18:47,957 - INFO - Вызвана главная страница
2024-09-08 21:18:53,054 - INFO - Вызвана главная страница
2024-09-08 21:18:58,148 - INFO - Вызвана главная страница
2024-09-08 21:19:03,251 - INFO - Вызвана главная страница
2024-09-08 21:19:08,368 - INFO - Вызвана главная страница
2024-09-08 21:19:13,457 - INFO - Вызвана главная страница
2024-09-08 21:19:18,552 - INFO - Вызвана главная страница
2024-09-08 21:19:23,653 - INFO - Вызвана главная страница
2024-09-08 21:19:28,759 - INFO - Вызвана главная страница
2024-09-08 21:19:33,869 - INFO - Вызвана главная страница
2024-09-08 21:19:38,972 - INFO - Вызвана главная страница
2024-09-08 21:19:44,073 - INFO - Вызвана главная страница
2024-09-08 21:19:49,173 - INFO - Вызвана главная страница
2024-09-08 21:19:54,266 - INFO - Вызвана главная страница
2024-09-08 21:19:59,358 - INFO - Вызвана главная страница
2024-09-08 21:20:04,452 - INFO - Вызвана главная страница
2024-09-08 21:20:09,561 - INFO - Вызвана главная страница
2024-09-08 21:20:14,662 - INFO - Вызвана главная страница
2024-09-08 21:20:19,768 - INFO - Вызвана главная страница
2024-09-08 21:20:24,866 - INFO - Вызвана главная страница
2024-09-08 21:20:29,949 - INFO - Вызвана главная страница
2024-09-08 21:20:35,051 - INFO - Вызвана главная страница
2024-09-08 21:20:40,154 - INFO - Вызвана главная страница
2024-09-08 21:20:45,254 - INFO - Вызвана главная страница
2024-09-08 21:20:50,364 - INFO - Вызвана главная страница
2024-09-08 21:20:55,457 - INFO - Вызвана главная страница
2024-09-08 21:21:00,552 - INFO - Вызвана главная страница
2024-09-08 21:21:05,666 - INFO - Вызвана главная страница
2024-09-08 21:21:10,789 - INFO - Вызвана главная страница
2024-09-08 21:21:15,891 - INFO - Вызвана главная страница
2024-09-08 21:21:20,988 - INFO - Вызвана главная страница
2024-09-08 21:21:26,086 - INFO - Вызвана главная страница
2024-09-08 21:21:31,185 - INFO - Вызвана главная страница
2024-09-08 21:21:36,276 - INFO - Вызвана главная страница
2024-09-08 21:21:41,378 - INFO - Вызвана главная страница
2024-09-08 21:21:46,486 - INFO - Вызвана главная страница
2024-09-08 21:21:51,588 - INFO - Вызвана главная страница
2024-09-08 21:21:56,682 - INFO - Вызвана главная страница
2024-09-08 21:22:01,769 - INFO - Вызвана главная страница
2024-09-08 21:22:06,886 - INFO - Вызвана главная страница
2024-09-08 21:22:11,976 - INFO - Вызвана главная страница
2024-09-08 21:22:17,071 - INFO - Вызвана главная страница
2024-09-08 21:22:22,181 - INFO - Вызвана главная страница
2024-09-08 21:22:27,274 - INFO - Вызвана главная страница
2024-09-08 21:22:32,367 - INFO - Вызвана главная страница
2024-09-08 21:22:37,467 - INFO - Вызвана главная страница
2024-09-08 21:22:42,560 - INFO - Вызвана главная страница
2024-09-08 21:22:47,659 - INFO - Вызвана главная страница
2024-09-08 21:22:52,754 - INFO - Вызвана главная страница
2024-09-08 21:22:57,862 - INFO - Вызвана главная страница
2024-09-08 21:23:02,958 - INFO - Вызвана главная страница
2024-09-08 21:23:08,076 - INFO - Вызвана главная страница
2024-09-08 21:23:13,175 - INFO - Вызвана главная страница
2024-09-08 21:23:18,275 - INFO - Вызвана главная страница
2024-09-08 21:23:23,378 - INFO - Вызвана главная страница
2024-09-08 21:23:28,473 - INFO - Вызвана главная страница
2024-09-08 21:23:33,567 - INFO - Вызвана главная страница
2024-09-08 21:23:38,664 - INFO - Вызвана главная страница
2024-09-08 21:23:43,772 - INFO - Вызвана главная страница
2024-09-08 21:23:48,863 - INFO - Вызвана главная страница
2024-09-08 21:23:53,962 - INFO - Вызвана главная страница
2024-09-08 21:23:55,981 - INFO - Вызвана главная страница
2024-09-08 21:28:06,406 - INFO - Вызвана главная страница
2024-09-08 21:28:11,531 - INFO - Вызвана главная страница
2024-09-08 21:28:16,626 - INFO - Вызвана главная страница
2024-09-08 21:28:21,726 - INFO - Вызвана главная страница
2024-09-08 21:28:26,805 - INFO - Вызвана главная страница
2024-09-08 21:28:31,896 - INFO - Вызвана главная страница
2024-09-08 21:28:36,994 - INFO - Вызвана главная страница
2024-09-08 21:28:42,111 - INFO - Вызвана главная страница
2024-09-08 21:28:47,214 - INFO - Вызвана главная страница
2024-09-08 21:28:52,311 - INFO - Вызвана главная страница
2024-09-08 21:28:57,412 - INFO - Вызвана главная страница
2024-09-08 21:29:02,503 - INFO - Вызвана главная страница
2024-09-08 21:29:07,609 - INFO - Вызвана главная страница
2024-09-08 21:29:12,731 - INFO - Вызвана главная страница
2024-09-08 21:29:17,843 - INFO - Вызвана главная страница
2024-09-08 21:29:22,941 - INFO - Вызвана главная страница
2024-09-08 21:29:28,034 - INFO - Вызвана главная страница
2024-09-08 21:29:33,144 - INFO - Вызвана главная страница
2024-09-08 21:29:38,256 - INFO - Вызвана главная страница
2024-09-08 21:29:43,360 - INFO - Вызвана главная страница
2024-09-08 21:29:48,459 - INFO - Вызвана главная страница
2024-09-08 21:29:53,568 - INFO - Вызвана главная страница
2024-09-08 21:29:58,665 - INFO - Вызвана главная страница
2024-09-08 21:30:03,773 - INFO - Вызвана главная страница
2024-09-08 21:30:08,907 - INFO - Вызвана главная страница
2024-09-08 21:30:14,000 - INFO - Вызвана главная страница
2024-09-08 21:30:19,100 - INFO - Вызвана главная страница
2024-09-08 21:30:24,194 - INFO - Вызвана главная страница
2024-09-08 21:30:29,307 - INFO - Вызвана главная страница
2024-09-08 21:30:34,419 - INFO - Вызвана главная страница
2024-09-08 21:30:39,523 - INFO - Вызвана главная страница
2024-09-08 21:30:44,630 - INFO - Вызвана главная страница
2024-09-08 21:30:49,741 - INFO - Вызвана главная страница
2024-09-08 21:30:54,855 - INFO - Вызвана главная страница
2024-09-08 21:30:59,944 - INFO - Вызвана главная страница
2024-09-08 21:31:05,032 - INFO - Вызвана главная страница
2024-09-08 21:31:10,155 - INFO - Вызвана главная страница
2024-09-08 21:31:15,264 - INFO - Вызвана главная страница
2024-09-08 21:31:20,366 - INFO - Вызвана главная страница
2024-09-08 21:31:25,473 - INFO - Вызвана главная страница
2024-09-08 21:31:30,579 - INFO - Вызвана главная страница
2024-09-08 21:31:35,675 - INFO - Вызвана главная страница
2024-09-08 21:31:40,770 - INFO - Вызвана главная страница
2024-09-08 21:31:45,875 - INFO - Вызвана главная страница
2024-09-08 21:31:50,984 - INFO - Вызвана главная страница
2024-09-08 21:31:56,077 - INFO - Вызвана главная страница
2024-09-08 21:32:01,180 - INFO - Вызвана главная страница
2024-09-08 21:32:06,274 - INFO - Вызвана главная страница
2024-09-08 21:32:11,382 - INFO - Вызвана главная страница
2024-09-08 21:32:16,475 - INFO - Вызвана главная страница
2024-09-08 21:32:21,568 - INFO - Вызвана главная страница
2024-09-08 21:32:26,668 - INFO - Вызвана главная страница
2024-09-08 21:32:31,760 - INFO - Вызвана главная страница
2024-09-08 21:32:36,880 - INFO - Вызвана главная страница
2024-09-08 21:32:41,976 - INFO - Вызвана главная страница
2024-09-08 21:32:47,082 - INFO - Вызвана главная страница
2024-09-08 21:32:52,181 - INFO - Вызвана главная страница
2024-09-08 21:32:57,289 - INFO - Вызвана главная страница
2024-09-08 21:33:02,393 - INFO - Вызвана главная страница
2024-09-08 21:33:07,540 - INFO - Вызвана главная страница
2024-09-08 21:33:12,660 - INFO - Вызвана главная страница
2024-09-08 21:33:17,761 - INFO - Вызвана главная страница
2024-09-08 21:33:22,862 - INFO - Вызвана главная страница
2024-09-08 21:33:27,963 - INFO - Вызвана главная страница
2024-09-08 21:33:33,072 - INFO - Вызвана главная страница
2024-09-08 21:33:38,181 - INFO - Вызвана главная страница
2024-09-08 21:33:43,285 - INFO - Вызвана главная страница
2024-09-08 21:33:48,383 - INFO - Вызвана главная страница
2024-09-08 21:33:53,494 - INFO - Вызвана главная страница
2024-09-08 21:33:58,606 - INFO - Вызвана главная страница
2024-09-08 21:34:03,707 - INFO - Вызвана главная страница
2024-09-08 21:34:08,829 - INFO - Вызвана главная страница
2024-09-08 21:34:13,934 - INFO - Вызвана главная страница
2024-09-08 21:34:19,038 - INFO - Вызвана главная страница
2024-09-08 21:34:24,161 - INFO - Вызвана главная страница
2024-09-08 21:34:29,268 - INFO - Вызвана главная страница
2024-09-08 21:34:34,369 - INFO - Вызвана главная страница
2024-09-08 21:34:39,473 - INFO - Вызвана главная страница
2024-09-08 21:34:44,582 - INFO - Вызвана главная страница
2024-09-08 21:34:49,706 - INFO - Вызвана главная страница
2024-09-08 21:34:54,806 - INFO - Вызвана главная страница
2024-09-08 21:34:59,914 - INFO - Вызвана главная страница
2024-09-08 21:35:05,020 - INFO - Вызвана главная страница
2024-09-08 21:35:10,163 - INFO - Вызвана главная страница
2024-09-08 21:35:15,268 - INFO - Вызвана главная страница
2024-09-08 21:35:20,385 - INFO - Вызвана главная страница
2024-09-08 21:35:25,492 - INFO - Вызвана главная страница
2024-09-08 21:35:30,603 - INFO - Вызвана главная страница
2024-09-08 21:35:35,710 - INFO - Вызвана главная страница
2024-09-08 21:35:40,820 - INFO - Вызвана главная страница
2024-09-08 21:35:45,913 - INFO - Вызвана главная страница
2024-09-08 21:35:51,029 - INFO - Вызвана главная страница
2024-09-08 21:35:56,134 - INFO - Вызвана главная страница
2024-09-08 21:36:01,235 - INFO - Вызвана главная страница
2024-09-08 21:36:06,346 - INFO - Вызвана главная страница
2024-09-08 21:36:11,480 - INFO - Вызвана главная страница
2024-09-08 21:36:16,594 - INFO - Вызвана главная страница
2024-09-08 21:36:21,703 - INFO - Вызвана главная страница
2024-09-08 21:36:26,820 - INFO - Вызвана главная страница
2024-09-08 21:36:31,938 - INFO - Вызвана главная страница
2024-09-08 21:36:37,042 - INFO - Вызвана главная страница
2024-09-08 21:36:42,154 - INFO - Вызвана главная страница
2024-09-08 21:36:47,263 - INFO - Вызвана главная страница
2024-09-08 21:36:52,372 - INFO - Вызвана главная страница
2024-09-08 21:36:57,478 - INFO - Вызвана главная страница
2024-09-08 21:37:02,586 - INFO - Вызвана главная страница
2024-09-08 21:37:07,688 - INFO - Вызвана главная страница
2024-09-08 21:37:12,815 - INFO - Вызвана главная страница
2024-09-08 21:37:17,915 - INFO - Вызвана главная страница
2024-09-08 21:37:23,025 - INFO - Вызвана главная страница
2024-09-08 21:37:28,141 - INFO - Вызвана главная страница
2024-09-08 21:37:33,253 - INFO - Вызвана главная страница
2024-09-08 21:37:38,360 - INFO - Вызвана главная страница
2024-09-08 21:37:43,465 - INFO - Вызвана главная страница
2024-09-08 21:37:48,576 - INFO - Вызвана главная страница
2024-09-08 21:37:53,682 - INFO - Вызвана главная страница
2024-09-08 21:37:58,800 - INFO - Вызвана главная страница
2024-09-08 21:38:03,916 - INFO - Вызвана главная страница
2024-09-08 21:38:09,019 - INFO - Вызвана главная страница
2024-09-08 21:38:14,130 - INFO - Вызвана главная страница
2024-09-08 21:38:19,236 - INFO - Вызвана главная страница
2024-09-08 21:38:24,333 - INFO - Вызвана главная страница
2024-09-08 21:38:29,435 - INFO - Вызвана главная страница
2024-09-08 21:38:34,522 - INFO - Вызвана главная страница
2024-09-08 21:38:39,619 - INFO - Вызвана главная страница
2024-09-08 21:38:44,714 - INFO - Вызвана главная страница
2024-09-08 21:38:49,812 - INFO - Вызвана главная страница
2024-09-08 21:38:54,910 - INFO - Вызвана главная страница
2024-09-08 21:39:00,015 - INFO - Вызвана главная страница
2024-09-08 21:39:05,122 - INFO - Вызвана главная страница
2024-09-08 21:39:10,236 - INFO - Вызвана главная страница
2024-09-08 21:39:15,345 - INFO - Вызвана главная страница
2024-09-08 21:39:20,438 - INFO - Вызвана главная страница
2024-09-08 21:39:25,538 - INFO - Вызвана главная страница
2024-09-08 21:39:30,637 - INFO - Вызвана главная страница
2024-09-08 21:39:35,739 - INFO - Вызвана главная страница
2024-09-08 21:39:40,833 - INFO - Вызвана главная страница
2024-09-08 21:39:45,938 - INFO - Вызвана главная страница
2024-09-08 21:39:51,036 - INFO - Вызвана главная страница
2024-09-08 21:39:56,135 - INFO - Вызвана главная страница
2024-09-08 21:40:01,225 - INFO - Вызвана главная страница
2024-09-08 21:40:06,330 - INFO - Вызвана главная страница
2024-09-08 21:40:11,452 - INFO - Вызвана главная страница
2024-09-08 21:40:16,555 - INFO - Вызвана главная страница
2024-09-08 21:40:21,656 - INFO - Вызвана главная страница
2024-09-08 21:40:26,748 - INFO - Вызвана главная страница
2024-09-08 21:40:31,844 - INFO - Вызвана главная страница
2024-09-08 21:40:36,946 - INFO - Вызвана главная страница
2024-09-08 21:40:42,055 - INFO - Вызвана главная страница
2024-09-08 21:40:47,151 - INFO - Вызвана главная страница
2024-09-08 21:40:52,250 - INFO - Вызвана главная страница
2024-09-08 21:40:57,350 - INFO - Вызвана главная страница
2024-09-08 21:41:02,471 - INFO - Вызвана главная страница
2024-09-08 21:41:07,576 - INFO - Вызвана главная страница
2024-09-08 21:41:12,690 - INFO - Вызвана главная страница
2024-09-08 21:41:17,780 - INFO - Вызвана главная страница
2024-09-08 21:41:22,885 - INFO - Вызвана главная страница
2024-09-08 21:41:27,989 - INFO - Вызвана главная страница
2024-09-08 21:41:33,088 - INFO - Вызвана главная страница
2024-09-08 21:41:38,192 - INFO - Вызвана главная страница
2024-09-08 21:41:43,289 - INFO - Вызвана главная страница
2024-09-08 21:41:48,380 - INFO - Вызвана главная страница
2024-09-08 21:41:53,483 - INFO - Вызвана главная страница
2024-09-08 21:41:58,580 - INFO - Вызвана главная страница
2024-09-08 21:42:03,670 - INFO - Вызвана главная страница
2024-09-08 21:42:08,774 - INFO - Вызвана главная страница
2024-09-08 21:42:13,884 - INFO - Вызвана главная страница
2024-09-08 21:42:18,983 - INFO - Вызвана главная страница
2024-09-08 21:42:24,080 - INFO - Вызвана главная страница
2024-09-08 21:42:29,187 - INFO - Вызвана главная страница
2024-09-08 21:42:34,296 - INFO - Вызвана главная страница
2024-09-08 21:42:39,398 - INFO - Вызвана главная страница
2024-09-08 21:42:44,501 - INFO - Вызвана главная страница
2024-09-08 21:42:49,618 - INFO - Вызвана главная страница
2024-09-08 21:42:54,720 - INFO - Вызвана главная страница
2024-09-08 21:42:59,813 - INFO - Вызвана главная страница
2024-09-08 21:43:04,916 - INFO - Вызвана главная страница
2024-09-08 21:43:10,054 - INFO - Вызвана главная страница
2024-09-08 21:43:15,144 - INFO - Вызвана главная страница
2024-09-08 21:43:20,254 - INFO - Вызвана главная страница
2024-09-08 21:43:25,371 - INFO - Вызвана главная страница
2024-09-08 21:43:30,482 - INFO - Вызвана главная страница
2024-09-08 21:43:35,599 - INFO - Вызвана главная страница
2024-09-08 21:43:40,719 - INFO - Вызвана главная страница
2024-09-08 21:43:45,837 - INFO - Вызвана главная страница
2024-09-08 21:43:50,949 - INFO - Вызвана главная страница
2024-09-08 21:43:56,064 - INFO - Вызвана главная страница
2024-09-08 21:44:01,167 - INFO - Вызвана главная страница
2024-09-08 21:44:06,267 - INFO - Вызвана главная страница
2024-09-08 21:44:11,390 - INFO - Вызвана главная страница
2024-09-08 21:44:16,487 - INFO - Вызвана главная страница
2024-09-08 21:44:21,587 - INFO - Вызвана главная страница
2024-09-08 21:44:26,701 - INFO - Вызвана главная страница
2024-09-08 21:44:31,806 - INFO - Вызвана главная страница
2024-09-08 21:44:36,910 - INFO - Вызвана главная страница
2024-09-08 21:44:42,009 - INFO - Вызвана главная страница
2024-09-08 21:44:47,115 - INFO - Вызвана главная страница
2024-09-08 21:44:52,218 - INFO - Вызвана главная страница
2024-09-08 21:44:57,331 - INFO - Вызвана главная страница
2024-09-08 21:45:02,512 - INFO - Вызвана главная страница
2024-09-08 21:51:18,688 - INFO - Вызвана главная страница
2024-09-08 21:51:24,877 - INFO - Вызвана главная страница
2024-09-08 21:51:29,980 - INFO - Вызвана главная страница
2024-09-08 21:51:35,108 - INFO - Вызвана главная страница
2024-09-08 21:51:40,256 - INFO - Вызвана главная страница
2024-09-08 21:51:45,367 - INFO - Вызвана главная страница
2024-09-08 21:51:50,513 - INFO - Вызвана главная страница
2024-09-08 21:51:55,623 - INFO - Вызвана главная страница
2024-09-08 21:52:00,724 - INFO - Вызвана главная страница
2024-09-08 21:52:05,833 - INFO - Вызвана главная страница
2024-09-08 21:52:10,934 - INFO - Вызвана главная страница
2024-09-08 21:52:16,039 - INFO - Вызвана главная страница
2024-09-08 21:52:21,144 - INFO - Вызвана главная страница
2024-09-08 21:52:26,275 - INFO - Вызвана главная страница
2024-09-08 21:52:31,392 - INFO - Вызвана главная страница
2024-09-08 21:52:36,525 - INFO - Вызвана главная страница
2024-09-08 21:52:41,635 - INFO - Вызвана главная страница
2024-09-08 21:52:46,737 - INFO - Вызвана главная страница
2024-09-08 21:52:51,828 - INFO - Вызвана главная страница
2024-09-08 21:52:56,921 - INFO - Вызвана главная страница
2024-09-08 21:53:02,013 - INFO - Вызвана главная страница
2024-09-08 21:53:07,125 - INFO - Вызвана главная страница
2024-09-08 21:53:12,222 - INFO - Вызвана главная страница
2024-09-08 21:53:17,323 - INFO - Вызвана главная страница
2024-09-08 21:53:22,452 - INFO - Вызвана главная страница
2024-09-08 21:53:27,553 - INFO - Вызвана главная страница
2024-09-08 21:53:32,663 - INFO - Вызвана главная страница
2024-09-08 21:53:37,762 - INFO - Вызвана главная страница
2024-09-08 21:53:42,871 - INFO - Вызвана главная страница
2024-09-08 21:53:47,967 - INFO - Вызвана главная страница
2024-09-08 21:53:53,065 - INFO - Вызвана главная страница
2024-09-08 21:53:58,165 - INFO - Вызвана главная страница
2024-09-08 21:54:03,287 - INFO - Вызвана главная страница
2024-09-08 21:54:08,383 - INFO - Вызвана главная страница
2024-09-08 21:54:13,487 - INFO - Вызвана главная страница
2024-09-08 21:54:18,584 - INFO - Вызвана главная страница
2024-09-08 22:37:01,742 - INFO - Вызвана страница всех бонусов
2024-09-08 22:37:14,384 - INFO - Вызвана главная страница
2024-09-08 22:37:19,568 - INFO - Вызвана главная страница
2024-09-08 22:37:22,324 - INFO - Вызвана главная страница
2024-09-08 22:37:27,418 - INFO - Вызвана главная страница
2024-09-09 00:07:03,966 - INFO - Вызвана главная страница
2024-09-09 00:07:09,282 - INFO - Вызвана главная страница
2024-09-09 00:07:14,382 - INFO - Вызвана главная страница
2024-09-09 00:07:19,482 - INFO - Вызвана главная страница
2024-09-09 00:07:24,583 - INFO - Вызвана главная страница
2024-09-09 00:07:29,705 - INFO - Вызвана главная страница
2024-09-09 00:07:34,810 - INFO - Вызвана главная страница
2024-09-09 00:07:39,911 - INFO - Вызвана главная страница
2024-09-09 00:07:45,000 - INFO - Вызвана главная страница
2024-09-09 00:07:50,097 - INFO - Вызвана главная страница
2024-09-09 00:07:55,182 - INFO - Вызвана главная страница
2024-09-09 00:08:00,285 - INFO - Вызвана главная страница
2024-09-09 00:08:05,381 - INFO - Вызвана главная страница
2024-09-09 00:08:10,488 - INFO - Вызвана главная страница
2024-09-09 00:08:15,602 - INFO - Вызвана главная страница
2024-09-09 00:08:20,698 - INFO - Вызвана главная страница
2024-09-09 00:08:25,813 - INFO - Вызвана главная страница
2024-09-09 00:08:30,930 - INFO - Вызвана главная страница
2024-09-09 00:08:36,030 - INFO - Вызвана главная страница
2024-09-09 00:08:41,129 - INFO - Вызвана главная страница
2024-09-09 00:08:46,229 - INFO - Вызвана главная страница
2024-09-09 00:08:51,324 - INFO - Вызвана главная страница
2024-09-09 00:08:56,422 - INFO - Вызвана главная страница
2024-09-09 00:09:01,525 - INFO - Вызвана главная страница
2024-09-09 00:09:06,631 - INFO - Вызвана главная страница
2024-09-09 00:09:11,725 - INFO - Вызвана главная страница
2024-09-09 00:09:16,825 - INFO - Вызвана главная страница
2024-09-09 00:09:21,919 - INFO - Вызвана главная страница
2024-09-09 00:09:27,039 - INFO - Вызвана главная страница
2024-09-09 00:09:30,386 - INFO - Вызвана главная страница
2024-09-09 10:28:10,778 - INFO - Вызвана главная страница
2024-09-09 11:02:26,172 - WARNING - Not Found: /»
2024-09-09 13:16:48,395 - INFO - Вызвана главная страница
2024-09-09 13:16:53,708 - INFO - Вызвана главная страница
2024-09-09 13:16:57,648 - INFO - Вызвана страница всех бонусов
2024-09-09 13:29:51,366 - INFO - Вызвана главная страница
2024-09-09 13:29:56,494 - INFO - Вызвана главная страница
2024-09-09 13:30:01,588 - INFO - Вызвана главная страница
2024-09-09 13:30:06,684 - INFO - Вызвана главная страница
2024-09-09 13:30:11,769 - INFO - Вызвана главная страница
2024-09-09 13:30:16,864 - INFO - Вызвана главная страница
2024-09-09 13:30:21,958 - INFO - Вызвана главная страница
2024-09-09 13:30:27,050 - INFO - Вызвана главная страница
2024-09-09 13:30:32,134 - INFO - Вызвана главная страница
2024-09-09 13:30:37,207 - INFO - Вызвана главная страница
2024-09-09 13:30:42,292 - INFO - Вызвана главная страница
2024-09-09 13:30:47,382 - INFO - Вызвана главная страница
2024-09-09 13:30:52,469 - INFO - Вызвана главная страница
2024-09-09 13:30:57,551 - INFO - Вызвана главная страница
2024-09-09 13:31:02,643 - INFO - Вызвана главная страница
2024-09-09 13:31:07,737 - INFO - Вызвана главная страница
2024-09-09 13:31:12,831 - INFO - Вызвана главная страница
2024-09-09 13:31:17,915 - INFO - Вызвана главная страница
2024-09-09 13:31:23,001 - INFO - Вызвана главная страница
2024-09-09 13:31:28,090 - INFO - Вызвана главная страница
2024-09-09 13:31:33,196 - INFO - Вызвана главная страница
2024-09-09 13:31:38,284 - INFO - Вызвана главная страница
2024-09-09 13:31:43,386 - INFO - Вызвана главная страница
2024-09-09 13:31:48,487 - INFO - Вызвана главная страница
2024-09-09 13:31:53,582 - INFO - Вызвана главная страница
2024-09-09 13:31:58,690 - INFO - Вызвана главная страница
2024-09-09 13:32:03,771 - INFO - Вызвана главная страница
2024-09-09 13:32:08,856 - INFO - Вызвана главная страница
2024-09-09 13:32:13,944 - INFO - Вызвана главная страница
2024-09-09 13:32:19,042 - INFO - Вызвана главная страница
2024-09-09 13:32:24,121 - INFO - Вызвана главная страница
2024-09-09 13:32:29,220 - INFO - Вызвана главная страница
2024-09-09 13:32:34,307 - INFO - Вызвана главная страница
2024-09-09 13:32:39,396 - INFO - Вызвана главная страница
2024-09-09 13:32:44,482 - INFO - Вызвана главная страница
2024-09-09 13:32:49,570 - INFO - Вызвана главная страница
2024-09-09 13:32:54,668 - INFO - Вызвана главная страница
2024-09-09 13:32:59,762 - INFO - Вызвана главная страница
2024-09-09 13:33:04,853 - INFO - Вызвана главная страница
2024-09-09 13:33:09,947 - INFO - Вызвана главная страница
2024-09-09 13:33:15,028 - INFO - Вызвана главная страница
2024-09-09 13:33:20,125 - INFO - Вызвана главная страница
2024-09-09 13:33:25,229 - INFO - Вызвана главная страница
2024-09-09 13:33:30,321 - INFO - Вызвана главная страница
2024-09-09 13:33:35,415 - INFO - Вызвана главная страница
2024-09-09 13:33:40,504 - INFO - Вызвана главная страница
2024-09-09 13:33:45,595 - INFO - Вызвана главная страница
2024-09-09 13:33:50,685 - INFO - Вызвана главная страница
2024-09-09 13:33:55,777 - INFO - Вызвана главная страница
2024-09-09 13:34:00,868 - INFO - Вызвана главная страница
2024-09-09 13:34:05,974 - INFO - Вызвана главная страница
2024-09-09 13:34:11,088 - INFO - Вызвана главная страница
2024-09-09 13:34:16,184 - INFO - Вызвана главная страница
2024-09-09 13:34:21,287 - INFO - Вызвана главная страница
2024-09-09 13:34:26,384 - INFO - Вызвана главная страница
2024-09-09 13:34:31,482 - INFO - Вызвана главная страница
2024-09-09 13:34:36,575 - INFO - Вызвана главная страница
2024-09-09 13:34:41,674 - INFO - Вызвана главная страница
2024-09-09 13:34:46,775 - INFO - Вызвана главная страница
2024-09-09 13:34:51,872 - INFO - Вызвана главная страница
2024-09-09 13:34:56,967 - INFO - Вызвана главная страница
2024-09-09 13:35:02,052 - INFO - Вызвана главная страница
2024-09-09 13:35:07,175 - INFO - Вызвана главная страница
2024-09-09 13:35:12,271 - INFO - Вызвана главная страница
2024-09-09 13:35:17,367 - INFO - Вызвана главная страница
2024-09-09 13:35:22,458 - INFO - Вызвана главная страница
2024-09-09 13:35:27,556 - INFO - Вызвана главная страница
2024-09-09 13:35:32,646 - INFO - Вызвана главная страница
2024-09-09 13:35:37,727 - INFO - Вызвана главная страница
2024-09-09 13:35:42,816 - INFO - Вызвана главная страница
2024-09-09 13:35:47,904 - INFO - Вызвана главная страница
2024-09-09 13:35:53,006 - INFO - Вызвана главная страница
2024-09-09 13:35:58,098 - INFO - Вызвана главная страница
2024-09-09 13:36:03,195 - INFO - Вызвана главная страница
2024-09-09 13:36:08,286 - INFO - Вызвана главная страница
2024-09-09 13:36:13,371 - INFO - Вызвана главная страница
2024-09-09 13:36:18,459 - INFO - Вызвана главная страница
2024-09-09 13:36:23,547 - INFO - Вызвана главная страница
2024-09-09 13:36:28,640 - INFO - Вызвана главная страница
2024-09-09 13:36:33,740 - INFO - Вызвана главная страница
2024-09-09 13:36:38,839 - INFO - Вызвана главная страница
2024-09-09 13:36:43,921 - INFO - Вызвана главная страница
2024-09-09 13:36:49,017 - INFO - Вызвана главная страница
2024-09-09 13:36:54,107 - INFO - Вызвана главная страница
2024-09-09 13:36:59,206 - INFO - Вызвана главная страница
2024-09-09 13:37:04,306 - INFO - Вызвана главная страница
2024-09-09 13:37:09,392 - INFO - Вызвана главная страница
2024-09-09 13:37:14,485 - INFO - Вызвана главная страница
2024-09-09 13:37:19,584 - INFO - Вызвана главная страница
2024-09-09 13:37:24,676 - INFO - Вызвана главная страница
2024-09-09 13:37:29,769 - INFO - Вызвана главная страница
2024-09-09 13:37:34,871 - INFO - Вызвана главная страница
2024-09-09 13:37:39,965 - INFO - Вызвана главная страница
2024-09-09 13:37:45,059 - INFO - Вызвана главная страница
2024-09-09 13:37:50,143 - INFO - Вызвана главная страница
2024-09-09 13:37:55,246 - INFO - Вызвана главная страница
2024-09-09 13:38:00,343 - INFO - Вызвана главная страница
2024-09-09 13:38:05,440 - INFO - Вызвана главная страница
2024-09-09 13:38:10,559 - INFO - Вызвана главная страница
2024-09-09 13:38:15,652 - INFO - Вызвана главная страница
2024-09-09 13:38:20,752 - INFO - Вызвана главная страница
2024-09-09 13:38:25,864 - INFO - Вызвана главная страница
2024-09-09 13:38:30,963 - INFO - Вызвана главная страница
2024-09-09 13:38:36,057 - INFO - Вызвана главная страница
2024-09-09 13:38:41,161 - INFO - Вызвана главная страница
2024-09-09 13:38:46,249 - INFO - Вызвана главная страница
2024-09-09 13:38:51,341 - INFO - Вызвана главная страница
2024-09-09 13:38:56,428 - INFO - Вызвана главная страница
2024-09-09 13:39:01,527 - INFO - Вызвана главная страница
2024-09-09 13:39:06,621 - INFO - Вызвана главная страница
2024-09-09 13:39:11,718 - INFO - Вызвана главная страница
2024-09-09 13:39:16,808 - INFO - Вызвана главная страница
2024-09-09 13:39:21,896 - INFO - Вызвана главная страница
2024-09-09 13:39:26,984 - INFO - Вызвана главная страница
2024-09-09 13:39:32,089 - INFO - Вызвана главная страница
2024-09-09 13:39:37,176 - INFO - Вызвана главная страница
2024-09-09 13:39:42,257 - INFO - Вызвана главная страница
2024-09-09 13:39:47,346 - INFO - Вызвана главная страница
2024-09-09 13:39:52,444 - INFO - Вызвана главная страница
2024-09-09 13:39:57,529 - INFO - Вызвана главная страница
2024-09-09 13:40:02,621 - INFO - Вызвана главная страница
2024-09-09 13:40:07,720 - INFO - Вызвана главная страница
2024-09-09 13:40:12,808 - INFO - Вызвана главная страница
2024-09-09 13:40:17,912 - INFO - Вызвана главная страница
2024-09-09 13:40:23,001 - INFO - Вызвана главная страница
2024-09-09 13:40:28,104 - INFO - Вызвана главная страница
2024-09-09 13:40:33,208 - INFO - Вызвана главная страница
2024-09-09 13:40:38,302 - INFO - Вызвана главная страница
2024-09-09 13:40:43,390 - INFO - Вызвана главная страница
2024-09-09 13:40:48,480 - INFO - Вызвана главная страница
2024-09-09 13:40:53,575 - INFO - Вызвана главная страница
2024-09-09 13:40:58,673 - INFO - Вызвана главная страница
2024-09-09 13:41:03,771 - INFO - Вызвана главная страница
2024-09-09 13:41:08,869 - INFO - Вызвана главная страница
2024-09-09 13:41:13,972 - INFO - Вызвана главная страница
2024-09-09 13:41:19,063 - INFO - Вызвана главная страница
2024-09-09 13:41:24,164 - INFO - Вызвана главная страница
2024-09-09 13:41:29,819 - INFO - Вызвана главная страница
2024-09-09 13:41:34,910 - INFO - Вызвана главная страница
2024-09-09 13:45:30,001 - INFO - Вызвана главная страница
2024-09-09 13:45:35,119 - INFO - Вызвана главная страница
2024-09-09 13:45:40,215 - INFO - Вызвана главная страница
2024-09-09 13:45:45,303 - INFO - Вызвана главная страница
2024-09-09 13:45:50,387 - INFO - Вызвана главная страница
2024-09-09 13:45:55,486 - INFO - Вызвана главная страница
2024-09-09 13:46:00,582 - INFO - Вызвана главная страница
2024-09-09 13:46:05,683 - INFO - Вызвана главная страница
2024-09-09 13:46:10,788 - INFO - Вызвана главная страница
2024-09-09 13:46:15,868 - INFO - Вызвана главная страница
2024-09-09 13:46:20,975 - INFO - Вызвана главная страница
2024-09-09 13:46:26,059 - INFO - Вызвана главная страница
2024-09-09 13:46:31,152 - INFO - Вызвана главная страница
2024-09-09 13:46:36,239 - INFO - Вызвана главная страница
2024-09-09 13:46:41,342 - INFO - Вызвана главная страница
2024-09-09 13:46:46,423 - INFO - Вызвана главная страница
2024-09-09 13:46:51,518 - INFO - Вызвана главная страница
2024-09-09 13:46:56,610 - INFO - Вызвана главная страница
2024-09-09 13:47:01,690 - INFO - Вызвана главная страница
2024-09-09 13:47:06,777 - INFO - Вызвана главная страница
2024-09-09 13:47:11,861 - INFO - Вызвана главная страница
2024-09-09 13:47:16,941 - INFO - Вызвана главная страница
2024-09-09 13:47:22,044 - INFO - Вызвана главная страница
2024-09-09 13:47:27,133 - INFO - Вызвана главная страница
2024-09-09 13:47:32,215 - INFO - Вызвана главная страница
2024-09-09 13:47:37,302 - INFO - Вызвана главная страница
2024-09-09 13:47:42,398 - INFO - Вызвана главная страница
2024-09-09 13:47:47,495 - INFO - Вызвана главная страница
2024-09-09 13:47:52,580 - INFO - Вызвана главная страница
2024-09-09 13:47:57,680 - INFO - Вызвана главная страница
2024-09-09 13:48:02,767 - INFO - Вызвана главная страница
2024-09-09 13:48:07,853 - INFO - Вызвана главная страница
2024-09-09 13:48:12,936 - INFO - Вызвана главная страница
2024-09-09 13:48:18,034 - INFO - Вызвана главная страница
2024-09-09 13:48:23,129 - INFO - Вызвана главная страница
2024-09-09 13:48:28,234 - INFO - Вызвана главная страница
2024-09-09 13:48:33,325 - INFO - Вызвана главная страница
2024-09-09 13:48:38,427 - INFO - Вызвана главная страница
2024-09-09 13:48:43,519 - INFO - Вызвана главная страница
2024-09-09 13:48:48,617 - INFO - Вызвана главная страница
2024-09-09 13:48:53,707 - INFO - Вызвана главная страница
2024-09-09 13:48:58,807 - INFO - Вызвана главная страница
2024-09-09 13:49:03,882 - INFO - Вызвана главная страница
2024-09-09 13:49:08,961 - INFO - Вызвана главная страница
2024-09-09 13:49:14,053 - INFO - Вызвана главная страница
2024-09-09 13:49:19,139 - INFO - Вызвана главная страница
2024-09-09 13:49:24,231 - INFO - Вызвана главная страница
2024-09-09 13:49:29,321 - INFO - Вызвана главная страница
2024-09-09 13:49:34,416 - INFO - Вызвана главная страница
2024-09-09 13:49:36,943 - INFO - Вызвана главная страница
2024-09-09 13:49:39,137 - INFO -  вышел с аккаунта
2024-09-09 13:49:39,142 - INFO - Вызвана главная страница
2024-09-09 13:49:47,912 - INFO -  вошел в аккаунт
2024-09-09 13:49:47,912 - INFO - makskreet вошел в аккаунт
2024-09-09 13:49:47,937 - INFO - Вызвана главная страница
2024-09-09 13:49:49,421 - INFO - Вызвана страница списка людей
2024-09-09 13:49:54,465 - INFO - Вызвана страница списка людей
2024-09-09 13:49:55,876 - INFO - Вызвана главная страница
2024-09-09 13:50:00,969 - INFO - Вызвана главная страница
2024-09-09 13:50:06,084 - INFO - Вызвана главная страница
2024-09-09 13:50:11,193 - INFO - Вызвана главная страница
2024-09-09 13:50:16,285 - INFO - Вызвана главная страница
2024-09-09 13:50:21,388 - INFO - Вызвана главная страница
2024-09-09 13:50:26,480 - INFO - Вызвана главная страница
2024-09-09 13:50:31,567 - INFO - Вызвана главная страница
2024-09-09 13:50:36,658 - INFO - Вызвана главная страница
2024-09-09 13:50:41,747 - INFO - Вызвана главная страница
2024-09-09 13:50:46,839 - INFO - Вызвана главная страница
2024-09-09 13:50:51,930 - INFO - Вызвана главная страница
2024-09-09 13:50:57,052 - INFO - Вызвана главная страница
2024-09-09 13:51:02,144 - INFO - Вызвана главная страница
2024-09-09 13:51:07,231 - INFO - Вызвана главная страница
2024-09-09 13:51:12,325 - INFO - Вызвана главная страница
2024-09-09 13:51:17,427 - INFO - Вызвана главная страница
2024-09-09 13:51:22,372 - INFO - Вызвана главная страница
2024-09-09 14:03:29,582 - INFO - Вызвана страница списка людей
2024-09-09 14:03:34,711 - INFO - Вызвана страница списка людей
2024-09-09 14:03:39,752 - INFO - Вызвана страница списка людей
2024-09-09 14:03:44,816 - INFO - Вызвана страница списка людей
2024-09-09 14:03:49,456 - INFO - Вызвана страница списка людей
2024-09-09 14:03:54,507 - INFO - Вызвана страница списка людей
2024-09-09 14:03:59,559 - INFO - Вызвана страница списка людей
2024-09-09 14:04:04,594 - INFO - Вызвана страница списка людей
2024-09-09 14:04:09,655 - INFO - Вызвана страница списка людей
2024-09-09 14:04:10,285 - INFO - Вызвана страница списка людей
2024-09-09 14:04:15,333 - INFO - Вызвана страница списка людей
2024-09-09 14:04:20,382 - INFO - Вызвана страница списка людей
2024-09-09 14:04:25,421 - INFO - Вызвана страница списка людей
2024-09-09 14:04:30,478 - INFO - Вызвана страница списка людей
2024-09-09 14:04:35,533 - INFO - Вызвана страница списка людей
2024-09-09 14:04:40,589 - INFO - Вызвана страница списка людей
2024-09-09 14:04:45,643 - INFO - Вызвана страница списка людей
2024-09-09 14:04:50,694 - INFO - Вызвана страница списка людей
2024-09-09 14:04:56,895 - INFO - Вызвана страница списка людей
2024-09-09 14:05:01,945 - INFO - Вызвана страница списка людей
2024-09-09 14:05:06,990 - INFO - Вызвана страница списка людей
2024-09-09 14:05:12,034 - INFO - Вызвана страница списка людей
2024-09-09 14:05:15,364 - INFO - Вызвана страница списка людей
2024-09-09 14:05:20,392 - INFO - Вызвана страница списка людей
2024-09-09 14:05:20,634 - INFO - Вызвана страница списка людей
2024-09-09 14:05:24,358 - INFO - Вызвана страница списка людей
2024-09-09 14:05:24,670 - INFO - Вызвана страница списка людей
2024-09-09 14:05:29,716 - INFO - Вызвана страница списка людей
2024-09-09 14:05:35,075 - INFO - Вызвана страница списка людей
2024-09-09 14:05:40,117 - INFO - Вызвана страница списка людей
2024-09-09 14:05:45,174 - INFO - Вызвана страница списка людей
2024-09-09 14:05:51,379 - INFO - Вызвана страница списка людей
2024-09-09 14:05:56,424 - INFO - Вызвана страница списка людей
2024-09-09 14:06:01,475 - INFO - Вызвана страница списка людей
2024-09-09 14:06:06,570 - INFO - Вызвана страница списка людей
2024-09-09 14:06:11,666 - INFO - Вызвана страница списка людей
2024-09-09 14:06:17,889 - INFO - Вызвана страница списка людей
2024-09-09 14:06:22,940 - INFO - Вызвана страница списка людей
2024-09-09 14:06:27,993 - INFO - Вызвана страница списка людей
2024-09-09 14:06:33,041 - INFO - Вызвана страница списка людей
2024-09-09 14:06:38,087 - INFO - Вызвана страница списка людей
2024-09-09 14:06:43,133 - INFO - Вызвана страница списка людей
2024-09-09 14:06:48,177 - INFO - Вызвана страница списка людей
2024-09-09 14:06:53,235 - INFO - Вызвана страница списка людей
2024-09-09 14:06:58,289 - INFO - Вызвана страница списка людей
2024-09-09 14:07:03,343 - INFO - Вызвана страница списка людей
2024-09-09 14:07:08,421 - INFO - Вызвана страница списка людей
2024-09-09 14:07:13,464 - INFO - Вызвана страница списка людей
2024-09-09 14:07:18,519 - INFO - Вызвана страница списка людей
2024-09-09 14:07:23,570 - INFO - Вызвана страница списка людей
2024-09-09 14:07:28,617 - INFO - Вызвана страница списка людей
2024-09-09 14:07:34,879 - INFO - Вызвана страница списка людей
2024-09-09 14:07:39,916 - INFO - Вызвана страница списка людей
2024-09-09 14:07:44,957 - INFO - Вызвана страница списка людей
2024-09-09 14:07:50,004 - INFO - Вызвана страница списка людей
2024-09-09 14:07:55,049 - INFO - Вызвана страница списка людей
2024-09-09 14:08:00,094 - INFO - Вызвана страница списка людей
2024-09-09 14:08:05,137 - INFO - Вызвана страница списка людей
2024-09-09 14:08:10,180 - INFO - Вызвана страница списка людей
2024-09-09 14:08:15,234 - INFO - Вызвана страница списка людей
2024-09-09 14:08:20,282 - INFO - Вызвана страница списка людей
2024-09-09 14:08:25,330 - INFO - Вызвана страница списка людей
2024-09-09 14:08:30,382 - INFO - Вызвана страница списка людей
2024-09-09 14:08:35,425 - INFO - Вызвана страница списка людей
2024-09-09 14:08:41,379 - INFO - Вызвана страница списка людей
2024-09-09 14:08:46,419 - INFO - Вызвана страница списка людей
2024-09-09 14:08:51,468 - INFO - Вызвана страница списка людей
2024-09-09 14:08:56,525 - INFO - Вызвана страница списка людей
2024-09-09 14:09:01,572 - INFO - Вызвана страница списка людей
2024-09-09 14:09:06,628 - INFO - Вызвана страница списка людей
2024-09-09 14:09:11,680 - INFO - Вызвана страница списка людей
2024-09-09 14:09:16,729 - INFO - Вызвана страница списка людей
2024-09-09 14:09:21,783 - INFO - Вызвана страница списка людей
2024-09-09 14:09:26,821 - INFO - Вызвана страница списка людей
2024-09-09 14:09:31,859 - INFO - Вызвана страница списка людей
2024-09-09 14:09:36,902 - INFO - Вызвана страница списка людей
2024-09-09 14:09:41,956 - INFO - Вызвана страница списка людей
2024-09-09 14:09:47,007 - INFO - Вызвана страница списка людей
2024-09-09 14:09:52,047 - INFO - Вызвана страница списка людей
2024-09-09 14:09:57,091 - INFO - Вызвана страница списка людей
2024-09-09 14:10:02,145 - INFO - Вызвана страница списка людей
2024-09-09 14:10:07,204 - INFO - Вызвана страница списка людей
2024-09-09 14:10:12,252 - INFO - Вызвана страница списка людей
2024-09-09 14:10:17,308 - INFO - Вызвана страница списка людей
2024-09-09 14:10:22,351 - INFO - Вызвана страница списка людей
2024-09-09 14:10:27,401 - INFO - Вызвана страница списка людей
2024-09-09 14:10:32,454 - INFO - Вызвана страница списка людей
2024-09-09 14:10:37,501 - INFO - Вызвана страница списка людей
2024-09-09 14:10:42,551 - INFO - Вызвана страница списка людей
2024-09-09 14:10:47,604 - INFO - Вызвана страница списка людей
2024-09-09 14:10:52,648 - INFO - Вызвана страница списка людей
2024-09-09 14:10:57,695 - INFO - Вызвана страница списка людей
2024-09-09 14:11:03,883 - INFO - Вызвана страница списка людей
2024-09-09 14:11:08,920 - INFO - Вызвана страница списка людей
2024-09-09 14:11:13,983 - INFO - Вызвана страница списка людей
2024-09-09 14:11:19,039 - INFO - Вызвана страница списка людей
2024-09-09 14:11:24,077 - INFO - Вызвана страница списка людей
2024-09-09 14:11:29,120 - INFO - Вызвана страница списка людей
2024-09-09 14:11:34,166 - INFO - Вызвана страница списка людей
2024-09-09 14:11:39,211 - INFO - Вызвана страница списка людей
2024-09-09 14:11:44,266 - INFO - Вызвана страница списка людей
2024-09-09 14:11:49,318 - INFO - Вызвана страница списка людей
2024-09-09 14:11:54,382 - INFO - Вызвана страница списка людей
2024-09-09 14:11:59,431 - INFO - Вызвана страница списка людей
2024-09-09 14:12:04,489 - INFO - Вызвана страница списка людей
2024-09-09 14:12:09,543 - INFO - Вызвана страница списка людей
2024-09-09 14:12:14,590 - INFO - Вызвана страница списка людей
2024-09-09 14:12:19,640 - INFO - Вызвана страница списка людей
2024-09-09 14:12:24,699 - INFO - Вызвана страница списка людей
2024-09-09 14:12:29,753 - INFO - Вызвана страница списка людей
2024-09-09 14:12:34,804 - INFO - Вызвана страница списка людей
2024-09-09 14:12:39,857 - INFO - Вызвана страница списка людей
2024-09-09 14:12:44,910 - INFO - Вызвана страница списка людей
2024-09-09 14:12:49,961 - INFO - Вызвана страница списка людей
2024-09-09 14:12:55,023 - INFO - Вызвана страница списка людей
2024-09-09 14:13:00,083 - INFO - Вызвана страница списка людей
2024-09-09 14:13:05,137 - INFO - Вызвана страница списка людей
2024-09-09 14:13:10,184 - INFO - Вызвана страница списка людей
2024-09-09 14:13:15,232 - INFO - Вызвана страница списка людей
2024-09-09 14:13:20,273 - INFO - Вызвана страница списка людей
2024-09-09 14:13:25,318 - INFO - Вызвана страница списка людей
2024-09-09 14:13:30,365 - INFO - Вызвана страница списка людей
2024-09-09 14:13:35,415 - INFO - Вызвана страница списка людей
2024-09-09 14:13:40,461 - INFO - Вызвана страница списка людей
2024-09-09 14:13:45,516 - INFO - Вызвана страница списка людей
2024-09-09 14:13:50,575 - INFO - Вызвана страница списка людей
2024-09-09 14:13:55,619 - INFO - Вызвана страница списка людей
2024-09-09 14:14:00,671 - INFO - Вызвана страница списка людей
2024-09-09 14:14:05,737 - INFO - Вызвана страница списка людей
2024-09-09 14:14:10,825 - INFO - Вызвана страница списка людей
2024-09-09 14:14:15,869 - INFO - Вызвана страница списка людей
2024-09-09 14:14:20,911 - INFO - Вызвана страница списка людей
2024-09-09 14:14:25,975 - INFO - Вызвана страница списка людей
2024-09-09 14:14:31,031 - INFO - Вызвана страница списка людей
2024-09-09 14:14:36,086 - INFO - Вызвана страница списка людей
2024-09-09 14:14:41,140 - INFO - Вызвана страница списка людей
2024-09-09 14:14:46,198 - INFO - Вызвана страница списка людей
2024-09-09 14:14:51,254 - INFO - Вызвана страница списка людей
2024-09-09 14:14:56,317 - INFO - Вызвана страница списка людей
2024-09-09 14:15:01,386 - INFO - Вызвана страница списка людей
2024-09-09 14:15:06,432 - INFO - Вызвана страница списка людей
2024-09-09 14:15:11,526 - INFO - Вызвана страница списка людей
2024-09-09 14:15:16,566 - INFO - Вызвана страница списка людей
2024-09-09 14:15:21,629 - INFO - Вызвана страница списка людей
2024-09-09 14:15:26,678 - INFO - Вызвана страница списка людей
2024-09-09 14:15:31,732 - INFO - Вызвана страница списка людей
2024-09-09 14:15:36,785 - INFO - Вызвана страница списка людей
2024-09-09 14:15:41,833 - INFO - Вызвана страница списка людей
2024-09-09 14:15:46,878 - INFO - Вызвана страница списка людей
2024-09-09 14:15:51,935 - INFO - Вызвана страница списка людей
2024-09-09 14:15:56,985 - INFO - Вызвана страница списка людей
2024-09-09 14:16:02,039 - INFO - Вызвана страница списка людей
2024-09-09 14:16:07,091 - INFO - Вызвана страница списка людей
2024-09-09 14:16:12,149 - INFO - Вызвана страница списка людей
2024-09-09 14:16:17,196 - INFO - Вызвана страница списка людей
2024-09-09 14:16:22,246 - INFO - Вызвана страница списка людей
2024-09-09 14:16:27,308 - INFO - Вызвана страница списка людей
2024-09-09 14:16:32,362 - INFO - Вызвана страница списка людей
2024-09-09 14:16:37,408 - INFO - Вызвана страница списка людей
2024-09-09 14:16:42,461 - INFO - Вызвана страница списка людей
2024-09-09 14:16:47,489 - INFO - Вызвана страница списка людей
2024-09-09 14:16:52,537 - INFO - Вызвана страница списка людей
2024-09-09 14:16:57,590 - INFO - Вызвана страница списка людей
2024-09-09 14:17:02,638 - INFO - Вызвана страница списка людей
2024-09-09 14:17:07,694 - INFO - Вызвана страница списка людей
2024-09-09 14:17:12,748 - INFO - Вызвана страница списка людей
2024-09-09 14:17:17,796 - INFO - Вызвана страница списка людей
2024-09-09 14:17:22,847 - INFO - Вызвана страница списка людей
2024-09-09 14:17:27,919 - INFO - Вызвана страница списка людей
2024-09-09 14:17:32,988 - INFO - Вызвана страница списка людей
2024-09-09 14:17:38,036 - INFO - Вызвана страница списка людей
2024-09-09 14:17:43,098 - INFO - Вызвана страница списка людей
2024-09-09 14:17:48,148 - INFO - Вызвана страница списка людей
2024-09-09 14:17:53,195 - INFO - Вызвана страница списка людей
2024-09-09 14:17:58,245 - INFO - Вызвана страница списка людей
2024-09-09 14:18:03,304 - INFO - Вызвана страница списка людей
2024-09-09 14:18:08,348 - INFO - Вызвана страница списка людей
2024-09-09 14:18:13,398 - INFO - Вызвана страница списка людей
2024-09-09 14:18:18,445 - INFO - Вызвана страница списка людей
2024-09-09 14:18:23,501 - INFO - Вызвана страница списка людей
2024-09-09 14:18:28,547 - INFO - Вызвана страница списка людей
2024-09-09 14:18:33,600 - INFO - Вызвана страница списка людей
2024-09-09 14:18:38,657 - INFO - Вызвана страница списка людей
2024-09-09 14:18:43,701 - INFO - Вызвана страница списка людей
2024-09-09 14:18:48,744 - INFO - Вызвана страница списка людей
2024-09-09 14:18:53,794 - INFO - Вызвана страница списка людей
2024-09-09 14:18:58,842 - INFO - Вызвана страница списка людей
2024-09-09 14:19:03,885 - INFO - Вызвана страница списка людей
2024-09-09 14:19:08,926 - INFO - Вызвана страница списка людей
2024-09-09 14:19:13,986 - INFO - Вызвана страница списка людей
2024-09-09 14:19:19,027 - INFO - Вызвана страница списка людей
2024-09-09 14:19:24,074 - INFO - Вызвана страница списка людей
2024-09-09 14:19:29,114 - INFO - Вызвана страница списка людей
2024-09-09 14:19:34,163 - INFO - Вызвана страница списка людей
2024-09-09 14:19:39,212 - INFO - Вызвана страница списка людей
2024-09-09 14:19:44,265 - INFO - Вызвана страница списка людей
2024-09-09 14:19:49,310 - INFO - Вызвана страница списка людей
2024-09-09 14:19:54,364 - INFO - Вызвана страница списка людей
2024-09-09 14:19:59,414 - INFO - Вызвана страница списка людей
2024-09-09 14:20:04,465 - INFO - Вызвана страница списка людей
2024-09-09 14:20:09,526 - INFO - Вызвана страница списка людей
2024-09-09 14:20:14,587 - INFO - Вызвана страница списка людей
2024-09-09 14:20:19,637 - INFO - Вызвана страница списка людей
2024-09-09 14:20:24,681 - INFO - Вызвана страница списка людей
2024-09-09 14:20:29,729 - INFO - Вызвана страница списка людей
2024-09-09 14:20:34,780 - INFO - Вызвана страница списка людей
2024-09-09 14:20:39,821 - INFO - Вызвана страница списка людей
2024-09-09 14:20:44,849 - INFO - Вызвана страница списка людей
2024-09-09 14:20:49,886 - INFO - Вызвана страница списка людей
2024-09-09 14:20:54,945 - INFO - Вызвана страница списка людей
2024-09-09 14:20:59,994 - INFO - Вызвана страница списка людей
2024-09-09 14:21:05,033 - INFO - Вызвана страница списка людей
2024-09-09 14:21:10,091 - INFO - Вызвана страница списка людей
2024-09-09 14:21:15,144 - INFO - Вызвана страница списка людей
2024-09-09 14:21:20,175 - INFO - Вызвана страница списка людей
2024-09-09 14:21:25,227 - INFO - Вызвана страница списка людей
2024-09-09 14:21:30,282 - INFO - Вызвана страница списка людей
2024-09-09 14:21:35,328 - INFO - Вызвана страница списка людей
2024-09-09 14:21:40,365 - INFO - Вызвана страница списка людей
2024-09-09 14:21:45,419 - INFO - Вызвана страница списка людей
2024-09-09 14:21:50,471 - INFO - Вызвана страница списка людей
2024-09-09 14:21:55,515 - INFO - Вызвана страница списка людей
2024-09-09 14:22:00,569 - INFO - Вызвана страница списка людей
2024-09-09 14:22:05,619 - INFO - Вызвана страница списка людей
2024-09-09 14:22:10,703 - INFO - Вызвана страница списка людей
2024-09-09 14:22:15,759 - INFO - Вызвана страница списка людей
2024-09-09 14:22:20,813 - INFO - Вызвана страница списка людей
2024-09-09 14:22:25,862 - INFO - Вызвана страница списка людей
2024-09-09 14:22:30,903 - INFO - Вызвана страница списка людей
2024-09-09 14:22:35,956 - INFO - Вызвана страница списка людей
2024-09-09 14:22:41,009 - INFO - Вызвана страница списка людей
2024-09-09 14:22:46,056 - INFO - Вызвана страница списка людей
2024-09-09 14:22:51,102 - INFO - Вызвана страница списка людей
2024-09-09 14:22:56,165 - INFO - Вызвана страница списка людей
2024-09-09 14:23:01,215 - INFO - Вызвана страница списка людей
2024-09-09 14:23:06,270 - INFO - Вызвана страница списка людей
2024-09-09 14:23:11,359 - INFO - Вызвана страница списка людей
2024-09-09 14:23:16,405 - INFO - Вызвана страница списка людей
2024-09-09 14:23:21,446 - INFO - Вызвана страница списка людей
2024-09-09 14:23:26,501 - INFO - Вызвана страница списка людей
2024-09-09 14:23:31,561 - INFO - Вызвана страница списка людей
2024-09-09 14:23:36,603 - INFO - Вызвана страница списка людей
2024-09-09 14:23:41,653 - INFO - Вызвана страница списка людей
2024-09-09 14:23:46,695 - INFO - Вызвана страница списка людей
2024-09-09 14:23:51,742 - INFO - Вызвана страница списка людей
2024-09-09 14:23:56,798 - INFO - Вызвана страница списка людей
2024-09-09 14:24:01,849 - INFO - Вызвана страница списка людей
2024-09-09 14:24:06,908 - INFO - Вызвана страница списка людей
2024-09-09 14:24:11,965 - INFO - Вызвана страница списка людей
2024-09-09 14:24:17,022 - INFO - Вызвана страница списка людей
2024-09-09 14:24:22,064 - INFO - Вызвана страница списка людей
2024-09-09 14:24:27,105 - INFO - Вызвана страница списка людей
2024-09-09 14:24:32,163 - INFO - Вызвана страница списка людей
2024-09-09 14:24:37,218 - INFO - Вызвана страница списка людей
2024-09-09 14:24:42,274 - INFO - Вызвана страница списка людей
2024-09-09 14:24:47,323 - INFO - Вызвана страница списка людей
2024-09-09 14:24:52,379 - INFO - Вызвана страница списка людей
2024-09-09 14:24:57,431 - INFO - Вызвана страница списка людей
2024-09-09 14:25:02,470 - INFO - Вызвана страница списка людей
2024-09-09 14:25:07,517 - INFO - Вызвана страница списка людей
2024-09-09 14:25:12,578 - INFO - Вызвана страница списка людей
2024-09-09 14:25:17,625 - INFO - Вызвана страница списка людей
2024-09-09 14:25:22,680 - INFO - Вызвана страница списка людей
2024-09-09 14:25:27,739 - INFO - Вызвана страница списка людей
2024-09-09 14:25:32,789 - INFO - Вызвана страница списка людей
2024-09-09 14:25:37,837 - INFO - Вызвана страница списка людей
2024-09-09 14:25:42,895 - INFO - Вызвана страница списка людей
2024-09-09 14:25:47,947 - INFO - Вызвана страница списка людей
2024-09-09 14:25:52,992 - INFO - Вызвана страница списка людей
2024-09-09 14:25:58,034 - INFO - Вызвана страница списка людей
2024-09-09 14:26:03,090 - INFO - Вызвана страница списка людей
2024-09-09 14:26:08,142 - INFO - Вызвана страница списка людей
2024-09-09 14:26:13,192 - INFO - Вызвана страница списка людей
2024-09-09 14:26:18,248 - INFO - Вызвана страница списка людей
2024-09-09 14:26:23,291 - INFO - Вызвана страница списка людей
2024-09-09 14:26:28,334 - INFO - Вызвана страница списка людей
2024-09-09 14:26:33,386 - INFO - Вызвана страница списка людей
2024-09-09 14:26:38,435 - INFO - Вызвана страница списка людей
2024-09-09 14:26:43,475 - INFO - Вызвана страница списка людей
2024-09-09 14:26:48,524 - INFO - Вызвана страница списка людей
2024-09-09 14:26:53,567 - INFO - Вызвана страница списка людей
2024-09-09 14:26:58,617 - INFO - Вызвана страница списка людей
2024-09-09 14:27:03,661 - INFO - Вызвана страница списка людей
2024-09-09 14:27:08,714 - INFO - Вызвана страница списка людей
2024-09-09 14:27:13,759 - INFO - Вызвана страница списка людей
2024-09-09 14:27:18,805 - INFO - Вызвана страница списка людей
2024-09-09 14:27:23,855 - INFO - Вызвана страница списка людей
2024-09-09 14:27:28,900 - INFO - Вызвана страница списка людей
2024-09-09 14:27:33,947 - INFO - Вызвана страница списка людей
2024-09-09 14:27:39,000 - INFO - Вызвана страница списка людей
2024-09-09 14:27:44,053 - INFO - Вызвана страница списка людей
2024-09-09 14:27:49,109 - INFO - Вызвана страница списка людей
2024-09-09 14:27:54,171 - INFO - Вызвана страница списка людей
2024-09-09 14:27:59,227 - INFO - Вызвана страница списка людей
2024-09-09 14:28:04,285 - INFO - Вызвана страница списка людей
2024-09-09 14:28:09,341 - INFO - Вызвана страница списка людей
2024-09-09 14:28:14,403 - INFO - Вызвана страница списка людей
2024-09-09 14:28:19,459 - INFO - Вызвана страница списка людей
2024-09-09 14:28:24,509 - INFO - Вызвана страница списка людей
2024-09-09 14:28:29,576 - INFO - Вызвана страница списка людей
2024-09-09 14:28:34,629 - INFO - Вызвана страница списка людей
2024-09-09 14:28:39,681 - INFO - Вызвана страница списка людей
2024-09-09 14:28:44,723 - INFO - Вызвана страница списка людей
2024-09-09 14:28:49,773 - INFO - Вызвана страница списка людей
2024-09-09 14:28:54,825 - INFO - Вызвана страница списка людей
2024-09-09 14:28:59,874 - INFO - Вызвана страница списка людей
2024-09-09 14:29:04,924 - INFO - Вызвана страница списка людей
2024-09-09 14:29:09,988 - INFO - Вызвана страница списка людей
2024-09-09 14:29:15,039 - INFO - Вызвана страница списка людей
2024-09-09 14:29:20,093 - INFO - Вызвана страница списка людей
2024-09-09 14:29:25,137 - INFO - Вызвана страница списка людей
2024-09-09 14:29:30,186 - INFO - Вызвана страница списка людей
2024-09-09 14:29:35,242 - INFO - Вызвана страница списка людей
2024-09-09 14:29:40,283 - INFO - Вызвана страница списка людей
2024-09-09 14:29:45,339 - INFO - Вызвана страница списка людей
2024-09-09 14:29:50,395 - INFO - Вызвана страница списка людей
2024-09-09 14:29:55,447 - INFO - Вызвана страница списка людей
2024-09-09 14:30:00,498 - INFO - Вызвана страница списка людей
2024-09-09 14:30:05,535 - INFO - Вызвана страница списка людей
2024-09-09 14:30:10,619 - INFO - Вызвана страница списка людей
2024-09-09 14:30:15,668 - INFO - Вызвана страница списка людей
2024-09-09 14:30:20,721 - INFO - Вызвана страница списка людей
2024-09-09 14:30:25,774 - INFO - Вызвана страница списка людей
2024-09-09 14:30:30,823 - INFO - Вызвана страница списка людей
2024-09-09 14:30:35,869 - INFO - Вызвана страница списка людей
2024-09-09 14:30:40,921 - INFO - Вызвана страница списка людей
2024-09-09 14:30:45,967 - INFO - Вызвана страница списка людей
2024-09-09 14:30:51,030 - INFO - Вызвана страница списка людей
2024-09-09 14:30:56,076 - INFO - Вызвана страница списка людей
2024-09-09 14:31:01,121 - INFO - Вызвана страница списка людей
2024-09-09 14:31:06,166 - INFO - Вызвана страница списка людей
2024-09-09 14:31:11,252 - INFO - Вызвана страница списка людей
2024-09-09 14:31:16,301 - INFO - Вызвана страница списка людей
2024-09-09 14:31:21,347 - INFO - Вызвана страница списка людей
2024-09-09 14:31:26,393 - INFO - Вызвана страница списка людей
2024-09-09 14:31:31,443 - INFO - Вызвана страница списка людей
2024-09-09 14:31:36,507 - INFO - Вызвана страница списка людей
2024-09-09 14:31:41,558 - INFO - Вызвана страница списка людей
2024-09-09 14:31:46,604 - INFO - Вызвана страница списка людей
2024-09-09 14:31:51,647 - INFO - Вызвана страница списка людей
2024-09-09 14:31:56,700 - INFO - Вызвана страница списка людей
2024-09-09 14:32:01,754 - INFO - Вызвана страница списка людей
2024-09-09 14:32:06,796 - INFO - Вызвана страница списка людей
2024-09-09 14:32:11,843 - INFO - Вызвана страница списка людей
2024-09-09 14:32:16,904 - INFO - Вызвана страница списка людей
2024-09-09 14:32:21,963 - INFO - Вызвана страница списка людей
2024-09-09 14:32:27,011 - INFO - Вызвана страница списка людей
2024-09-09 14:32:32,054 - INFO - Вызвана страница списка людей
2024-09-09 14:32:37,101 - INFO - Вызвана страница списка людей
2024-09-09 14:32:42,148 - INFO - Вызвана страница списка людей
2024-09-09 14:32:47,200 - INFO - Вызвана страница списка людей
2024-09-09 14:46:31,685 - INFO - Вызвана страница списка людей
2024-09-09 14:46:36,830 - INFO - Вызвана страница списка людей
2024-09-09 14:46:41,886 - INFO - Вызвана страница списка людей
2024-09-09 14:46:46,929 - INFO - Вызвана страница списка людей
2024-09-09 14:46:51,973 - INFO - Вызвана страница списка людей
2024-09-09 14:46:57,020 - INFO - Вызвана страница списка людей
2024-09-09 14:47:02,070 - INFO - Вызвана страница списка людей
2024-09-09 14:47:07,114 - INFO - Вызвана страница списка людей
2024-09-09 14:47:12,171 - INFO - Вызвана страница списка людей
2024-09-09 14:47:17,222 - INFO - Вызвана страница списка людей
2024-09-09 14:47:22,275 - INFO - Вызвана страница списка людей
2024-09-09 14:47:27,329 - INFO - Вызвана страница списка людей
2024-09-09 14:47:32,372 - INFO - Вызвана страница списка людей
2024-09-09 14:47:37,424 - INFO - Вызвана страница списка людей
2024-09-09 14:47:42,468 - INFO - Вызвана страница списка людей
2024-09-09 14:47:47,510 - INFO - Вызвана страница списка людей
2024-09-09 14:47:52,558 - INFO - Вызвана страница списка людей
2024-09-09 14:47:57,608 - INFO - Вызвана страница списка людей
2024-09-09 14:48:02,663 - INFO - Вызвана страница списка людей
2024-09-09 14:48:07,707 - INFO - Вызвана страница списка людей
2024-09-09 14:48:12,756 - INFO - Вызвана страница списка людей
2024-09-09 14:48:17,804 - INFO - Вызвана страница списка людей
2024-09-09 14:48:22,855 - INFO - Вызвана страница списка людей
2024-09-09 14:48:27,903 - INFO - Вызвана страница списка людей
2024-09-09 14:48:32,960 - INFO - Вызвана страница списка людей
2024-09-09 14:48:38,009 - INFO - Вызвана страница списка людей
2024-09-09 14:48:43,058 - INFO - Вызвана страница списка людей
2024-09-09 14:48:48,104 - INFO - Вызвана страница списка людей
2024-09-09 14:48:53,151 - INFO - Вызвана страница списка людей
2024-09-09 14:48:58,204 - INFO - Вызвана страница списка людей
2024-09-09 14:49:03,259 - INFO - Вызвана страница списка людей
2024-09-09 14:49:08,315 - INFO - Вызвана страница списка людей
2024-09-09 14:49:13,372 - INFO - Вызвана страница списка людей
2024-09-09 14:49:18,417 - INFO - Вызвана страница списка людей
2024-09-09 14:49:23,462 - INFO - Вызвана страница списка людей
2024-09-09 14:49:28,513 - INFO - Вызвана страница списка людей
2024-09-09 14:49:33,574 - INFO - Вызвана страница списка людей
2024-09-09 14:49:38,629 - INFO - Вызвана страница списка людей
2024-09-09 14:49:43,670 - INFO - Вызвана страница списка людей
2024-09-09 14:49:48,720 - INFO - Вызвана страница списка людей
2024-09-09 14:49:53,774 - INFO - Вызвана страница списка людей
2024-09-09 14:49:58,830 - INFO - Вызвана страница списка людей
2024-09-09 14:50:03,879 - INFO - Вызвана страница списка людей
2024-09-09 14:50:08,922 - INFO - Вызвана страница списка людей
2024-09-09 14:50:13,968 - INFO - Вызвана страница списка людей
2024-09-09 14:50:19,023 - INFO - Вызвана страница списка людей
2024-09-09 14:50:24,065 - INFO - Вызвана страница списка людей
2024-09-09 14:50:29,113 - INFO - Вызвана страница списка людей
2024-09-09 14:50:34,173 - INFO - Вызвана страница списка людей
2024-09-09 14:50:39,229 - INFO - Вызвана страница списка людей
2024-09-09 14:50:44,276 - INFO - Вызвана страница списка людей
2024-09-09 14:50:49,334 - INFO - Вызвана страница списка людей
2024-09-09 14:50:54,390 - INFO - Вызвана страница списка людей
2024-09-09 14:50:59,448 - INFO - Вызвана страница списка людей
2024-09-09 14:51:04,510 - INFO - Вызвана страница списка людей
2024-09-09 14:51:09,552 - INFO - Вызвана страница списка людей
2024-09-09 14:51:14,605 - INFO - Вызвана страница списка людей
2024-09-09 14:51:19,663 - INFO - Вызвана страница списка людей
2024-09-09 14:51:24,723 - INFO - Вызвана страница списка людей
2024-09-09 14:51:29,778 - INFO - Вызвана страница списка людей
2024-09-09 14:51:34,825 - INFO - Вызвана страница списка людей
2024-09-09 14:51:39,875 - INFO - Вызвана страница списка людей
2024-09-09 14:51:44,933 - INFO - Вызвана страница списка людей
2024-09-09 14:51:49,989 - INFO - Вызвана страница списка людей
2024-09-09 14:51:55,037 - INFO - Вызвана страница списка людей
2024-09-09 14:52:00,104 - INFO - Вызвана страница списка людей
2024-09-09 14:52:05,157 - INFO - Вызвана страница списка людей
2024-09-09 14:52:10,206 - INFO - Вызвана страница списка людей
2024-09-09 14:52:15,259 - INFO - Вызвана страница списка людей
2024-09-09 14:52:20,312 - INFO - Вызвана страница списка людей
2024-09-09 14:52:25,357 - INFO - Вызвана страница списка людей
2024-09-09 14:52:30,405 - INFO - Вызвана страница списка людей
2024-09-09 14:52:35,462 - INFO - Вызвана страница списка людей
2024-09-09 14:52:40,517 - INFO - Вызвана страница списка людей
2024-09-09 14:52:45,572 - INFO - Вызвана страница списка людей
2024-09-09 14:52:50,629 - INFO - Вызвана страница списка людей
2024-09-09 14:52:55,690 - INFO - Вызвана страница списка людей
2024-09-09 14:53:00,733 - INFO - Вызвана страница списка людей
2024-09-09 14:53:05,780 - INFO - Вызвана страница списка людей
2024-09-09 14:53:10,823 - INFO - Вызвана страница списка людей
2024-09-09 14:53:15,872 - INFO - Вызвана страница списка людей
2024-09-09 14:53:20,923 - INFO - Вызвана страница списка людей
2024-09-09 14:53:25,972 - INFO - Вызвана страница списка людей
2024-09-09 14:53:31,013 - INFO - Вызвана страница списка людей
2024-09-09 14:53:36,064 - INFO - Вызвана страница списка людей
2024-09-09 14:53:41,162 - INFO - Вызвана страница списка людей
2024-09-09 14:53:46,206 - INFO - Вызвана страница списка людей
2024-09-09 14:53:51,254 - INFO - Вызвана страница списка людей
2024-09-09 14:53:56,319 - INFO - Вызвана страница списка людей
2024-09-09 14:54:01,368 - INFO - Вызвана страница списка людей
2024-09-09 14:54:06,419 - INFO - Вызвана страница списка людей
2024-09-09 14:54:11,470 - INFO - Вызвана страница списка людей
2024-09-09 14:54:16,516 - INFO - Вызвана страница списка людей
2024-09-09 14:54:21,568 - INFO - Вызвана страница списка людей
2024-09-09 14:54:26,617 - INFO - Вызвана страница списка людей
2024-09-09 14:54:31,666 - INFO - Вызвана страница списка людей
2024-09-09 14:54:36,708 - INFO - Вызвана страница списка людей
2024-09-09 14:54:41,789 - INFO - Вызвана страница списка людей
2024-09-09 14:54:46,842 - INFO - Вызвана страница списка людей
2024-09-09 14:54:51,885 - INFO - Вызвана страница списка людей
2024-09-09 14:54:56,925 - INFO - Вызвана страница списка людей
2024-09-09 14:55:01,973 - INFO - Вызвана страница списка людей
2024-09-09 14:55:07,016 - INFO - Вызвана страница списка людей
2024-09-09 14:55:12,068 - INFO - Вызвана страница списка людей
2024-09-09 14:55:17,121 - INFO - Вызвана страница списка людей
2024-09-09 14:55:22,165 - INFO - Вызвана страница списка людей
2024-09-09 14:55:27,215 - INFO - Вызвана страница списка людей
2024-09-09 14:55:32,255 - INFO - Вызвана страница списка людей
2024-09-09 14:55:37,289 - INFO - Вызвана страница списка людей
2024-09-09 14:55:42,338 - INFO - Вызвана страница списка людей
2024-09-09 14:55:47,386 - INFO - Вызвана страница списка людей
2024-09-09 14:55:52,443 - INFO - Вызвана страница списка людей
2024-09-09 14:55:57,476 - INFO - Вызвана страница списка людей
2024-09-09 14:56:02,523 - INFO - Вызвана страница списка людей
2024-09-09 14:56:07,578 - INFO - Вызвана страница списка людей
2024-09-09 14:56:12,630 - INFO - Вызвана страница списка людей
2024-09-09 14:56:17,672 - INFO - Вызвана страница списка людей
2024-09-09 14:56:22,719 - INFO - Вызвана страница списка людей
2024-09-09 14:56:27,767 - INFO - Вызвана страница списка людей
2024-09-09 14:56:32,803 - INFO - Вызвана страница списка людей
2024-09-09 14:56:37,840 - INFO - Вызвана страница списка людей
2024-09-09 14:56:42,884 - INFO - Вызвана страница списка людей
2024-09-09 14:56:47,935 - INFO - Вызвана страница списка людей
2024-09-09 14:56:52,975 - INFO - Вызвана страница списка людей
2024-09-09 14:56:58,016 - INFO - Вызвана страница списка людей
2024-09-09 14:57:03,056 - INFO - Вызвана страница списка людей
2024-09-09 14:57:08,095 - INFO - Вызвана страница списка людей
2024-09-09 14:57:13,141 - INFO - Вызвана страница списка людей
2024-09-09 14:57:18,180 - INFO - Вызвана страница списка людей
2024-09-09 14:57:23,231 - INFO - Вызвана страница списка людей
2024-09-09 14:57:28,274 - INFO - Вызвана страница списка людей
2024-09-09 14:57:33,321 - INFO - Вызвана страница списка людей
2024-09-09 14:57:38,354 - INFO - Вызвана страница списка людей
2024-09-09 14:57:43,390 - INFO - Вызвана страница списка людей
2024-09-09 14:57:48,437 - INFO - Вызвана страница списка людей
2024-09-09 14:57:53,529 - INFO - Вызвана страница списка людей
2024-09-09 14:57:58,586 - INFO - Вызвана страница списка людей
2024-09-09 14:58:03,631 - INFO - Вызвана страница списка людей
2024-09-09 14:58:08,677 - INFO - Вызвана страница списка людей
2024-09-09 14:58:13,725 - INFO - Вызвана страница списка людей
2024-09-09 14:58:18,768 - INFO - Вызвана страница списка людей
2024-09-09 14:58:23,810 - INFO - Вызвана страница списка людей
2024-09-09 14:58:28,867 - INFO - Вызвана страница списка людей
2024-09-09 14:58:33,918 - INFO - Вызвана страница списка людей
2024-09-09 14:58:38,995 - INFO - Вызвана страница списка людей
2024-09-09 14:58:44,043 - INFO - Вызвана страница списка людей
2024-09-09 14:58:49,094 - INFO - Вызвана страница списка людей
2024-09-09 14:58:54,144 - INFO - Вызвана страница списка людей
2024-09-09 14:58:59,187 - INFO - Вызвана страница списка людей
2024-09-09 14:59:04,233 - INFO - Вызвана страница списка людей
2024-09-09 14:59:09,279 - INFO - Вызвана страница списка людей
2024-09-09 14:59:14,319 - INFO - Вызвана страница списка людей
2024-09-09 14:59:19,369 - INFO - Вызвана страница списка людей
2024-09-09 14:59:24,417 - INFO - Вызвана страница списка людей
2024-09-09 14:59:29,457 - INFO - Вызвана страница списка людей
2024-09-09 14:59:34,509 - INFO - Вызвана страница списка людей
2024-09-09 14:59:39,562 - INFO - Вызвана страница списка людей
2024-09-09 14:59:44,612 - INFO - Вызвана страница списка людей
2024-09-09 14:59:49,658 - INFO - Вызвана страница списка людей
2024-09-09 14:59:54,698 - INFO - Вызвана страница списка людей
2024-09-09 14:59:59,742 - INFO - Вызвана страница списка людей
2024-09-09 15:00:04,780 - INFO - Вызвана страница списка людей
2024-09-09 15:00:09,826 - INFO - Вызвана страница списка людей
2024-09-09 15:00:14,872 - INFO - Вызвана страница списка людей
2024-09-09 15:00:19,930 - INFO - Вызвана страница списка людей
2024-09-09 15:00:24,986 - INFO - Вызвана страница списка людей
2024-09-09 15:00:30,024 - INFO - Вызвана страница списка людей
2024-09-09 15:00:35,067 - INFO - Вызвана страница списка людей
2024-09-09 15:00:40,116 - INFO - Вызвана страница списка людей
2024-09-09 15:00:45,153 - INFO - Вызвана страница списка людей
2024-09-09 15:00:50,199 - INFO - Вызвана страница списка людей
2024-09-09 15:00:55,247 - INFO - Вызвана страница списка людей
2024-09-09 15:01:00,298 - INFO - Вызвана страница списка людей
2024-09-09 15:01:05,347 - INFO - Вызвана страница списка людей
2024-09-09 15:01:10,399 - INFO - Вызвана страница списка людей
2024-09-09 15:01:15,442 - INFO - Вызвана страница списка людей
2024-09-09 15:01:20,492 - INFO - Вызвана страница списка людей
2024-09-09 15:01:25,583 - INFO - Вызвана страница списка людей
2024-09-09 15:01:30,629 - INFO - Вызвана страница списка людей
2024-09-09 15:01:35,688 - INFO - Вызвана страница списка людей
2024-09-09 15:01:40,720 - INFO - Вызвана страница списка людей
2024-09-09 15:01:45,764 - INFO - Вызвана страница списка людей
2024-09-09 15:01:50,820 - INFO - Вызвана страница списка людей
2024-09-09 15:01:55,862 - INFO - Вызвана страница списка людей
2024-09-09 15:02:00,907 - INFO - Вызвана страница списка людей
2024-09-09 15:02:05,966 - INFO - Вызвана страница списка людей
2024-09-09 15:02:11,013 - INFO - Вызвана страница списка людей
2024-09-09 15:02:16,061 - INFO - Вызвана страница списка людей
2024-09-09 15:02:21,102 - INFO - Вызвана страница списка людей
2024-09-09 15:02:26,152 - INFO - Вызвана страница списка людей
2024-09-09 15:02:31,194 - INFO - Вызвана страница списка людей
2024-09-09 15:02:36,245 - INFO - Вызвана страница списка людей
2024-09-09 15:02:41,292 - INFO - Вызвана страница списка людей
2024-09-09 15:02:46,341 - INFO - Вызвана страница списка людей
2024-09-09 15:02:51,385 - INFO - Вызвана страница списка людей
2024-09-09 15:02:56,431 - INFO - Вызвана страница списка людей
2024-09-09 15:03:01,483 - INFO - Вызвана страница списка людей
2024-09-09 15:03:06,529 - INFO - Вызвана страница списка людей
2024-09-09 15:03:11,574 - INFO - Вызвана страница списка людей
2024-09-09 15:03:16,622 - INFO - Вызвана страница списка людей
2024-09-09 15:03:21,668 - INFO - Вызвана страница списка людей
2024-09-09 15:03:26,719 - INFO - Вызвана страница списка людей
2024-09-09 15:03:31,761 - INFO - Вызвана страница списка людей
2024-09-09 15:03:36,798 - INFO - Вызвана страница списка людей
2024-09-09 15:03:41,857 - INFO - Вызвана страница списка людей
2024-09-09 15:03:46,904 - INFO - Вызвана страница списка людей
2024-09-09 15:03:51,943 - INFO - Вызвана страница списка людей
2024-09-09 15:03:56,991 - INFO - Вызвана страница списка людей
2024-09-09 15:04:02,039 - INFO - Вызвана страница списка людей
2024-09-09 15:04:07,083 - INFO - Вызвана страница списка людей
2024-09-09 15:04:12,118 - INFO - Вызвана страница списка людей
2024-09-09 15:04:17,158 - INFO - Вызвана страница списка людей
2024-09-09 15:04:22,232 - INFO - Вызвана страница списка людей
2024-09-09 15:04:27,272 - INFO - Вызвана страница списка людей
2024-09-09 15:04:32,379 - INFO - Вызвана страница списка людей
2024-09-09 15:04:37,427 - INFO - Вызвана страница списка людей
2024-09-09 15:04:42,464 - INFO - Вызвана страница списка людей
2024-09-09 15:04:47,501 - INFO - Вызвана страница списка людей
2024-09-09 15:04:52,541 - INFO - Вызвана страница списка людей
2024-09-09 15:04:57,586 - INFO - Вызвана страница списка людей
2024-09-09 15:05:02,632 - INFO - Вызвана страница списка людей
2024-09-09 15:05:07,674 - INFO - Вызвана страница списка людей
2024-09-09 15:05:12,714 - INFO - Вызвана страница списка людей
2024-09-09 15:05:17,752 - INFO - Вызвана страница списка людей
2024-09-09 15:05:22,802 - INFO - Вызвана страница списка людей
2024-09-09 15:05:27,845 - INFO - Вызвана страница списка людей
2024-09-09 15:05:32,895 - INFO - Вызвана страница списка людей
2024-09-09 15:05:37,941 - INFO - Вызвана страница списка людей
2024-09-09 15:05:42,988 - INFO - Вызвана страница списка людей
2024-09-09 15:05:48,037 - INFO - Вызвана страница списка людей
2024-09-09 15:05:53,117 - INFO - Вызвана страница списка людей
2024-09-09 15:05:58,166 - INFO - Вызвана страница списка людей
2024-09-09 15:06:03,209 - INFO - Вызвана страница списка людей
2024-09-09 15:06:08,286 - INFO - Вызвана страница списка людей
2024-09-09 15:06:13,330 - INFO - Вызвана страница списка людей
2024-09-09 15:06:18,385 - INFO - Вызвана страница списка людей
2024-09-09 15:06:23,444 - INFO - Вызвана страница списка людей
2024-09-09 15:06:28,498 - INFO - Вызвана страница списка людей
2024-09-09 15:06:33,544 - INFO - Вызвана страница списка людей
2024-09-09 15:06:38,593 - INFO - Вызвана страница списка людей
2024-09-09 15:06:43,642 - INFO - Вызвана страница списка людей
2024-09-09 15:06:48,681 - INFO - Вызвана страница списка людей
2024-09-09 15:06:53,723 - INFO - Вызвана страница списка людей
2024-09-09 15:06:58,772 - INFO - Вызвана страница списка людей
2024-09-09 15:07:03,818 - INFO - Вызвана страница списка людей
2024-09-09 15:07:08,900 - INFO - Вызвана страница списка людей
2024-09-09 15:07:13,952 - INFO - Вызвана страница списка людей
2024-09-09 15:07:19,007 - INFO - Вызвана страница списка людей
2024-09-09 15:07:24,053 - INFO - Вызвана страница списка людей
2024-09-09 15:07:29,095 - INFO - Вызвана страница списка людей
2024-09-09 15:07:34,152 - INFO - Вызвана страница списка людей
2024-09-09 15:07:39,199 - INFO - Вызвана страница списка людей
2024-09-09 15:07:44,241 - INFO - Вызвана страница списка людей
2024-09-09 15:07:49,291 - INFO - Вызвана страница списка людей
2024-09-09 15:07:54,336 - INFO - Вызвана страница списка людей
2024-09-09 15:07:59,389 - INFO - Вызвана страница списка людей
2024-09-09 15:08:04,440 - INFO - Вызвана страница списка людей
2024-09-09 15:08:09,489 - INFO - Вызвана страница списка людей
2024-09-09 15:08:14,530 - INFO - Вызвана страница списка людей
2024-09-09 15:08:19,573 - INFO - Вызвана страница списка людей
2024-09-09 15:08:24,623 - INFO - Вызвана страница списка людей
2024-09-09 15:08:29,667 - INFO - Вызвана страница списка людей
2024-09-09 15:08:34,715 - INFO - Вызвана страница списка людей
2024-09-09 15:08:39,767 - INFO - Вызвана страница списка людей
2024-09-09 15:08:44,817 - INFO - Вызвана страница списка людей
2024-09-09 15:08:49,876 - INFO - Вызвана страница списка людей
2024-09-09 15:08:54,914 - INFO - Вызвана страница списка людей
2024-09-09 15:08:59,960 - INFO - Вызвана страница списка людей
2024-09-09 15:09:05,010 - INFO - Вызвана страница списка людей
2024-09-09 15:09:10,055 - INFO - Вызвана страница списка людей
2024-09-09 15:09:15,096 - INFO - Вызвана страница списка людей
2024-09-09 15:09:20,144 - INFO - Вызвана страница списка людей
2024-09-09 15:09:25,199 - INFO - Вызвана страница списка людей
2024-09-09 15:09:30,240 - INFO - Вызвана страница списка людей
2024-09-09 15:09:35,280 - INFO - Вызвана страница списка людей
2024-09-09 15:09:40,326 - INFO - Вызвана страница списка людей
2024-09-09 15:09:45,371 - INFO - Вызвана страница списка людей
2024-09-09 15:09:50,408 - INFO - Вызвана страница списка людей
2024-09-09 15:09:55,450 - INFO - Вызвана страница списка людей
2024-09-09 15:10:00,499 - INFO - Вызвана страница списка людей
2024-09-09 15:10:05,542 - INFO - Вызвана страница списка людей
2024-09-09 15:10:10,589 - INFO - Вызвана страница списка людей
2024-09-09 15:10:15,630 - INFO - Вызвана страница списка людей
2024-09-09 15:10:20,673 - INFO - Вызвана страница списка людей
2024-09-09 15:10:25,728 - INFO - Вызвана страница списка людей
2024-09-09 15:10:30,779 - INFO - Вызвана страница списка людей
2024-09-09 15:10:35,839 - INFO - Вызвана страница списка людей
2024-09-09 15:10:40,896 - INFO - Вызвана страница списка людей
2024-09-09 15:10:45,938 - INFO - Вызвана страница списка людей
2024-09-09 15:10:50,987 - INFO - Вызвана страница списка людей
2024-09-09 15:10:56,036 - INFO - Вызвана страница списка людей
2024-09-09 15:11:01,078 - INFO - Вызвана страница списка людей
2024-09-09 15:11:06,119 - INFO - Вызвана страница списка людей
2024-09-09 15:11:11,172 - INFO - Вызвана страница списка людей
2024-09-09 15:11:16,211 - INFO - Вызвана страница списка людей
2024-09-09 15:11:21,260 - INFO - Вызвана страница списка людей
2024-09-09 15:11:26,309 - INFO - Вызвана страница списка людей
2024-09-09 15:11:31,356 - INFO - Вызвана страница списка людей
2024-09-09 15:11:36,408 - INFO - Вызвана страница списка людей
2024-09-09 15:11:41,457 - INFO - Вызвана страница списка людей
2024-09-09 15:11:46,501 - INFO - Вызвана страница списка людей
2024-09-09 15:11:51,553 - INFO - Вызвана страница списка людей
2024-09-09 15:11:56,607 - INFO - Вызвана страница списка людей
2024-09-09 15:12:01,642 - INFO - Вызвана страница списка людей
2024-09-09 15:12:06,686 - INFO - Вызвана страница списка людей
2024-09-09 15:12:11,726 - INFO - Вызвана страница списка людей
2024-09-09 15:12:16,773 - INFO - Вызвана страница списка людей
2024-09-09 15:12:21,824 - INFO - Вызвана страница списка людей
2024-09-09 15:12:26,869 - INFO - Вызвана страница списка людей
2024-09-09 15:12:31,902 - INFO - Вызвана страница списка людей
2024-09-09 15:12:36,948 - INFO - Вызвана страница списка людей
2024-09-09 15:12:41,995 - INFO - Вызвана страница списка людей
2024-09-09 15:12:47,040 - INFO - Вызвана страница списка людей
2024-09-09 15:12:52,097 - INFO - Вызвана страница списка людей
2024-09-09 15:12:57,146 - INFO - Вызвана страница списка людей
2024-09-09 15:13:02,194 - INFO - Вызвана страница списка людей
2024-09-09 15:13:07,241 - INFO - Вызвана страница списка людей
2024-09-09 15:13:12,289 - INFO - Вызвана страница списка людей
2024-09-09 15:13:17,333 - INFO - Вызвана страница списка людей
2024-09-09 15:13:22,368 - INFO - Вызвана страница списка людей
2024-09-09 15:13:27,414 - INFO - Вызвана страница списка людей
2024-09-09 19:09:59,930 - INFO - Вызвана главная страница
2024-09-09 19:10:07,244 - INFO - Вызвана главная страница
2024-09-09 19:10:12,488 - INFO - Вызвана главная страница
2024-09-09 19:10:17,728 - INFO - Вызвана главная страница
2024-09-09 19:10:22,981 - INFO - Вызвана главная страница
2024-09-09 19:10:28,256 - INFO - Вызвана главная страница
2024-09-09 19:10:33,521 - INFO - Вызвана главная страница
2024-09-09 19:10:38,766 - INFO - Вызвана главная страница
2024-09-09 19:10:44,225 - INFO - Вызвана главная страница
2024-09-09 19:10:49,510 - INFO - Вызвана главная страница
2024-09-09 19:10:54,775 - INFO - Вызвана главная страница
2024-09-09 19:11:00,007 - INFO - Вызвана главная страница
2024-09-09 19:11:05,273 - INFO - Вызвана главная страница
2024-09-09 19:11:10,575 - INFO - Вызвана главная страница
2024-09-09 19:11:15,874 - INFO - Вызвана главная страница
2024-09-09 19:11:21,367 - INFO - Вызвана главная страница
2024-09-09 19:11:24,171 - INFO - Вызвана главная страница
2024-09-09 19:11:29,495 - INFO - Вызвана главная страница
2024-09-09 19:11:29,730 - INFO - Вызвана главная страница
2024-09-09 19:11:34,088 - INFO - Вызвана главная страница
2024-09-09 19:11:39,336 - INFO - Вызвана главная страница
2024-09-09 19:11:44,616 - INFO - Вызвана главная страница
2024-09-09 19:11:49,911 - INFO - Вызвана главная страница
2024-09-09 19:11:55,476 - INFO - Вызвана главная страница
2024-09-09 19:11:56,185 - INFO - Вызвана главная страница
2024-09-09 19:11:57,153 - INFO - Вызвана главная страница
2024-09-09 19:12:02,488 - INFO - Вызвана главная страница
2024-09-09 19:12:07,791 - INFO - Вызвана главная страница
2024-09-09 19:12:13,153 - INFO - Вызвана главная страница
2024-09-09 19:12:14,129 - INFO - Вызвана главная страница
2024-09-09 19:12:14,610 - INFO - Вызвана главная страница
2024-09-09 19:12:15,040 - INFO - Вызвана главная страница
2024-09-09 19:12:17,693 - INFO - Вызвана главная страница
2024-09-09 19:12:23,027 - INFO - Вызвана главная страница
2024-09-09 19:12:28,315 - INFO - Вызвана главная страница
2024-09-09 19:12:33,714 - INFO - Вызвана главная страница
2024-09-09 19:12:39,043 - INFO - Вызвана главная страница
2024-09-09 19:12:44,344 - INFO - Вызвана главная страница
2024-09-09 19:12:50,189 - INFO - Вызвана главная страница
2024-09-09 19:12:55,455 - INFO - Вызвана главная страница
2024-09-09 19:13:00,741 - INFO - Вызвана главная страница
2024-09-09 19:13:06,031 - INFO - Вызвана главная страница
2024-09-09 19:13:11,267 - INFO - Вызвана главная страница
2024-09-09 19:13:16,565 - INFO - Вызвана главная страница
2024-09-09 19:13:21,898 - INFO - Вызвана главная страница
2024-09-09 19:13:27,150 - INFO - Вызвана главная страница
2024-09-09 19:13:32,475 - INFO - Вызвана главная страница
2024-09-09 19:13:37,765 - INFO - Вызвана главная страница
2024-09-09 19:13:43,058 - INFO - Вызвана главная страница
2024-09-09 19:13:48,318 - INFO - Вызвана главная страница
2024-09-09 19:13:49,786 - INFO - Вызвана страница списка людей
2024-09-09 19:13:53,573 - INFO - Вызвана главная страница
2024-09-09 19:13:58,825 - INFO - Вызвана главная страница
2024-09-09 19:14:04,068 - INFO - Вызвана главная страница
2024-09-09 19:14:09,311 - INFO - Вызвана главная страница
2024-09-09 19:14:14,591 - INFO - Вызвана главная страница
2024-09-09 19:14:19,818 - INFO - Вызвана главная страница
2024-09-09 19:14:25,113 - INFO - Вызвана главная страница
2024-09-09 19:14:30,389 - INFO - Вызвана главная страница
2024-09-09 19:14:35,656 - INFO - Вызвана главная страница
2024-09-09 19:14:41,022 - INFO - Вызвана главная страница
2024-09-09 19:14:46,258 - INFO - Вызвана главная страница
2024-09-09 19:14:51,499 - INFO - Вызвана главная страница
2024-09-09 19:14:56,787 - INFO - Вызвана главная страница
2024-09-09 19:15:02,074 - INFO - Вызвана главная страница
2024-09-09 19:15:07,354 - INFO - Вызвана главная страница
2024-09-09 19:15:12,630 - INFO - Вызвана главная страница
2024-09-09 19:15:17,973 - INFO - Вызвана главная страница
2024-09-09 19:15:23,333 - INFO - Вызвана главная страница
2024-09-09 19:15:28,618 - INFO - Вызвана главная страница
2024-09-09 19:15:33,900 - INFO - Вызвана главная страница
2024-09-09 19:15:39,165 - INFO - Вызвана главная страница
2024-09-09 19:15:44,416 - INFO - Вызвана главная страница
2024-09-09 19:15:49,712 - INFO - Вызвана главная страница
2024-09-09 19:15:54,998 - INFO - Вызвана главная страница
2024-09-09 19:16:00,276 - INFO - Вызвана главная страница
2024-09-09 19:16:05,552 - INFO - Вызвана главная страница
2024-09-09 19:16:10,844 - INFO - Вызвана главная страница
2024-09-09 19:16:16,092 - INFO - Вызвана главная страница
2024-09-09 19:16:21,356 - INFO - Вызвана главная страница
2024-09-09 19:16:26,638 - INFO - Вызвана главная страница
2024-09-09 19:16:31,895 - INFO - Вызвана главная страница
2024-09-09 19:16:37,137 - INFO - Вызвана главная страница
2024-09-09 19:16:42,415 - INFO - Вызвана главная страница
2024-09-09 19:16:47,754 - INFO - Вызвана главная страница
2024-09-09 19:16:53,008 - INFO - Вызвана главная страница
2024-09-09 19:16:58,318 - INFO - Вызвана главная страница
2024-09-09 19:17:03,628 - INFO - Вызвана главная страница
2024-09-09 19:17:08,919 - INFO - Вызвана главная страница
2024-09-09 19:17:14,352 - INFO - Вызвана главная страница
2024-09-09 19:17:19,622 - INFO - Вызвана главная страница
2024-09-09 19:17:24,907 - INFO - Вызвана главная страница
2024-09-09 19:17:30,189 - INFO - Вызвана главная страница
2024-09-09 19:17:35,531 - INFO - Вызвана главная страница
2024-09-09 19:17:41,355 - INFO - Вызвана главная страница
2024-09-09 19:17:46,627 - INFO - Вызвана главная страница
2024-09-09 19:17:51,890 - INFO - Вызвана главная страница
2024-09-09 19:18:16,226 - INFO - Вызвана главная страница
2024-09-09 19:18:21,331 - INFO - Вызвана главная страница
2024-09-09 19:18:26,427 - INFO - Вызвана главная страница
2024-09-09 19:18:31,533 - INFO - Вызвана главная страница
2024-09-09 19:18:36,642 - INFO - Вызвана главная страница
2024-09-09 19:18:41,751 - INFO - Вызвана главная страница
2024-09-09 19:18:46,850 - INFO - Вызвана главная страница
2024-09-09 19:18:51,949 - INFO - Вызвана главная страница
2024-09-09 19:18:57,044 - INFO - Вызвана главная страница
2024-09-09 19:19:02,139 - INFO - Вызвана главная страница
2024-09-09 19:19:07,242 - INFO - Вызвана главная страница
2024-09-09 19:19:12,347 - INFO - Вызвана главная страница
2024-09-09 19:19:17,460 - INFO - Вызвана главная страница
2024-09-09 19:19:23,250 - INFO - Вызвана главная страница
2024-09-09 19:19:29,418 - INFO - Вызвана главная страница
2024-09-09 19:19:35,430 - INFO - Вызвана главная страница
2024-09-09 19:19:40,719 - INFO - Вызвана главная страница
2024-09-09 19:19:46,376 - INFO - Вызвана главная страница
2024-09-09 19:19:51,717 - INFO - Вызвана главная страница
2024-09-09 19:19:57,031 - INFO - Вызвана главная страница
2024-09-09 19:20:02,313 - INFO - Вызвана главная страница
2024-09-09 19:20:07,645 - INFO - Вызвана главная страница
2024-09-09 19:20:13,060 - INFO - Вызвана главная страница
2024-09-09 19:20:18,646 - INFO - Вызвана главная страница
2024-09-09 19:20:24,005 - INFO - Вызвана главная страница
2024-09-09 19:20:29,327 - INFO - Вызвана главная страница
2024-09-09 19:20:34,663 - INFO - Вызвана главная страница
2024-09-09 19:20:39,969 - INFO - Вызвана главная страница
2024-09-09 19:20:45,215 - INFO - Вызвана главная страница
2024-09-09 19:20:50,607 - INFO - Вызвана главная страница
2024-09-09 19:20:55,927 - INFO - Вызвана главная страница
2024-09-09 19:21:01,202 - INFO - Вызвана главная страница
2024-09-09 19:21:06,484 - INFO - Вызвана главная страница
2024-09-09 19:21:11,779 - INFO - Вызвана главная страница
2024-09-09 19:21:17,142 - INFO - Вызвана главная страница
2024-09-09 19:21:22,441 - INFO - Вызвана главная страница
2024-09-09 19:21:27,744 - INFO - Вызвана главная страница
2024-09-09 19:21:33,003 - INFO - Вызвана главная страница
2024-09-09 19:21:38,296 - INFO - Вызвана главная страница
2024-09-09 19:21:44,065 - INFO - Вызвана главная страница
2024-09-09 19:21:49,504 - INFO - Вызвана главная страница
2024-09-09 19:21:54,941 - INFO - Вызвана главная страница
2024-09-09 19:22:00,455 - INFO - Вызвана главная страница
2024-09-09 19:22:05,821 - INFO - Вызвана главная страница
2024-09-09 19:22:11,215 - INFO - Вызвана главная страница
2024-09-09 19:22:16,636 - INFO - Вызвана главная страница
2024-09-09 19:22:21,955 - INFO - Вызвана главная страница
2024-09-09 19:22:27,321 - INFO - Вызвана главная страница
2024-09-09 19:22:32,624 - INFO - Вызвана главная страница
2024-09-09 19:22:37,966 - INFO - Вызвана главная страница
2024-09-09 19:22:43,538 - INFO - Вызвана главная страница
2024-09-09 19:22:48,938 - INFO - Вызвана главная страница
2024-09-09 19:22:54,458 - INFO - Вызвана главная страница
2024-09-09 19:22:59,936 - INFO - Вызвана главная страница
2024-09-09 19:23:05,293 - INFO - Вызвана главная страница
2024-09-09 19:23:10,575 - INFO - Вызвана главная страница
2024-09-09 19:23:15,899 - INFO - Вызвана главная страница
2024-09-09 19:23:21,304 - INFO - Вызвана главная страница
2024-09-09 19:23:26,585 - INFO - Вызвана главная страница
2024-09-09 19:23:31,867 - INFO - Вызвана главная страница
2024-09-09 19:23:37,346 - INFO - Вызвана главная страница
2024-09-09 19:23:42,603 - INFO - Вызвана главная страница
2024-09-09 19:23:47,901 - INFO - Вызвана главная страница
2024-09-09 19:23:53,213 - INFO - Вызвана главная страница
2024-09-09 19:23:58,552 - INFO - Вызвана главная страница
2024-09-09 19:24:03,859 - INFO - Вызвана главная страница
2024-09-09 19:24:09,128 - INFO - Вызвана главная страница
2024-09-09 19:24:14,461 - INFO - Вызвана главная страница
2024-09-09 19:24:19,865 - INFO - Вызвана главная страница
2024-09-09 19:24:25,241 - INFO - Вызвана главная страница
2024-09-09 19:24:30,527 - INFO - Вызвана главная страница
2024-09-09 19:24:35,803 - INFO - Вызвана главная страница
2024-09-09 19:24:41,082 - INFO - Вызвана главная страница
2024-09-09 19:24:46,382 - INFO - Вызвана главная страница
2024-09-09 19:24:51,754 - INFO - Вызвана главная страница
2024-09-09 19:24:57,042 - INFO - Вызвана главная страница
2024-09-09 19:25:02,383 - INFO - Вызвана главная страница
2024-09-09 19:25:07,786 - INFO - Вызвана главная страница
2024-09-09 19:25:13,122 - INFO - Вызвана главная страница
2024-09-09 19:25:18,452 - INFO - Вызвана главная страница
2024-09-09 19:25:23,813 - INFO - Вызвана главная страница
2024-09-09 19:25:29,115 - INFO - Вызвана главная страница
2024-09-09 19:25:34,402 - INFO - Вызвана главная страница
2024-09-09 19:25:40,251 - INFO - Вызвана главная страница
2024-09-09 19:25:45,546 - INFO - Вызвана главная страница
2024-09-09 19:25:50,836 - INFO - Вызвана главная страница
2024-09-09 19:25:50,856 - INFO - Вызвана главная страница
2024-09-09 19:25:56,218 - INFO - Вызвана главная страница
2024-09-09 19:25:56,236 - INFO - Вызвана главная страница
2024-09-09 19:26:01,550 - INFO - Вызвана главная страница
2024-09-09 19:26:01,680 - INFO - Вызвана главная страница
2024-09-09 19:26:07,127 - INFO - Вызвана главная страница
2024-09-09 19:26:07,143 - INFO - Вызвана главная страница
2024-09-09 19:26:12,458 - INFO - Вызвана главная страница
2024-09-09 19:26:12,536 - INFO - Вызвана главная страница
2024-09-09 19:26:17,802 - INFO - Вызвана главная страница
2024-09-09 19:26:17,944 - INFO - Вызвана главная страница
2024-09-09 19:26:23,274 - INFO - Вызвана главная страница
2024-09-09 19:26:23,388 - INFO - Вызвана главная страница
2024-09-09 19:26:28,741 - INFO - Вызвана главная страница
2024-09-09 19:26:34,055 - INFO - Вызвана главная страница
2024-09-09 19:26:39,388 - INFO - Вызвана главная страница
2024-09-09 19:26:46,741 - INFO - Вызвана главная страница
2024-09-09 19:26:52,052 - INFO - Вызвана главная страница
2024-09-09 19:26:57,359 - INFO - Вызвана главная страница
2024-09-09 19:27:02,706 - INFO - Вызвана главная страница
2024-09-09 19:27:08,010 - INFO - Вызвана главная страница
2024-09-09 19:27:13,393 - INFO - Вызвана главная страница
2024-09-09 19:27:19,134 - INFO - Вызвана главная страница
2024-09-09 19:27:24,439 - INFO - Вызвана главная страница
2024-09-09 19:27:29,687 - INFO - Вызвана главная страница
2024-09-09 19:27:35,120 - INFO - Вызвана главная страница
2024-09-09 19:27:40,511 - INFO - Вызвана главная страница
2024-09-09 19:27:45,912 - INFO - Вызвана главная страница
2024-09-09 19:27:51,178 - INFO - Вызвана главная страница
2024-09-09 19:27:56,450 - INFO - Вызвана главная страница
2024-09-09 19:28:01,717 - INFO - Вызвана главная страница
2024-09-09 19:28:07,040 - INFO - Вызвана главная страница
2024-09-09 19:28:12,286 - INFO - Вызвана главная страница
2024-09-09 19:28:17,558 - INFO - Вызвана главная страница
2024-09-09 19:28:22,947 - INFO - Вызвана главная страница
2024-09-09 19:28:28,251 - INFO - Вызвана главная страница
2024-09-09 19:28:33,631 - INFO - Вызвана главная страница
2024-09-09 19:28:38,926 - INFO - Вызвана главная страница
2024-09-09 19:28:44,225 - INFO - Вызвана главная страница
2024-09-09 19:28:49,648 - INFO - Вызвана главная страница
2024-09-09 19:28:54,909 - INFO - Вызвана главная страница
2024-09-09 19:29:00,137 - INFO - Вызвана главная страница
2024-09-09 19:29:05,464 - INFO - Вызвана главная страница
2024-09-09 19:29:10,794 - INFO - Вызвана главная страница
2024-09-09 19:29:16,129 - INFO - Вызвана главная страница
2024-09-09 19:29:21,418 - INFO - Вызвана главная страница
2024-09-09 19:29:26,697 - INFO - Вызвана главная страница
2024-09-09 19:29:32,043 - INFO - Вызвана главная страница
2024-09-09 19:29:37,389 - INFO - Вызвана главная страница
2024-09-09 19:29:42,686 - INFO - Вызвана главная страница
2024-09-09 19:29:47,956 - INFO - Вызвана главная страница
2024-09-09 19:29:53,651 - INFO - Вызвана главная страница
2024-09-09 19:29:59,189 - INFO - Вызвана главная страница
2024-09-09 19:30:04,559 - INFO - Вызвана главная страница
2024-09-09 19:30:09,946 - INFO - Вызвана главная страница
2024-09-09 19:30:15,199 - INFO - Вызвана главная страница
2024-09-09 19:30:20,503 - INFO - Вызвана главная страница
2024-09-09 19:30:25,812 - INFO - Вызвана главная страница
2024-09-09 19:30:31,086 - INFO - Вызвана главная страница
2024-09-09 19:30:36,441 - INFO - Вызвана главная страница
2024-09-09 19:30:41,710 - INFO - Вызвана главная страница
2024-09-09 19:30:47,106 - INFO - Вызвана главная страница
2024-09-09 19:30:52,493 - INFO - Вызвана главная страница
2024-09-09 19:30:57,793 - INFO - Вызвана главная страница
2024-09-09 19:31:03,064 - INFO - Вызвана главная страница
2024-09-09 19:31:08,403 - INFO - Вызвана главная страница
2024-09-09 19:31:13,926 - INFO - Вызвана главная страница
2024-09-09 19:31:19,384 - INFO - Вызвана главная страница
2024-09-09 19:31:24,771 - INFO - Вызвана главная страница
2024-09-09 19:31:30,251 - INFO - Вызвана главная страница
2024-09-09 19:31:35,532 - INFO - Вызвана главная страница
2024-09-09 19:31:41,046 - INFO - Вызвана главная страница
2024-09-09 19:31:46,379 - INFO - Вызвана главная страница
2024-09-09 19:31:51,619 - INFO - Вызвана главная страница
2024-09-09 19:31:56,912 - INFO - Вызвана главная страница
2024-09-09 19:32:02,218 - INFO - Вызвана главная страница
2024-09-09 19:32:07,643 - INFO - Вызвана главная страница
2024-09-09 19:32:12,925 - INFO - Вызвана главная страница
2024-09-09 19:32:18,229 - INFO - Вызвана главная страница
2024-09-09 19:32:23,523 - INFO - Вызвана главная страница
2024-09-09 19:32:28,887 - INFO - Вызвана главная страница
2024-09-09 19:32:34,306 - INFO - Вызвана главная страница
2024-09-09 19:32:39,647 - INFO - Вызвана главная страница
2024-09-09 19:32:45,004 - INFO - Вызвана главная страница
2024-09-09 19:32:50,974 - INFO - Вызвана главная страница
2024-09-09 19:32:56,268 - INFO - Вызвана главная страница
2024-09-09 19:33:01,605 - INFO - Вызвана главная страница
2024-09-09 19:33:06,930 - INFO - Вызвана главная страница
2024-09-09 19:33:12,299 - INFO - Вызвана главная страница
2024-09-09 19:33:17,724 - INFO - Вызвана главная страница
2024-09-09 19:33:23,112 - INFO - Вызвана главная страница
2024-09-09 19:33:28,385 - INFO - Вызвана главная страница
2024-09-09 19:33:33,712 - INFO - Вызвана главная страница
2024-09-09 19:33:38,962 - INFO - Вызвана главная страница
2024-09-09 19:33:44,257 - INFO - Вызвана главная страница
2024-09-09 19:33:49,547 - INFO - Вызвана главная страница
2024-09-09 19:33:54,842 - INFO - Вызвана главная страница
2024-09-09 19:34:00,133 - INFO - Вызвана главная страница
2024-09-09 19:34:05,559 - INFO - Вызвана главная страница
2024-09-09 19:34:10,825 - INFO - Вызвана главная страница
2024-09-09 19:34:16,146 - INFO - Вызвана главная страница
2024-09-09 19:34:21,438 - INFO - Вызвана главная страница
2024-09-09 19:34:26,842 - INFO - Вызвана главная страница
2024-09-09 19:34:32,105 - INFO - Вызвана главная страница
2024-09-09 19:34:37,495 - INFO - Вызвана главная страница
2024-09-09 19:34:42,870 - INFO - Вызвана главная страница
2024-09-09 19:34:48,309 - INFO - Вызвана главная страница
2024-09-09 19:34:53,617 - INFO - Вызвана главная страница
2024-09-09 19:34:59,061 - INFO - Вызвана главная страница
2024-09-09 19:35:04,416 - INFO - Вызвана главная страница
2024-09-09 19:35:09,023 - INFO - Вызвана главная страница
2024-09-09 19:35:09,811 - INFO - Вызвана главная страница
2024-09-09 19:35:14,374 - INFO - Вызвана главная страница
2024-09-09 19:35:15,106 - INFO - Вызвана главная страница
2024-09-09 19:35:19,816 - INFO - Вызвана главная страница
2024-09-09 19:35:20,379 - INFO - Вызвана главная страница
2024-09-09 19:35:25,130 - INFO - Вызвана главная страница
2024-09-09 19:35:25,755 - INFO - Вызвана главная страница
2024-09-09 19:35:30,644 - INFO - Вызвана главная страница
2024-09-09 19:35:31,133 - INFO - Вызвана главная страница
2024-09-09 19:35:35,956 - INFO - Вызвана главная страница
2024-09-09 19:35:36,426 - INFO - Вызвана главная страница
2024-09-09 19:35:41,362 - INFO - Вызвана главная страница
2024-09-09 19:35:41,733 - INFO - Вызвана главная страница
2024-09-09 19:35:46,675 - INFO - Вызвана главная страница
2024-09-09 19:35:46,983 - INFO - Вызвана главная страница
2024-09-09 19:35:52,021 - INFO - Вызвана главная страница
2024-09-09 19:35:52,266 - INFO - Вызвана главная страница
2024-09-09 19:35:57,329 - INFO - Вызвана главная страница
2024-09-09 19:35:57,579 - INFO - Вызвана главная страница
2024-09-09 19:36:02,717 - INFO - Вызвана главная страница
2024-09-09 19:36:02,866 - INFO - Вызвана главная страница
2024-09-09 19:36:08,006 - INFO - Вызвана главная страница
2024-09-09 19:36:08,432 - INFO - Вызвана главная страница
2024-09-09 19:36:13,350 - INFO - Вызвана главная страница
2024-09-09 19:36:13,734 - INFO - Вызвана главная страница
2024-09-09 19:36:18,636 - INFO - Вызвана главная страница
2024-09-09 19:36:19,083 - INFO - Вызвана главная страница
2024-09-09 19:36:23,951 - INFO - Вызвана главная страница
2024-09-09 19:36:24,437 - INFO - Вызвана главная страница
2024-09-09 19:36:29,189 - INFO - Вызвана главная страница
2024-09-09 19:36:29,758 - INFO - Вызвана главная страница
2024-09-09 19:36:34,531 - INFO - Вызвана главная страница
2024-09-09 19:36:35,071 - INFO - Вызвана главная страница
2024-09-09 19:36:40,167 - INFO - Вызвана главная страница
2024-09-09 19:36:40,387 - INFO - Вызвана главная страница
2024-09-09 19:36:45,438 - INFO - Вызвана главная страница
2024-09-09 19:36:45,632 - INFO - Вызвана главная страница
2024-09-09 19:36:50,704 - INFO - Вызвана главная страница
2024-09-09 19:36:50,936 - INFO - Вызвана главная страница
2024-09-09 19:36:55,994 - INFO - Вызвана главная страница
2024-09-09 19:36:56,280 - INFO - Вызвана главная страница
2024-09-09 19:37:01,250 - INFO - Вызвана главная страница
2024-09-09 19:37:01,542 - INFO - Вызвана главная страница
2024-09-09 19:37:06,560 - INFO - Вызвана главная страница
2024-09-09 19:37:06,837 - INFO - Вызвана главная страница
2024-09-09 19:37:11,872 - INFO - Вызвана главная страница
2024-09-09 19:37:12,125 - INFO - Вызвана главная страница
2024-09-09 19:37:17,169 - INFO - Вызвана главная страница
2024-09-09 19:37:17,406 - INFO - Вызвана главная страница
2024-09-09 19:37:22,570 - INFO - Вызвана главная страница
2024-09-09 19:37:22,716 - INFO - Вызвана главная страница
2024-09-09 19:37:27,863 - INFO - Вызвана главная страница
2024-09-09 19:37:28,255 - INFO - Вызвана главная страница
2024-09-09 19:37:33,197 - INFO - Вызвана главная страница
2024-09-09 19:37:33,552 - INFO - Вызвана главная страница
2024-09-09 19:37:34,292 - INFO - Вызвана главная страница
2024-09-09 19:37:35,279 - INFO - Вызвана главная страница
2024-09-09 19:37:38,438 - INFO - Вызвана главная страница
2024-09-09 19:37:38,792 - INFO - Вызвана главная страница
2024-09-09 19:37:39,553 - INFO - Вызвана главная страница
2024-09-09 19:37:44,425 - INFO - Вызвана главная страница
2024-09-09 19:37:44,872 - INFO - Вызвана главная страница
2024-09-09 19:37:49,760 - INFO - Вызвана главная страница
2024-09-09 19:37:50,198 - INFO - Вызвана главная страница
2024-09-09 19:37:55,045 - INFO - Вызвана главная страница
2024-09-09 19:37:55,538 - INFO - Вызвана главная страница
2024-09-09 19:38:00,463 - INFO - Вызвана главная страница
2024-09-09 19:38:00,887 - INFO - Вызвана главная страница
2024-09-09 19:38:05,738 - INFO - Вызвана главная страница
2024-09-09 19:38:06,224 - INFO - Вызвана главная страница
2024-09-09 19:38:08,840 - INFO - Вызвана главная страница
2024-09-09 19:38:09,272 - INFO - Вызвана главная страница
2024-09-09 19:38:11,563 - INFO - Вызвана главная страница
2024-09-09 19:38:14,624 - INFO - Вызвана главная страница
2024-09-09 19:38:16,835 - INFO - Вызвана главная страница
2024-09-09 19:38:19,917 - INFO - Вызвана главная страница
2024-09-09 19:38:22,077 - INFO - Вызвана главная страница
2024-09-09 19:38:25,205 - INFO - Вызвана главная страница
2024-09-09 19:38:27,438 - INFO - Вызвана главная страница
2024-09-09 19:38:30,504 - INFO - Вызвана главная страница
2024-09-09 19:38:32,767 - INFO - Вызвана главная страница
2024-09-09 19:38:35,803 - INFO - Вызвана главная страница
2024-09-09 19:38:38,048 - INFO - Вызвана главная страница
2024-09-09 19:38:41,057 - INFO - Вызвана главная страница
2024-09-09 19:38:46,308 - INFO - Вызвана главная страница
2024-09-09 19:38:46,387 - INFO - Вызвана главная страница
2024-09-09 19:38:51,682 - INFO - Вызвана главная страница
2024-09-09 19:38:51,780 - INFO - Вызвана главная страница
2024-09-09 19:38:57,069 - INFO - Вызвана главная страница
2024-09-09 19:38:57,237 - INFO - Вызвана главная страница
2024-09-09 19:39:02,422 - INFO - Вызвана главная страница
2024-09-09 19:39:02,548 - INFO - Вызвана главная страница
2024-09-09 19:39:07,675 - INFO - Вызвана главная страница
2024-09-09 19:39:07,847 - INFO - Вызвана главная страница
2024-09-09 19:39:12,978 - INFO - Вызвана главная страница
2024-09-09 19:39:13,138 - INFO - Вызвана главная страница
2024-09-09 19:39:18,309 - INFO - Вызвана главная страница
2024-09-09 19:39:18,462 - INFO - Вызвана главная страница
2024-09-09 19:39:23,629 - INFO - Вызвана главная страница
2024-09-09 19:39:23,769 - INFO - Вызвана главная страница
2024-09-09 19:39:28,869 - INFO - Вызвана главная страница
2024-09-09 19:39:29,239 - INFO - Вызвана главная страница
2024-09-09 19:39:34,163 - INFO - Вызвана главная страница
2024-09-09 19:39:34,496 - INFO - Вызвана главная страница
2024-09-09 19:39:39,518 - INFO - Вызвана главная страница
2024-09-09 19:39:39,811 - INFO - Вызвана главная страница
2024-09-09 19:39:44,781 - INFO - Вызвана главная страница
2024-09-09 19:39:45,051 - INFO - Вызвана главная страница
2024-09-09 19:39:50,317 - INFO - Вызвана главная страница
2024-09-09 19:39:50,410 - INFO - Вызвана главная страница
2024-09-09 19:39:55,646 - INFO - Вызвана главная страница
2024-09-09 19:39:55,757 - INFO - Вызвана главная страница
2024-09-09 19:40:00,905 - INFO - Вызвана главная страница
2024-09-09 19:40:01,030 - INFO - Вызвана главная страница
2024-09-09 19:40:06,214 - INFO - Вызвана главная страница
2024-09-09 19:40:06,349 - INFO - Вызвана главная страница
2024-09-09 19:40:11,549 - INFO - Вызвана главная страница
2024-09-09 19:40:11,640 - INFO - Вызвана главная страница
2024-09-09 19:40:16,813 - INFO - Вызвана главная страница
2024-09-09 19:40:17,027 - INFO - Вызвана главная страница
2024-09-09 19:40:22,114 - INFO - Вызвана главная страница
2024-09-09 19:40:22,341 - INFO - Вызвана главная страница
2024-09-09 19:40:27,414 - INFO - Вызвана главная страница
2024-09-09 19:40:27,671 - INFO - Вызвана главная страница
2024-09-09 19:40:32,742 - INFO - Вызвана главная страница
2024-09-09 19:40:32,973 - INFO - Вызвана главная страница
2024-09-09 19:40:38,026 - INFO - Вызвана главная страница
2024-09-09 19:40:38,239 - INFO - Вызвана главная страница
2024-09-09 19:40:43,270 - INFO - Вызвана главная страница
2024-09-09 19:40:43,494 - INFO - Вызвана главная страница
2024-09-09 19:40:48,590 - INFO - Вызвана главная страница
2024-09-09 19:40:48,784 - INFO - Вызвана главная страница
2024-09-09 19:40:53,853 - INFO - Вызвана главная страница
2024-09-09 19:40:54,157 - INFO - Вызвана главная страница
2024-09-09 19:40:59,113 - INFO - Вызвана главная страница
2024-09-09 19:40:59,385 - INFO - Вызвана главная страница
2024-09-09 19:41:04,477 - INFO - Вызвана главная страница
2024-09-09 19:41:04,692 - INFO - Вызвана главная страница
2024-09-09 19:41:09,800 - INFO - Вызвана главная страница
2024-09-09 19:41:10,046 - INFO - Вызвана главная страница
2024-09-09 19:41:15,144 - INFO - Вызвана главная страница
2024-09-09 19:41:15,484 - INFO - Вызвана главная страница
2024-09-09 19:41:20,419 - INFO - Вызвана главная страница
2024-09-09 19:41:20,780 - INFO - Вызвана главная страница
2024-09-09 19:41:25,687 - INFO - Вызвана главная страница
2024-09-09 19:41:26,311 - INFO - Вызвана главная страница
2024-09-09 19:41:31,587 - INFO - Вызвана главная страница
2024-09-09 19:41:31,995 - INFO - Вызвана главная страница
2024-09-09 19:41:37,466 - INFO - Вызвана главная страница
2024-09-09 19:41:38,298 - INFO - Вызвана главная страница
2024-09-09 19:41:43,476 - INFO - Вызвана главная страница
2024-09-09 19:41:44,050 - INFO - Вызвана главная страница
2024-09-09 19:41:49,068 - INFO - Вызвана главная страница
2024-09-09 19:41:49,604 - INFO - Вызвана главная страница
2024-09-09 19:41:54,608 - INFO - Вызвана главная страница
2024-09-09 19:41:54,973 - INFO - Вызвана главная страница
2024-09-09 19:42:00,051 - INFO - Вызвана главная страница
2024-09-09 19:42:00,424 - INFO - Вызвана главная страница
2024-09-09 19:42:05,445 - INFO - Вызвана главная страница
2024-09-09 19:42:05,711 - INFO - Вызвана главная страница
2024-09-09 19:42:10,833 - INFO - Вызвана главная страница
2024-09-09 19:42:11,085 - INFO - Вызвана главная страница
2024-09-09 19:42:16,208 - INFO - Вызвана главная страница
2024-09-09 19:42:16,430 - INFO - Вызвана главная страница
2024-09-09 19:42:21,518 - INFO - Вызвана главная страница
2024-09-09 19:42:21,721 - INFO - Вызвана главная страница
2024-09-09 19:42:26,902 - INFO - Вызвана главная страница
2024-09-09 19:42:27,399 - INFO - Вызвана главная страница
2024-09-09 19:42:32,192 - INFO - Вызвана главная страница
2024-09-09 19:42:32,808 - INFO - Вызвана главная страница
2024-09-09 19:42:37,497 - INFO - Вызвана главная страница
2024-09-09 19:42:38,093 - INFO - Вызвана главная страница
2024-09-09 19:42:42,959 - INFO - Вызвана главная страница
2024-09-09 19:42:43,411 - INFO - Вызвана главная страница
2024-09-09 19:42:48,325 - INFO - Вызвана главная страница
2024-09-09 19:42:48,807 - INFO - Вызвана главная страница
2024-09-09 19:42:53,704 - INFO - Вызвана главная страница
2024-09-09 19:42:54,170 - INFO - Вызвана главная страница
2024-09-09 19:42:59,081 - INFO - Вызвана главная страница
2024-09-09 19:42:59,486 - INFO - Вызвана главная страница
2024-09-09 19:43:04,378 - INFO - Вызвана главная страница
2024-09-09 19:43:04,773 - INFO - Вызвана главная страница
2024-09-09 19:43:09,676 - INFO - Вызвана главная страница
2024-09-09 19:43:10,159 - INFO - Вызвана главная страница
2024-09-09 19:43:15,058 - INFO - Вызвана главная страница
2024-09-09 19:43:15,446 - INFO - Вызвана главная страница
2024-09-09 19:43:20,346 - INFO - Вызвана главная страница
2024-09-09 19:43:20,720 - INFO - Вызвана главная страница
2024-09-09 19:43:25,714 - INFO - Вызвана главная страница
2024-09-09 19:43:26,062 - INFO - Вызвана главная страница
2024-09-09 19:43:31,077 - INFO - Вызвана главная страница
2024-09-09 19:43:31,483 - INFO - Вызвана главная страница
2024-09-09 19:43:36,381 - INFO - Вызвана главная страница
2024-09-09 19:43:36,856 - INFO - Вызвана главная страница
2024-09-09 19:43:41,916 - INFO - Вызвана главная страница
2024-09-09 19:43:42,824 - INFO - Вызвана главная страница
2024-09-09 19:43:48,058 - INFO - Вызвана главная страница
2024-09-09 19:43:48,618 - INFO - Вызвана главная страница
2024-09-09 19:43:53,951 - INFO - Вызвана главная страница
2024-09-09 19:43:54,884 - INFO - Вызвана главная страница
2024-09-09 19:43:59,793 - INFO - Вызвана главная страница
2024-09-09 19:44:00,693 - INFO - Вызвана главная страница
2024-09-09 19:44:05,607 - INFO - Вызвана главная страница
2024-09-09 19:44:06,678 - INFO - Вызвана главная страница
2024-09-09 19:44:11,392 - INFO - Вызвана главная страница
2024-09-09 19:44:12,230 - INFO - Вызвана главная страница
2024-09-09 19:44:16,857 - INFO - Вызвана главная страница
2024-09-09 19:44:17,706 - INFO - Вызвана главная страница
2024-09-09 19:44:22,335 - INFO - Вызвана главная страница
2024-09-09 19:44:23,714 - INFO - Вызвана главная страница
2024-09-09 19:44:27,738 - INFO - Вызвана главная страница
2024-09-09 19:44:29,060 - INFO - Вызвана главная страница
2024-09-09 19:44:33,154 - INFO - Вызвана главная страница
2024-09-09 19:44:34,355 - INFO - Вызвана главная страница
2024-09-09 19:44:38,559 - INFO - Вызвана главная страница
2024-09-09 19:44:39,740 - INFO - Вызвана главная страница
2024-09-09 19:44:43,845 - INFO - Вызвана главная страница
2024-09-09 19:44:45,040 - INFO - Вызвана главная страница
2024-09-09 19:44:49,153 - INFO - Вызвана главная страница
2024-09-09 19:44:50,338 - INFO - Вызвана главная страница
2024-09-09 19:44:54,470 - INFO - Вызвана главная страница
2024-09-09 19:44:55,625 - INFO - Вызвана главная страница
2024-09-09 19:44:59,830 - INFO - Вызвана главная страница
2024-09-09 19:45:00,925 - INFO - Вызвана главная страница
2024-09-09 19:45:05,140 - INFO - Вызвана главная страница
2024-09-09 19:45:06,397 - INFO - Вызвана главная страница
2024-09-09 19:45:11,048 - INFO - Вызвана главная страница
2024-09-09 19:45:11,660 - INFO - Вызвана главная страница
2024-09-09 19:45:16,310 - INFO - Вызвана главная страница
2024-09-09 19:45:16,950 - INFO - Вызвана главная страница
2024-09-09 19:45:21,621 - INFO - Вызвана главная страница
2024-09-09 19:45:22,310 - INFO - Вызвана главная страница
2024-09-09 19:45:26,931 - INFO - Вызвана главная страница
2024-09-09 19:45:27,588 - INFO - Вызвана главная страница
2024-09-09 19:45:32,239 - INFO - Вызвана главная страница
2024-09-09 19:45:32,879 - INFO - Вызвана главная страница
2024-09-09 19:45:37,539 - INFO - Вызвана главная страница
2024-09-09 19:45:38,172 - INFO - Вызвана главная страница
2024-09-09 19:45:42,831 - INFO - Вызвана главная страница
2024-09-09 19:45:43,465 - INFO - Вызвана главная страница
2024-09-09 19:45:48,127 - INFO - Вызвана главная страница
2024-09-09 19:45:48,761 - INFO - Вызвана главная страница
2024-09-09 19:45:53,405 - INFO - Вызвана главная страница
2024-09-09 19:45:54,014 - INFO - Вызвана главная страница
2024-09-09 19:45:58,696 - INFO - Вызвана главная страница
2024-09-09 19:45:59,337 - INFO - Вызвана главная страница
2024-09-09 19:46:03,978 - INFO - Вызвана главная страница
2024-09-09 19:46:04,636 - INFO - Вызвана главная страница
2024-09-09 19:46:09,291 - INFO - Вызвана главная страница
2024-09-09 19:46:09,916 - INFO - Вызвана главная страница
2024-09-09 19:46:14,690 - INFO - Вызвана главная страница
2024-09-09 19:46:15,186 - INFO - Вызвана главная страница
2024-09-09 19:46:19,981 - INFO - Вызвана главная страница
2024-09-09 19:46:20,489 - INFO - Вызвана главная страница
2024-09-09 19:46:25,408 - INFO - Вызвана главная страница
2024-09-09 19:46:25,843 - INFO - Вызвана главная страница
2024-09-09 19:46:30,704 - INFO - Вызвана главная страница
2024-09-09 19:46:31,190 - INFO - Вызвана главная страница
2024-09-09 19:46:36,476 - INFO - Вызвана главная страница
2024-09-09 19:46:36,650 - INFO - Вызвана главная страница
2024-09-09 19:46:41,764 - INFO - Вызвана главная страница
2024-09-09 19:46:41,952 - INFO - Вызвана главная страница
2024-09-09 19:46:47,026 - INFO - Вызвана главная страница
2024-09-09 19:46:47,451 - INFO - Вызвана главная страница
2024-09-09 19:46:52,729 - INFO - Вызвана главная страница
2024-09-09 19:46:53,138 - INFO - Вызвана главная страница
2024-09-09 19:46:58,485 - INFO - Вызвана главная страница
2024-09-09 19:47:03,795 - INFO - Вызвана главная страница
2024-09-09 19:47:09,123 - INFO - Вызвана главная страница
2024-09-09 19:47:16,591 - INFO - Вызвана главная страница
2024-09-09 19:47:23,511 - INFO - Вызвана главная страница
2024-09-09 19:47:38,244 - INFO - Вызвана главная страница
2024-09-09 19:47:44,376 - INFO - Вызвана главная страница
2024-09-09 19:47:50,438 - INFO - Вызвана главная страница
2024-09-09 19:47:56,187 - INFO - Вызвана главная страница
2024-09-09 19:48:01,706 - INFO - Вызвана главная страница
2024-09-09 19:48:07,537 - INFO - Вызвана главная страница
2024-09-09 19:48:13,085 - INFO - Вызвана главная страница
2024-09-09 19:48:18,880 - INFO - Вызвана главная страница
2024-09-09 19:48:24,882 - INFO - Вызвана главная страница
2024-09-09 19:48:30,509 - INFO - Вызвана главная страница
2024-09-09 19:48:36,104 - INFO - Вызвана главная страница
2024-09-09 19:48:42,182 - INFO - Вызвана главная страница
2024-09-09 19:48:47,864 - INFO - Вызвана главная страница
2024-09-09 19:48:54,040 - INFO - Вызвана главная страница
2024-09-09 19:49:01,977 - INFO - Вызвана главная страница
2024-09-09 19:49:07,761 - INFO - Вызвана главная страница
2024-09-09 19:49:13,577 - INFO - Вызвана главная страница
2024-09-09 19:49:19,533 - INFO - Вызвана главная страница
2024-09-09 19:49:25,110 - INFO - Вызвана главная страница
2024-09-09 19:49:31,125 - INFO - Вызвана главная страница
2024-09-09 19:49:36,551 - INFO - Вызвана главная страница
2024-09-09 19:49:41,958 - INFO - Вызвана главная страница
2024-09-09 19:49:47,399 - INFO - Вызвана главная страница
2024-09-09 19:49:52,826 - INFO - Вызвана главная страница
2024-09-09 19:49:58,160 - INFO - Вызвана главная страница
2024-09-09 19:50:04,030 - INFO - Вызвана главная страница
2024-09-09 19:50:09,436 - INFO - Вызвана главная страница
2024-09-09 19:50:14,847 - INFO - Вызвана главная страница
2024-09-09 19:50:20,149 - INFO - Вызвана главная страница
2024-09-09 19:50:25,460 - INFO - Вызвана главная страница
2024-09-09 19:50:30,857 - INFO - Вызвана главная страница
2024-09-09 19:50:36,230 - INFO - Вызвана главная страница
2024-09-09 19:50:41,535 - INFO - Вызвана главная страница
2024-09-09 19:50:46,890 - INFO - Вызвана главная страница
2024-09-09 19:50:52,223 - INFO - Вызвана главная страница
2024-09-09 19:50:57,501 - INFO - Вызвана главная страница
2024-09-09 19:51:02,819 - INFO - Вызвана главная страница
2024-09-09 19:51:08,114 - INFO - Вызвана главная страница
2024-09-09 19:51:13,609 - INFO - Вызвана главная страница
2024-09-09 19:51:18,916 - INFO - Вызвана главная страница
2024-09-09 19:51:24,225 - INFO - Вызвана главная страница
2024-09-09 19:51:29,600 - INFO - Вызвана главная страница
2024-09-09 19:51:35,056 - INFO - Вызвана главная страница
2024-09-09 19:51:40,548 - INFO - Вызвана главная страница
2024-09-09 19:51:49,088 - INFO - Вызвана главная страница
2024-09-09 19:51:55,714 - INFO - Вызвана главная страница
2024-09-09 19:52:01,983 - INFO - Вызвана главная страница
2024-09-09 19:52:08,352 - INFO - Вызвана главная страница
2024-09-09 19:52:14,615 - INFO - Вызвана главная страница
2024-09-09 19:52:20,900 - INFO - Вызвана главная страница
2024-09-09 19:52:26,694 - INFO - Вызвана главная страница
2024-09-09 19:52:32,227 - INFO - Вызвана главная страница
2024-09-09 19:52:37,730 - INFO - Вызвана главная страница
2024-09-09 19:52:43,106 - INFO - Вызвана главная страница
2024-09-09 19:52:48,448 - INFO - Вызвана главная страница
2024-09-09 19:52:53,769 - INFO - Вызвана главная страница
2024-09-09 19:52:59,083 - INFO - Вызвана главная страница
2024-09-09 19:53:04,639 - INFO - Вызвана главная страница
2024-09-09 19:53:10,039 - INFO - Вызвана главная страница
2024-09-09 19:53:15,354 - INFO - Вызвана главная страница
2024-09-09 19:53:19,916 - INFO - Вызвана главная страница
2024-09-09 19:53:21,136 - INFO - Вызвана главная страница
2024-09-09 19:53:26,431 - INFO - Вызвана главная страница
2024-09-09 19:53:31,797 - INFO - Вызвана главная страница
2024-09-09 19:53:37,101 - INFO - Вызвана главная страница
2024-09-09 19:53:42,491 - INFO - Вызвана главная страница
2024-09-09 19:53:44,915 - INFO - Вызвана главная страница
2024-09-09 19:53:45,406 - INFO - Вызвана главная страница
2024-09-09 19:53:50,745 - INFO - Вызвана главная страница
2024-09-09 19:53:56,093 - INFO - Вызвана главная страница
2024-09-09 19:54:01,405 - INFO - Вызвана главная страница
2024-09-09 19:54:06,784 - INFO - Вызвана главная страница
2024-09-09 19:54:12,119 - INFO - Вызвана главная страница
2024-09-09 19:54:15,194 - INFO - Вызвана главная страница
2024-09-09 19:54:15,859 - INFO - Вызвана главная страница
2024-09-09 19:54:21,241 - INFO - Вызвана главная страница
2024-09-09 19:54:26,543 - INFO - Вызвана главная страница
2024-09-09 19:54:31,961 - INFO - Вызвана главная страница
2024-09-09 19:54:35,291 - INFO - Вызвана главная страница
2024-09-09 19:54:35,815 - INFO - Вызвана главная страница
2024-09-09 19:54:36,284 - INFO - Вызвана главная страница
2024-09-09 19:54:36,761 - INFO - Вызвана главная страница
2024-09-09 19:54:37,095 - INFO - Вызвана главная страница
2024-09-09 19:54:42,402 - INFO - Вызвана главная страница
2024-09-09 19:54:43,096 - INFO - Вызвана главная страница
2024-09-09 19:54:49,038 - INFO - Вызвана главная страница
2024-09-09 19:54:54,409 - INFO - Вызвана главная страница
2024-09-09 19:54:59,697 - INFO - Вызвана главная страница
2024-09-09 19:55:04,993 - INFO - Вызвана главная страница
2024-09-09 19:55:10,358 - INFO - Вызвана главная страница
2024-09-09 19:55:15,751 - INFO - Вызвана главная страница
2024-09-09 19:55:21,089 - INFO - Вызвана главная страница
2024-09-09 19:55:26,384 - INFO - Вызвана главная страница
2024-09-09 19:55:28,195 - INFO - Вызвана главная страница
2024-09-09 19:55:31,504 - INFO - Вызвана главная страница
2024-09-09 19:55:32,018 - INFO - Вызвана главная страница
2024-09-09 19:55:37,339 - INFO - Вызвана главная страница
2024-09-09 19:55:39,046 - INFO - Вызвана главная страница
2024-09-09 19:55:39,524 - INFO - Вызвана главная страница
2024-09-09 19:55:39,879 - INFO - Вызвана главная страница
2024-09-09 19:55:45,243 - INFO - Вызвана главная страница
2024-09-09 19:55:47,928 - INFO - Вызвана главная страница
2024-09-09 19:55:58,166 - INFO - Вызвана главная страница
2024-09-09 19:56:00,019 - INFO - Вызвана главная страница
2024-09-09 19:56:00,773 - INFO - Вызвана главная страница
2024-09-09 19:56:06,157 - INFO - Вызвана главная страница
2024-09-09 19:56:06,428 - INFO - Вызвана главная страница
2024-09-09 19:56:11,775 - INFO - Вызвана главная страница
2024-09-09 19:56:17,130 - INFO - Вызвана главная страница
2024-09-09 19:56:22,927 - INFO - Вызвана главная страница
2024-09-09 19:56:28,230 - INFO - Вызвана главная страница
2024-09-09 19:56:33,596 - INFO - Вызвана главная страница
2024-09-09 19:56:38,069 - INFO - Вызвана главная страница
2024-09-09 19:56:38,622 - INFO - Вызвана главная страница
2024-09-09 19:56:43,896 - INFO - Вызвана главная страница
2024-09-09 19:56:48,076 - INFO - Вызвана главная страница
2024-09-09 19:56:48,657 - INFO - Вызвана главная страница
2024-09-09 19:56:48,835 - INFO - Вызвана главная страница
2024-09-09 19:56:49,006 - INFO - Вызвана главная страница
2024-09-09 19:56:49,216 - INFO - Вызвана главная страница
2024-09-09 19:56:49,374 - INFO - Вызвана главная страница
2024-09-09 19:56:49,533 - INFO - Вызвана главная страница
2024-09-09 19:56:54,814 - INFO - Вызвана главная страница
2024-09-09 19:57:00,192 - INFO - Вызвана главная страница
2024-09-09 19:57:05,676 - INFO - Вызвана главная страница
2024-09-09 19:57:11,033 - INFO - Вызвана главная страница
2024-09-09 19:57:11,198 - INFO - Вызвана главная страница
2024-09-09 19:57:11,906 - INFO - Вызвана главная страница
2024-09-09 19:57:12,718 - INFO - Вызвана главная страница
2024-09-09 19:57:22,303 - INFO - Вызвана главная страница
2024-09-09 19:57:27,615 - INFO - Вызвана главная страница
2024-09-09 19:57:32,995 - INFO - Вызвана главная страница
2024-09-09 19:57:38,318 - INFO - Вызвана главная страница
2024-09-09 19:57:43,706 - INFO - Вызвана главная страница
2024-09-09 19:57:49,010 - INFO - Вызвана главная страница
2024-09-09 19:57:54,441 - INFO - Вызвана главная страница
2024-09-09 19:57:59,756 - INFO - Вызвана главная страница
2024-09-09 19:58:04,103 - INFO - Вызвана главная страница
2024-09-09 19:58:09,520 - INFO - Вызвана главная страница
2024-09-09 19:58:11,233 - INFO - Вызвана главная страница
2024-09-09 19:58:16,616 - INFO - Вызвана главная страница
2024-09-09 19:58:22,143 - INFO - Вызвана главная страница
2024-09-09 19:58:27,453 - INFO - Вызвана главная страница
2024-09-09 19:58:34,750 - INFO - Вызвана главная страница
2024-09-09 19:58:40,051 - INFO - Вызвана главная страница
2024-09-09 19:58:45,386 - INFO - Вызвана главная страница
2024-09-09 19:58:50,650 - INFO - Вызвана главная страница
2024-09-09 19:58:55,968 - INFO - Вызвана главная страница
2024-09-09 19:59:01,218 - INFO - Вызвана главная страница
2024-09-09 19:59:06,502 - INFO - Вызвана главная страница
2024-09-09 19:59:11,787 - INFO - Вызвана главная страница
2024-09-09 19:59:17,046 - INFO - Вызвана главная страница
2024-09-09 19:59:22,327 - INFO - Вызвана главная страница
2024-09-09 19:59:27,678 - INFO - Вызвана главная страница
2024-09-09 19:59:33,019 - INFO - Вызвана главная страница
2024-09-09 19:59:38,407 - INFO - Вызвана главная страница
2024-09-09 19:59:43,738 - INFO - Вызвана главная страница
2024-09-09 19:59:49,053 - INFO - Вызвана главная страница
2024-09-09 19:59:54,370 - INFO - Вызвана главная страница
2024-09-09 19:59:59,738 - INFO - Вызвана главная страница
2024-09-09 20:00:05,032 - INFO - Вызвана главная страница
2024-09-09 20:00:06,749 - INFO - Вызвана главная страница
2024-09-09 20:00:12,395 - INFO - Вызвана главная страница
2024-09-09 20:00:15,732 - INFO - Вызвана главная страница
2024-09-09 20:00:20,237 - INFO - Вызвана главная страница
2024-09-09 20:00:25,490 - INFO - Вызвана главная страница
2024-09-09 20:00:30,793 - INFO - Вызвана главная страница
2024-09-09 20:00:36,116 - INFO - Вызвана главная страница
2024-09-09 20:00:42,322 - INFO - Вызвана главная страница
2024-09-09 20:00:47,672 - INFO - Вызвана главная страница
2024-09-09 20:00:52,938 - INFO - Вызвана главная страница
2024-09-09 20:00:58,237 - INFO - Вызвана главная страница
2024-09-09 20:01:03,629 - INFO - Вызвана главная страница
2024-09-09 20:01:08,909 - INFO - Вызвана главная страница
2024-09-09 20:01:14,193 - INFO - Вызвана главная страница
2024-09-09 20:01:19,542 - INFO - Вызвана главная страница
2024-09-09 20:01:24,902 - INFO - Вызвана главная страница
2024-09-09 20:01:30,184 - INFO - Вызвана главная страница
2024-09-09 20:01:35,473 - INFO - Вызвана главная страница
2024-09-09 20:01:40,779 - INFO - Вызвана главная страница
2024-09-09 20:01:46,079 - INFO - Вызвана главная страница
2024-09-09 20:01:51,418 - INFO - Вызвана главная страница
2024-09-09 20:01:56,716 - INFO - Вызвана главная страница
2024-09-09 20:02:02,115 - INFO - Вызвана главная страница
2024-09-09 20:02:07,433 - INFO - Вызвана главная страница
2024-09-09 20:02:12,757 - INFO - Вызвана главная страница
2024-09-09 20:02:18,139 - INFO - Вызвана главная страница
2024-09-09 20:02:23,440 - INFO - Вызвана главная страница
2024-09-09 20:02:28,742 - INFO - Вызвана главная страница
2024-09-09 20:02:34,369 - INFO - Вызвана главная страница
2024-09-09 20:02:39,739 - INFO - Вызвана главная страница
2024-09-09 20:02:45,045 - INFO - Вызвана главная страница
2024-09-09 20:02:50,348 - INFO - Вызвана главная страница
2024-09-09 20:02:55,686 - INFO - Вызвана главная страница
2024-09-09 20:03:01,047 - INFO - Вызвана главная страница
2024-09-09 20:03:06,332 - INFO - Вызвана главная страница
2024-09-09 20:03:11,648 - INFO - Вызвана главная страница
2024-09-09 20:03:16,951 - INFO - Вызвана главная страница
2024-09-09 20:03:22,334 - INFO - Вызвана главная страница
2024-09-09 20:03:27,687 - INFO - Вызвана главная страница
2024-09-09 20:03:32,960 - INFO - Вызвана главная страница
2024-09-09 20:03:38,301 - INFO - Вызвана главная страница
2024-09-10 11:01:05,693 - INFO - Вызвана главная страница
2024-09-10 11:01:17,437 - INFO - Вызвана главная страница
2024-09-10 11:28:31,753 - ERROR - Internal Server Error: /privacy_policy
Traceback (most recent call last):
  File "C:\Users\maksk\AppData\Local\Packages\PythonSoftwareFoundation.Python.3.11_qbz5n2kfra8p0\LocalCache\local-packages\Python311\site-packages\django\core\handlers\exception.py", line 55, in inner
    response = get_response(request)
               ^^^^^^^^^^^^^^^^^^^^^
  File "C:\Users\maksk\AppData\Local\Packages\PythonSoftwareFoundation.Python.3.11_qbz5n2kfra8p0\LocalCache\local-packages\Python311\site-packages\django\core\handlers\base.py", line 197, in _get_response
    response = wrapped_callback(request, *callback_args, **callback_kwargs)
               ^^^^^^^^^^^^^^^^^^^^^^^^^^^^^^^^^^^^^^^^^^^^^^^^^^^^^^^^^^^^
  File "C:\Users\maksk\Desktop\lab5\rent_cars\portal\views.py", line 11, in privacy_policy
    return render(request, 'portal/privacy_policy.html')
           ^^^^^^^^^^^^^^^^^^^^^^^^^^^^^^^^^^^^^^^^^^^^^
  File "C:\Users\maksk\AppData\Local\Packages\PythonSoftwareFoundation.Python.3.11_qbz5n2kfra8p0\LocalCache\local-packages\Python311\site-packages\django\shortcuts.py", line 25, in render
    content = loader.render_to_string(template_name, context, request, using=using)
              ^^^^^^^^^^^^^^^^^^^^^^^^^^^^^^^^^^^^^^^^^^^^^^^^^^^^^^^^^^^^^^^^^^^^^
  File "C:\Users\maksk\AppData\Local\Packages\PythonSoftwareFoundation.Python.3.11_qbz5n2kfra8p0\LocalCache\local-packages\Python311\site-packages\django\template\loader.py", line 61, in render_to_string
    template = get_template(template_name, using=using)
               ^^^^^^^^^^^^^^^^^^^^^^^^^^^^^^^^^^^^^^^^
  File "C:\Users\maksk\AppData\Local\Packages\PythonSoftwareFoundation.Python.3.11_qbz5n2kfra8p0\LocalCache\local-packages\Python311\site-packages\django\template\loader.py", line 15, in get_template
    return engine.get_template(template_name)
           ^^^^^^^^^^^^^^^^^^^^^^^^^^^^^^^^^^
  File "C:\Users\maksk\AppData\Local\Packages\PythonSoftwareFoundation.Python.3.11_qbz5n2kfra8p0\LocalCache\local-packages\Python311\site-packages\django\template\backends\django.py", line 79, in get_template
    return Template(self.engine.get_template(template_name), self)
                    ^^^^^^^^^^^^^^^^^^^^^^^^^^^^^^^^^^^^^^^
  File "C:\Users\maksk\AppData\Local\Packages\PythonSoftwareFoundation.Python.3.11_qbz5n2kfra8p0\LocalCache\local-packages\Python311\site-packages\django\template\engine.py", line 177, in get_template
    template, origin = self.find_template(template_name)
                       ^^^^^^^^^^^^^^^^^^^^^^^^^^^^^^^^^
  File "C:\Users\maksk\AppData\Local\Packages\PythonSoftwareFoundation.Python.3.11_qbz5n2kfra8p0\LocalCache\local-packages\Python311\site-packages\django\template\engine.py", line 159, in find_template
    template = loader.get_template(name, skip=skip)
               ^^^^^^^^^^^^^^^^^^^^^^^^^^^^^^^^^^^^
  File "C:\Users\maksk\AppData\Local\Packages\PythonSoftwareFoundation.Python.3.11_qbz5n2kfra8p0\LocalCache\local-packages\Python311\site-packages\django\template\loaders\cached.py", line 57, in get_template
    template = super().get_template(template_name, skip)
               ^^^^^^^^^^^^^^^^^^^^^^^^^^^^^^^^^^^^^^^^^
  File "C:\Users\maksk\AppData\Local\Packages\PythonSoftwareFoundation.Python.3.11_qbz5n2kfra8p0\LocalCache\local-packages\Python311\site-packages\django\template\loaders\base.py", line 28, in get_template
    return Template(
           ^^^^^^^^^
  File "C:\Users\maksk\AppData\Local\Packages\PythonSoftwareFoundation.Python.3.11_qbz5n2kfra8p0\LocalCache\local-packages\Python311\site-packages\django\template\base.py", line 154, in __init__
    self.nodelist = self.compile_nodelist()
                    ^^^^^^^^^^^^^^^^^^^^^^^
  File "C:\Users\maksk\AppData\Local\Packages\PythonSoftwareFoundation.Python.3.11_qbz5n2kfra8p0\LocalCache\local-packages\Python311\site-packages\django\template\base.py", line 196, in compile_nodelist
    nodelist = parser.parse()
               ^^^^^^^^^^^^^^
  File "C:\Users\maksk\AppData\Local\Packages\PythonSoftwareFoundation.Python.3.11_qbz5n2kfra8p0\LocalCache\local-packages\Python311\site-packages\django\template\base.py", line 518, in parse
    raise self.error(token, e)
  File "C:\Users\maksk\AppData\Local\Packages\PythonSoftwareFoundation.Python.3.11_qbz5n2kfra8p0\LocalCache\local-packages\Python311\site-packages\django\template\base.py", line 516, in parse
    compiled_result = compile_func(self, token)
                      ^^^^^^^^^^^^^^^^^^^^^^^^^
  File "C:\Users\maksk\AppData\Local\Packages\PythonSoftwareFoundation.Python.3.11_qbz5n2kfra8p0\LocalCache\local-packages\Python311\site-packages\django\template\loader_tags.py", line 295, in do_extends
    nodelist = parser.parse()
               ^^^^^^^^^^^^^^
  File "C:\Users\maksk\AppData\Local\Packages\PythonSoftwareFoundation.Python.3.11_qbz5n2kfra8p0\LocalCache\local-packages\Python311\site-packages\django\template\base.py", line 518, in parse
    raise self.error(token, e)
  File "C:\Users\maksk\AppData\Local\Packages\PythonSoftwareFoundation.Python.3.11_qbz5n2kfra8p0\LocalCache\local-packages\Python311\site-packages\django\template\base.py", line 516, in parse
    compiled_result = compile_func(self, token)
                      ^^^^^^^^^^^^^^^^^^^^^^^^^
  File "C:\Users\maksk\AppData\Local\Packages\PythonSoftwareFoundation.Python.3.11_qbz5n2kfra8p0\LocalCache\local-packages\Python311\site-packages\django\template\loader_tags.py", line 234, in do_block
    nodelist = parser.parse(("endblock",))
               ^^^^^^^^^^^^^^^^^^^^^^^^^^^
  File "C:\Users\maksk\AppData\Local\Packages\PythonSoftwareFoundation.Python.3.11_qbz5n2kfra8p0\LocalCache\local-packages\Python311\site-packages\django\template\base.py", line 518, in parse
    raise self.error(token, e)
  File "C:\Users\maksk\AppData\Local\Packages\PythonSoftwareFoundation.Python.3.11_qbz5n2kfra8p0\LocalCache\local-packages\Python311\site-packages\django\template\base.py", line 516, in parse
    compiled_result = compile_func(self, token)
                      ^^^^^^^^^^^^^^^^^^^^^^^^^
  File "C:\Users\maksk\AppData\Local\Packages\PythonSoftwareFoundation.Python.3.11_qbz5n2kfra8p0\LocalCache\local-packages\Python311\site-packages\django\templatetags\static.py", line 171, in do_static
    return StaticNode.handle_token(parser, token)
           ^^^^^^^^^^^^^^^^^^^^^^^^^^^^^^^^^^^^^^
  File "C:\Users\maksk\AppData\Local\Packages\PythonSoftwareFoundation.Python.3.11_qbz5n2kfra8p0\LocalCache\local-packages\Python311\site-packages\django\templatetags\static.py", line 145, in handle_token
    path = parser.compile_filter(bits[1])
           ^^^^^^^^^^^^^^^^^^^^^^^^^^^^^^
  File "C:\Users\maksk\AppData\Local\Packages\PythonSoftwareFoundation.Python.3.11_qbz5n2kfra8p0\LocalCache\local-packages\Python311\site-packages\django\template\base.py", line 605, in compile_filter
    return FilterExpression(token, self)
           ^^^^^^^^^^^^^^^^^^^^^^^^^^^^^
  File "C:\Users\maksk\AppData\Local\Packages\PythonSoftwareFoundation.Python.3.11_qbz5n2kfra8p0\LocalCache\local-packages\Python311\site-packages\django\template\base.py", line 706, in __init__
    raise TemplateSyntaxError(
django.template.exceptions.TemplateSyntaxError: Could not parse the remainder: ',' from ''images/logo-mobile@1x.png','
2024-09-10 11:28:31,878 - WARNING - Not Found: /favicon.ico
2024-09-10 11:28:32,021 - ERROR - Internal Server Error: /privacy_policy
Traceback (most recent call last):
  File "C:\Users\maksk\AppData\Local\Packages\PythonSoftwareFoundation.Python.3.11_qbz5n2kfra8p0\LocalCache\local-packages\Python311\site-packages\django\core\handlers\exception.py", line 55, in inner
    response = get_response(request)
               ^^^^^^^^^^^^^^^^^^^^^
  File "C:\Users\maksk\AppData\Local\Packages\PythonSoftwareFoundation.Python.3.11_qbz5n2kfra8p0\LocalCache\local-packages\Python311\site-packages\django\core\handlers\base.py", line 197, in _get_response
    response = wrapped_callback(request, *callback_args, **callback_kwargs)
               ^^^^^^^^^^^^^^^^^^^^^^^^^^^^^^^^^^^^^^^^^^^^^^^^^^^^^^^^^^^^
  File "C:\Users\maksk\Desktop\lab5\rent_cars\portal\views.py", line 11, in privacy_policy
    return render(request, 'portal/privacy_policy.html')
           ^^^^^^^^^^^^^^^^^^^^^^^^^^^^^^^^^^^^^^^^^^^^^
  File "C:\Users\maksk\AppData\Local\Packages\PythonSoftwareFoundation.Python.3.11_qbz5n2kfra8p0\LocalCache\local-packages\Python311\site-packages\django\shortcuts.py", line 25, in render
    content = loader.render_to_string(template_name, context, request, using=using)
              ^^^^^^^^^^^^^^^^^^^^^^^^^^^^^^^^^^^^^^^^^^^^^^^^^^^^^^^^^^^^^^^^^^^^^
  File "C:\Users\maksk\AppData\Local\Packages\PythonSoftwareFoundation.Python.3.11_qbz5n2kfra8p0\LocalCache\local-packages\Python311\site-packages\django\template\loader.py", line 61, in render_to_string
    template = get_template(template_name, using=using)
               ^^^^^^^^^^^^^^^^^^^^^^^^^^^^^^^^^^^^^^^^
  File "C:\Users\maksk\AppData\Local\Packages\PythonSoftwareFoundation.Python.3.11_qbz5n2kfra8p0\LocalCache\local-packages\Python311\site-packages\django\template\loader.py", line 15, in get_template
    return engine.get_template(template_name)
           ^^^^^^^^^^^^^^^^^^^^^^^^^^^^^^^^^^
  File "C:\Users\maksk\AppData\Local\Packages\PythonSoftwareFoundation.Python.3.11_qbz5n2kfra8p0\LocalCache\local-packages\Python311\site-packages\django\template\backends\django.py", line 79, in get_template
    return Template(self.engine.get_template(template_name), self)
                    ^^^^^^^^^^^^^^^^^^^^^^^^^^^^^^^^^^^^^^^
  File "C:\Users\maksk\AppData\Local\Packages\PythonSoftwareFoundation.Python.3.11_qbz5n2kfra8p0\LocalCache\local-packages\Python311\site-packages\django\template\engine.py", line 177, in get_template
    template, origin = self.find_template(template_name)
                       ^^^^^^^^^^^^^^^^^^^^^^^^^^^^^^^^^
  File "C:\Users\maksk\AppData\Local\Packages\PythonSoftwareFoundation.Python.3.11_qbz5n2kfra8p0\LocalCache\local-packages\Python311\site-packages\django\template\engine.py", line 159, in find_template
    template = loader.get_template(name, skip=skip)
               ^^^^^^^^^^^^^^^^^^^^^^^^^^^^^^^^^^^^
  File "C:\Users\maksk\AppData\Local\Packages\PythonSoftwareFoundation.Python.3.11_qbz5n2kfra8p0\LocalCache\local-packages\Python311\site-packages\django\template\loaders\cached.py", line 57, in get_template
    template = super().get_template(template_name, skip)
               ^^^^^^^^^^^^^^^^^^^^^^^^^^^^^^^^^^^^^^^^^
  File "C:\Users\maksk\AppData\Local\Packages\PythonSoftwareFoundation.Python.3.11_qbz5n2kfra8p0\LocalCache\local-packages\Python311\site-packages\django\template\loaders\base.py", line 28, in get_template
    return Template(
           ^^^^^^^^^
  File "C:\Users\maksk\AppData\Local\Packages\PythonSoftwareFoundation.Python.3.11_qbz5n2kfra8p0\LocalCache\local-packages\Python311\site-packages\django\template\base.py", line 154, in __init__
    self.nodelist = self.compile_nodelist()
                    ^^^^^^^^^^^^^^^^^^^^^^^
  File "C:\Users\maksk\AppData\Local\Packages\PythonSoftwareFoundation.Python.3.11_qbz5n2kfra8p0\LocalCache\local-packages\Python311\site-packages\django\template\base.py", line 196, in compile_nodelist
    nodelist = parser.parse()
               ^^^^^^^^^^^^^^
  File "C:\Users\maksk\AppData\Local\Packages\PythonSoftwareFoundation.Python.3.11_qbz5n2kfra8p0\LocalCache\local-packages\Python311\site-packages\django\template\base.py", line 518, in parse
    raise self.error(token, e)
  File "C:\Users\maksk\AppData\Local\Packages\PythonSoftwareFoundation.Python.3.11_qbz5n2kfra8p0\LocalCache\local-packages\Python311\site-packages\django\template\base.py", line 516, in parse
    compiled_result = compile_func(self, token)
                      ^^^^^^^^^^^^^^^^^^^^^^^^^
  File "C:\Users\maksk\AppData\Local\Packages\PythonSoftwareFoundation.Python.3.11_qbz5n2kfra8p0\LocalCache\local-packages\Python311\site-packages\django\template\loader_tags.py", line 295, in do_extends
    nodelist = parser.parse()
               ^^^^^^^^^^^^^^
  File "C:\Users\maksk\AppData\Local\Packages\PythonSoftwareFoundation.Python.3.11_qbz5n2kfra8p0\LocalCache\local-packages\Python311\site-packages\django\template\base.py", line 518, in parse
    raise self.error(token, e)
  File "C:\Users\maksk\AppData\Local\Packages\PythonSoftwareFoundation.Python.3.11_qbz5n2kfra8p0\LocalCache\local-packages\Python311\site-packages\django\template\base.py", line 516, in parse
    compiled_result = compile_func(self, token)
                      ^^^^^^^^^^^^^^^^^^^^^^^^^
  File "C:\Users\maksk\AppData\Local\Packages\PythonSoftwareFoundation.Python.3.11_qbz5n2kfra8p0\LocalCache\local-packages\Python311\site-packages\django\template\loader_tags.py", line 234, in do_block
    nodelist = parser.parse(("endblock",))
               ^^^^^^^^^^^^^^^^^^^^^^^^^^^
  File "C:\Users\maksk\AppData\Local\Packages\PythonSoftwareFoundation.Python.3.11_qbz5n2kfra8p0\LocalCache\local-packages\Python311\site-packages\django\template\base.py", line 518, in parse
    raise self.error(token, e)
  File "C:\Users\maksk\AppData\Local\Packages\PythonSoftwareFoundation.Python.3.11_qbz5n2kfra8p0\LocalCache\local-packages\Python311\site-packages\django\template\base.py", line 516, in parse
    compiled_result = compile_func(self, token)
                      ^^^^^^^^^^^^^^^^^^^^^^^^^
  File "C:\Users\maksk\AppData\Local\Packages\PythonSoftwareFoundation.Python.3.11_qbz5n2kfra8p0\LocalCache\local-packages\Python311\site-packages\django\templatetags\static.py", line 171, in do_static
    return StaticNode.handle_token(parser, token)
           ^^^^^^^^^^^^^^^^^^^^^^^^^^^^^^^^^^^^^^
  File "C:\Users\maksk\AppData\Local\Packages\PythonSoftwareFoundation.Python.3.11_qbz5n2kfra8p0\LocalCache\local-packages\Python311\site-packages\django\templatetags\static.py", line 145, in handle_token
    path = parser.compile_filter(bits[1])
           ^^^^^^^^^^^^^^^^^^^^^^^^^^^^^^
  File "C:\Users\maksk\AppData\Local\Packages\PythonSoftwareFoundation.Python.3.11_qbz5n2kfra8p0\LocalCache\local-packages\Python311\site-packages\django\template\base.py", line 605, in compile_filter
    return FilterExpression(token, self)
           ^^^^^^^^^^^^^^^^^^^^^^^^^^^^^
  File "C:\Users\maksk\AppData\Local\Packages\PythonSoftwareFoundation.Python.3.11_qbz5n2kfra8p0\LocalCache\local-packages\Python311\site-packages\django\template\base.py", line 706, in __init__
    raise TemplateSyntaxError(
django.template.exceptions.TemplateSyntaxError: Could not parse the remainder: ',' from ''images/logo-mobile@1x.png','
2024-09-10 11:28:39,600 - ERROR - Internal Server Error: /privacy_policy
Traceback (most recent call last):
  File "C:\Users\maksk\AppData\Local\Packages\PythonSoftwareFoundation.Python.3.11_qbz5n2kfra8p0\LocalCache\local-packages\Python311\site-packages\django\core\handlers\exception.py", line 55, in inner
    response = get_response(request)
               ^^^^^^^^^^^^^^^^^^^^^
  File "C:\Users\maksk\AppData\Local\Packages\PythonSoftwareFoundation.Python.3.11_qbz5n2kfra8p0\LocalCache\local-packages\Python311\site-packages\django\core\handlers\base.py", line 197, in _get_response
    response = wrapped_callback(request, *callback_args, **callback_kwargs)
               ^^^^^^^^^^^^^^^^^^^^^^^^^^^^^^^^^^^^^^^^^^^^^^^^^^^^^^^^^^^^
  File "C:\Users\maksk\Desktop\lab5\rent_cars\portal\views.py", line 11, in privacy_policy
    return render(request, 'portal/privacy_policy.html')
           ^^^^^^^^^^^^^^^^^^^^^^^^^^^^^^^^^^^^^^^^^^^^^
  File "C:\Users\maksk\AppData\Local\Packages\PythonSoftwareFoundation.Python.3.11_qbz5n2kfra8p0\LocalCache\local-packages\Python311\site-packages\django\shortcuts.py", line 25, in render
    content = loader.render_to_string(template_name, context, request, using=using)
              ^^^^^^^^^^^^^^^^^^^^^^^^^^^^^^^^^^^^^^^^^^^^^^^^^^^^^^^^^^^^^^^^^^^^^
  File "C:\Users\maksk\AppData\Local\Packages\PythonSoftwareFoundation.Python.3.11_qbz5n2kfra8p0\LocalCache\local-packages\Python311\site-packages\django\template\loader.py", line 61, in render_to_string
    template = get_template(template_name, using=using)
               ^^^^^^^^^^^^^^^^^^^^^^^^^^^^^^^^^^^^^^^^
  File "C:\Users\maksk\AppData\Local\Packages\PythonSoftwareFoundation.Python.3.11_qbz5n2kfra8p0\LocalCache\local-packages\Python311\site-packages\django\template\loader.py", line 15, in get_template
    return engine.get_template(template_name)
           ^^^^^^^^^^^^^^^^^^^^^^^^^^^^^^^^^^
  File "C:\Users\maksk\AppData\Local\Packages\PythonSoftwareFoundation.Python.3.11_qbz5n2kfra8p0\LocalCache\local-packages\Python311\site-packages\django\template\backends\django.py", line 79, in get_template
    return Template(self.engine.get_template(template_name), self)
                    ^^^^^^^^^^^^^^^^^^^^^^^^^^^^^^^^^^^^^^^
  File "C:\Users\maksk\AppData\Local\Packages\PythonSoftwareFoundation.Python.3.11_qbz5n2kfra8p0\LocalCache\local-packages\Python311\site-packages\django\template\engine.py", line 177, in get_template
    template, origin = self.find_template(template_name)
                       ^^^^^^^^^^^^^^^^^^^^^^^^^^^^^^^^^
  File "C:\Users\maksk\AppData\Local\Packages\PythonSoftwareFoundation.Python.3.11_qbz5n2kfra8p0\LocalCache\local-packages\Python311\site-packages\django\template\engine.py", line 159, in find_template
    template = loader.get_template(name, skip=skip)
               ^^^^^^^^^^^^^^^^^^^^^^^^^^^^^^^^^^^^
  File "C:\Users\maksk\AppData\Local\Packages\PythonSoftwareFoundation.Python.3.11_qbz5n2kfra8p0\LocalCache\local-packages\Python311\site-packages\django\template\loaders\cached.py", line 57, in get_template
    template = super().get_template(template_name, skip)
               ^^^^^^^^^^^^^^^^^^^^^^^^^^^^^^^^^^^^^^^^^
  File "C:\Users\maksk\AppData\Local\Packages\PythonSoftwareFoundation.Python.3.11_qbz5n2kfra8p0\LocalCache\local-packages\Python311\site-packages\django\template\loaders\base.py", line 28, in get_template
    return Template(
           ^^^^^^^^^
  File "C:\Users\maksk\AppData\Local\Packages\PythonSoftwareFoundation.Python.3.11_qbz5n2kfra8p0\LocalCache\local-packages\Python311\site-packages\django\template\base.py", line 154, in __init__
    self.nodelist = self.compile_nodelist()
                    ^^^^^^^^^^^^^^^^^^^^^^^
  File "C:\Users\maksk\AppData\Local\Packages\PythonSoftwareFoundation.Python.3.11_qbz5n2kfra8p0\LocalCache\local-packages\Python311\site-packages\django\template\base.py", line 196, in compile_nodelist
    nodelist = parser.parse()
               ^^^^^^^^^^^^^^
  File "C:\Users\maksk\AppData\Local\Packages\PythonSoftwareFoundation.Python.3.11_qbz5n2kfra8p0\LocalCache\local-packages\Python311\site-packages\django\template\base.py", line 518, in parse
    raise self.error(token, e)
  File "C:\Users\maksk\AppData\Local\Packages\PythonSoftwareFoundation.Python.3.11_qbz5n2kfra8p0\LocalCache\local-packages\Python311\site-packages\django\template\base.py", line 516, in parse
    compiled_result = compile_func(self, token)
                      ^^^^^^^^^^^^^^^^^^^^^^^^^
  File "C:\Users\maksk\AppData\Local\Packages\PythonSoftwareFoundation.Python.3.11_qbz5n2kfra8p0\LocalCache\local-packages\Python311\site-packages\django\template\loader_tags.py", line 295, in do_extends
    nodelist = parser.parse()
               ^^^^^^^^^^^^^^
  File "C:\Users\maksk\AppData\Local\Packages\PythonSoftwareFoundation.Python.3.11_qbz5n2kfra8p0\LocalCache\local-packages\Python311\site-packages\django\template\base.py", line 518, in parse
    raise self.error(token, e)
  File "C:\Users\maksk\AppData\Local\Packages\PythonSoftwareFoundation.Python.3.11_qbz5n2kfra8p0\LocalCache\local-packages\Python311\site-packages\django\template\base.py", line 516, in parse
    compiled_result = compile_func(self, token)
                      ^^^^^^^^^^^^^^^^^^^^^^^^^
  File "C:\Users\maksk\AppData\Local\Packages\PythonSoftwareFoundation.Python.3.11_qbz5n2kfra8p0\LocalCache\local-packages\Python311\site-packages\django\template\loader_tags.py", line 234, in do_block
    nodelist = parser.parse(("endblock",))
               ^^^^^^^^^^^^^^^^^^^^^^^^^^^
  File "C:\Users\maksk\AppData\Local\Packages\PythonSoftwareFoundation.Python.3.11_qbz5n2kfra8p0\LocalCache\local-packages\Python311\site-packages\django\template\base.py", line 518, in parse
    raise self.error(token, e)
  File "C:\Users\maksk\AppData\Local\Packages\PythonSoftwareFoundation.Python.3.11_qbz5n2kfra8p0\LocalCache\local-packages\Python311\site-packages\django\template\base.py", line 516, in parse
    compiled_result = compile_func(self, token)
                      ^^^^^^^^^^^^^^^^^^^^^^^^^
  File "C:\Users\maksk\AppData\Local\Packages\PythonSoftwareFoundation.Python.3.11_qbz5n2kfra8p0\LocalCache\local-packages\Python311\site-packages\django\templatetags\static.py", line 171, in do_static
    return StaticNode.handle_token(parser, token)
           ^^^^^^^^^^^^^^^^^^^^^^^^^^^^^^^^^^^^^^
  File "C:\Users\maksk\AppData\Local\Packages\PythonSoftwareFoundation.Python.3.11_qbz5n2kfra8p0\LocalCache\local-packages\Python311\site-packages\django\templatetags\static.py", line 145, in handle_token
    path = parser.compile_filter(bits[1])
           ^^^^^^^^^^^^^^^^^^^^^^^^^^^^^^
  File "C:\Users\maksk\AppData\Local\Packages\PythonSoftwareFoundation.Python.3.11_qbz5n2kfra8p0\LocalCache\local-packages\Python311\site-packages\django\template\base.py", line 605, in compile_filter
    return FilterExpression(token, self)
           ^^^^^^^^^^^^^^^^^^^^^^^^^^^^^
  File "C:\Users\maksk\AppData\Local\Packages\PythonSoftwareFoundation.Python.3.11_qbz5n2kfra8p0\LocalCache\local-packages\Python311\site-packages\django\template\base.py", line 706, in __init__
    raise TemplateSyntaxError(
django.template.exceptions.TemplateSyntaxError: Could not parse the remainder: ',' from ''images/logo-mobile@1x.png','
2024-09-10 11:28:54,067 - ERROR - Internal Server Error: /privacy_policy
Traceback (most recent call last):
  File "C:\Users\maksk\AppData\Local\Packages\PythonSoftwareFoundation.Python.3.11_qbz5n2kfra8p0\LocalCache\local-packages\Python311\site-packages\django\core\handlers\exception.py", line 55, in inner
    response = get_response(request)
               ^^^^^^^^^^^^^^^^^^^^^
  File "C:\Users\maksk\AppData\Local\Packages\PythonSoftwareFoundation.Python.3.11_qbz5n2kfra8p0\LocalCache\local-packages\Python311\site-packages\django\core\handlers\base.py", line 197, in _get_response
    response = wrapped_callback(request, *callback_args, **callback_kwargs)
               ^^^^^^^^^^^^^^^^^^^^^^^^^^^^^^^^^^^^^^^^^^^^^^^^^^^^^^^^^^^^
  File "C:\Users\maksk\Desktop\lab5\rent_cars\portal\views.py", line 11, in privacy_policy
    return render(request, 'portal/privacy_policy.html')
           ^^^^^^^^^^^^^^^^^^^^^^^^^^^^^^^^^^^^^^^^^^^^^
  File "C:\Users\maksk\AppData\Local\Packages\PythonSoftwareFoundation.Python.3.11_qbz5n2kfra8p0\LocalCache\local-packages\Python311\site-packages\django\shortcuts.py", line 25, in render
    content = loader.render_to_string(template_name, context, request, using=using)
              ^^^^^^^^^^^^^^^^^^^^^^^^^^^^^^^^^^^^^^^^^^^^^^^^^^^^^^^^^^^^^^^^^^^^^
  File "C:\Users\maksk\AppData\Local\Packages\PythonSoftwareFoundation.Python.3.11_qbz5n2kfra8p0\LocalCache\local-packages\Python311\site-packages\django\template\loader.py", line 61, in render_to_string
    template = get_template(template_name, using=using)
               ^^^^^^^^^^^^^^^^^^^^^^^^^^^^^^^^^^^^^^^^
  File "C:\Users\maksk\AppData\Local\Packages\PythonSoftwareFoundation.Python.3.11_qbz5n2kfra8p0\LocalCache\local-packages\Python311\site-packages\django\template\loader.py", line 15, in get_template
    return engine.get_template(template_name)
           ^^^^^^^^^^^^^^^^^^^^^^^^^^^^^^^^^^
  File "C:\Users\maksk\AppData\Local\Packages\PythonSoftwareFoundation.Python.3.11_qbz5n2kfra8p0\LocalCache\local-packages\Python311\site-packages\django\template\backends\django.py", line 79, in get_template
    return Template(self.engine.get_template(template_name), self)
                    ^^^^^^^^^^^^^^^^^^^^^^^^^^^^^^^^^^^^^^^
  File "C:\Users\maksk\AppData\Local\Packages\PythonSoftwareFoundation.Python.3.11_qbz5n2kfra8p0\LocalCache\local-packages\Python311\site-packages\django\template\engine.py", line 177, in get_template
    template, origin = self.find_template(template_name)
                       ^^^^^^^^^^^^^^^^^^^^^^^^^^^^^^^^^
  File "C:\Users\maksk\AppData\Local\Packages\PythonSoftwareFoundation.Python.3.11_qbz5n2kfra8p0\LocalCache\local-packages\Python311\site-packages\django\template\engine.py", line 159, in find_template
    template = loader.get_template(name, skip=skip)
               ^^^^^^^^^^^^^^^^^^^^^^^^^^^^^^^^^^^^
  File "C:\Users\maksk\AppData\Local\Packages\PythonSoftwareFoundation.Python.3.11_qbz5n2kfra8p0\LocalCache\local-packages\Python311\site-packages\django\template\loaders\cached.py", line 57, in get_template
    template = super().get_template(template_name, skip)
               ^^^^^^^^^^^^^^^^^^^^^^^^^^^^^^^^^^^^^^^^^
  File "C:\Users\maksk\AppData\Local\Packages\PythonSoftwareFoundation.Python.3.11_qbz5n2kfra8p0\LocalCache\local-packages\Python311\site-packages\django\template\loaders\base.py", line 28, in get_template
    return Template(
           ^^^^^^^^^
  File "C:\Users\maksk\AppData\Local\Packages\PythonSoftwareFoundation.Python.3.11_qbz5n2kfra8p0\LocalCache\local-packages\Python311\site-packages\django\template\base.py", line 154, in __init__
    self.nodelist = self.compile_nodelist()
                    ^^^^^^^^^^^^^^^^^^^^^^^
  File "C:\Users\maksk\AppData\Local\Packages\PythonSoftwareFoundation.Python.3.11_qbz5n2kfra8p0\LocalCache\local-packages\Python311\site-packages\django\template\base.py", line 196, in compile_nodelist
    nodelist = parser.parse()
               ^^^^^^^^^^^^^^
  File "C:\Users\maksk\AppData\Local\Packages\PythonSoftwareFoundation.Python.3.11_qbz5n2kfra8p0\LocalCache\local-packages\Python311\site-packages\django\template\base.py", line 518, in parse
    raise self.error(token, e)
  File "C:\Users\maksk\AppData\Local\Packages\PythonSoftwareFoundation.Python.3.11_qbz5n2kfra8p0\LocalCache\local-packages\Python311\site-packages\django\template\base.py", line 516, in parse
    compiled_result = compile_func(self, token)
                      ^^^^^^^^^^^^^^^^^^^^^^^^^
  File "C:\Users\maksk\AppData\Local\Packages\PythonSoftwareFoundation.Python.3.11_qbz5n2kfra8p0\LocalCache\local-packages\Python311\site-packages\django\template\loader_tags.py", line 295, in do_extends
    nodelist = parser.parse()
               ^^^^^^^^^^^^^^
  File "C:\Users\maksk\AppData\Local\Packages\PythonSoftwareFoundation.Python.3.11_qbz5n2kfra8p0\LocalCache\local-packages\Python311\site-packages\django\template\base.py", line 518, in parse
    raise self.error(token, e)
  File "C:\Users\maksk\AppData\Local\Packages\PythonSoftwareFoundation.Python.3.11_qbz5n2kfra8p0\LocalCache\local-packages\Python311\site-packages\django\template\base.py", line 516, in parse
    compiled_result = compile_func(self, token)
                      ^^^^^^^^^^^^^^^^^^^^^^^^^
  File "C:\Users\maksk\AppData\Local\Packages\PythonSoftwareFoundation.Python.3.11_qbz5n2kfra8p0\LocalCache\local-packages\Python311\site-packages\django\template\loader_tags.py", line 234, in do_block
    nodelist = parser.parse(("endblock",))
               ^^^^^^^^^^^^^^^^^^^^^^^^^^^
  File "C:\Users\maksk\AppData\Local\Packages\PythonSoftwareFoundation.Python.3.11_qbz5n2kfra8p0\LocalCache\local-packages\Python311\site-packages\django\template\base.py", line 518, in parse
    raise self.error(token, e)
  File "C:\Users\maksk\AppData\Local\Packages\PythonSoftwareFoundation.Python.3.11_qbz5n2kfra8p0\LocalCache\local-packages\Python311\site-packages\django\template\base.py", line 516, in parse
    compiled_result = compile_func(self, token)
                      ^^^^^^^^^^^^^^^^^^^^^^^^^
  File "C:\Users\maksk\AppData\Local\Packages\PythonSoftwareFoundation.Python.3.11_qbz5n2kfra8p0\LocalCache\local-packages\Python311\site-packages\django\templatetags\static.py", line 171, in do_static
    return StaticNode.handle_token(parser, token)
           ^^^^^^^^^^^^^^^^^^^^^^^^^^^^^^^^^^^^^^
  File "C:\Users\maksk\AppData\Local\Packages\PythonSoftwareFoundation.Python.3.11_qbz5n2kfra8p0\LocalCache\local-packages\Python311\site-packages\django\templatetags\static.py", line 145, in handle_token
    path = parser.compile_filter(bits[1])
           ^^^^^^^^^^^^^^^^^^^^^^^^^^^^^^
  File "C:\Users\maksk\AppData\Local\Packages\PythonSoftwareFoundation.Python.3.11_qbz5n2kfra8p0\LocalCache\local-packages\Python311\site-packages\django\template\base.py", line 605, in compile_filter
    return FilterExpression(token, self)
           ^^^^^^^^^^^^^^^^^^^^^^^^^^^^^
  File "C:\Users\maksk\AppData\Local\Packages\PythonSoftwareFoundation.Python.3.11_qbz5n2kfra8p0\LocalCache\local-packages\Python311\site-packages\django\template\base.py", line 706, in __init__
    raise TemplateSyntaxError(
django.template.exceptions.TemplateSyntaxError: Could not parse the remainder: ',' from ''images/logo-mobile@1x.png','
2024-09-10 11:49:41,622 - INFO - Вызвана главная страница
2024-09-10 11:49:51,972 - INFO - Вызвана главная страница
2024-09-10 11:50:02,280 - INFO - Вызвана главная страница
2024-09-10 11:50:12,655 - INFO - Вызвана главная страница
2024-09-10 11:50:23,007 - INFO - Вызвана главная страница
2024-09-10 11:50:33,263 - INFO - Вызвана главная страница
2024-09-10 11:50:43,606 - INFO - Вызвана главная страница
2024-09-10 11:50:53,861 - INFO - Вызвана главная страница
2024-09-10 11:51:04,184 - INFO - Вызвана главная страница
2024-09-10 11:51:14,546 - INFO - Вызвана главная страница
2024-09-10 11:51:24,860 - INFO - Вызвана главная страница
2024-09-10 11:51:35,170 - INFO - Вызвана главная страница
2024-09-10 11:51:45,416 - INFO - Вызвана главная страница
2024-09-10 11:51:55,776 - INFO - Вызвана главная страница
2024-09-10 11:52:05,366 - INFO - Вызвана главная страница
2024-09-10 11:52:15,617 - INFO - Вызвана главная страница
2024-09-10 11:52:25,832 - INFO - Вызвана главная страница
2024-09-10 11:52:36,144 - INFO - Вызвана главная страница
2024-09-10 11:52:46,394 - INFO - Вызвана главная страница
2024-09-10 11:52:56,665 - INFO - Вызвана главная страница
2024-09-10 11:53:06,979 - INFO - Вызвана главная страница
2024-09-10 11:53:17,305 - INFO - Вызвана главная страница
2024-09-10 11:53:54,843 - INFO - Вызвана главная страница
2024-09-10 11:53:55,325 - INFO - Вызвана главная страница
2024-09-10 11:53:56,948 - INFO - Вызвана главная страница
2024-09-10 11:54:00,645 - INFO - Вызвана главная страница
2024-09-10 19:08:57,944 - INFO - Вызвана главная страница
2024-09-10 19:09:08,898 - INFO - Вызвана главная страница
2024-09-10 19:09:19,347 - INFO - Вызвана главная страница
2024-09-10 19:09:23,875 - INFO - Вызвана главная страница
2024-09-10 19:09:29,515 - INFO - Вызвана главная страница
2024-09-10 19:09:34,436 - INFO - Вызвана главная страница
2024-09-10 19:09:35,732 - ERROR - Internal Server Error: /faq/
Traceback (most recent call last):
  File "C:\Users\maksk\AppData\Local\Packages\PythonSoftwareFoundation.Python.3.11_qbz5n2kfra8p0\LocalCache\local-packages\Python311\site-packages\django\core\handlers\exception.py", line 55, in inner
    response = get_response(request)
               ^^^^^^^^^^^^^^^^^^^^^
  File "C:\Users\maksk\AppData\Local\Packages\PythonSoftwareFoundation.Python.3.11_qbz5n2kfra8p0\LocalCache\local-packages\Python311\site-packages\django\core\handlers\base.py", line 197, in _get_response
    response = wrapped_callback(request, *callback_args, **callback_kwargs)
               ^^^^^^^^^^^^^^^^^^^^^^^^^^^^^^^^^^^^^^^^^^^^^^^^^^^^^^^^^^^^
  File "C:\Users\maksk\Desktop\lab5\rent_cars\portal\views.py", line 27, in faq_list
    return render(request, 'portal/faq.html', {'faqs': faqs})
           ^^^^^^^^^^^^^^^^^^^^^^^^^^^^^^^^^^^^^^^^^^^^^^^^^^
  File "C:\Users\maksk\AppData\Local\Packages\PythonSoftwareFoundation.Python.3.11_qbz5n2kfra8p0\LocalCache\local-packages\Python311\site-packages\django\shortcuts.py", line 25, in render
    content = loader.render_to_string(template_name, context, request, using=using)
              ^^^^^^^^^^^^^^^^^^^^^^^^^^^^^^^^^^^^^^^^^^^^^^^^^^^^^^^^^^^^^^^^^^^^^
  File "C:\Users\maksk\AppData\Local\Packages\PythonSoftwareFoundation.Python.3.11_qbz5n2kfra8p0\LocalCache\local-packages\Python311\site-packages\django\template\loader.py", line 61, in render_to_string
    template = get_template(template_name, using=using)
               ^^^^^^^^^^^^^^^^^^^^^^^^^^^^^^^^^^^^^^^^
  File "C:\Users\maksk\AppData\Local\Packages\PythonSoftwareFoundation.Python.3.11_qbz5n2kfra8p0\LocalCache\local-packages\Python311\site-packages\django\template\loader.py", line 15, in get_template
    return engine.get_template(template_name)
           ^^^^^^^^^^^^^^^^^^^^^^^^^^^^^^^^^^
  File "C:\Users\maksk\AppData\Local\Packages\PythonSoftwareFoundation.Python.3.11_qbz5n2kfra8p0\LocalCache\local-packages\Python311\site-packages\django\template\backends\django.py", line 79, in get_template
    return Template(self.engine.get_template(template_name), self)
                    ^^^^^^^^^^^^^^^^^^^^^^^^^^^^^^^^^^^^^^^
  File "C:\Users\maksk\AppData\Local\Packages\PythonSoftwareFoundation.Python.3.11_qbz5n2kfra8p0\LocalCache\local-packages\Python311\site-packages\django\template\engine.py", line 177, in get_template
    template, origin = self.find_template(template_name)
                       ^^^^^^^^^^^^^^^^^^^^^^^^^^^^^^^^^
  File "C:\Users\maksk\AppData\Local\Packages\PythonSoftwareFoundation.Python.3.11_qbz5n2kfra8p0\LocalCache\local-packages\Python311\site-packages\django\template\engine.py", line 159, in find_template
    template = loader.get_template(name, skip=skip)
               ^^^^^^^^^^^^^^^^^^^^^^^^^^^^^^^^^^^^
  File "C:\Users\maksk\AppData\Local\Packages\PythonSoftwareFoundation.Python.3.11_qbz5n2kfra8p0\LocalCache\local-packages\Python311\site-packages\django\template\loaders\cached.py", line 57, in get_template
    template = super().get_template(template_name, skip)
               ^^^^^^^^^^^^^^^^^^^^^^^^^^^^^^^^^^^^^^^^^
  File "C:\Users\maksk\AppData\Local\Packages\PythonSoftwareFoundation.Python.3.11_qbz5n2kfra8p0\LocalCache\local-packages\Python311\site-packages\django\template\loaders\base.py", line 28, in get_template
    return Template(
           ^^^^^^^^^
  File "C:\Users\maksk\AppData\Local\Packages\PythonSoftwareFoundation.Python.3.11_qbz5n2kfra8p0\LocalCache\local-packages\Python311\site-packages\django\template\base.py", line 154, in __init__
    self.nodelist = self.compile_nodelist()
                    ^^^^^^^^^^^^^^^^^^^^^^^
  File "C:\Users\maksk\AppData\Local\Packages\PythonSoftwareFoundation.Python.3.11_qbz5n2kfra8p0\LocalCache\local-packages\Python311\site-packages\django\template\base.py", line 196, in compile_nodelist
    nodelist = parser.parse()
               ^^^^^^^^^^^^^^
  File "C:\Users\maksk\AppData\Local\Packages\PythonSoftwareFoundation.Python.3.11_qbz5n2kfra8p0\LocalCache\local-packages\Python311\site-packages\django\template\base.py", line 518, in parse
    raise self.error(token, e)
  File "C:\Users\maksk\AppData\Local\Packages\PythonSoftwareFoundation.Python.3.11_qbz5n2kfra8p0\LocalCache\local-packages\Python311\site-packages\django\template\base.py", line 516, in parse
    compiled_result = compile_func(self, token)
                      ^^^^^^^^^^^^^^^^^^^^^^^^^
  File "C:\Users\maksk\AppData\Local\Packages\PythonSoftwareFoundation.Python.3.11_qbz5n2kfra8p0\LocalCache\local-packages\Python311\site-packages\django\template\loader_tags.py", line 295, in do_extends
    nodelist = parser.parse()
               ^^^^^^^^^^^^^^
  File "C:\Users\maksk\AppData\Local\Packages\PythonSoftwareFoundation.Python.3.11_qbz5n2kfra8p0\LocalCache\local-packages\Python311\site-packages\django\template\base.py", line 518, in parse
    raise self.error(token, e)
  File "C:\Users\maksk\AppData\Local\Packages\PythonSoftwareFoundation.Python.3.11_qbz5n2kfra8p0\LocalCache\local-packages\Python311\site-packages\django\template\base.py", line 516, in parse
    compiled_result = compile_func(self, token)
                      ^^^^^^^^^^^^^^^^^^^^^^^^^
  File "C:\Users\maksk\AppData\Local\Packages\PythonSoftwareFoundation.Python.3.11_qbz5n2kfra8p0\LocalCache\local-packages\Python311\site-packages\django\template\loader_tags.py", line 234, in do_block
    nodelist = parser.parse(("endblock",))
               ^^^^^^^^^^^^^^^^^^^^^^^^^^^
  File "C:\Users\maksk\AppData\Local\Packages\PythonSoftwareFoundation.Python.3.11_qbz5n2kfra8p0\LocalCache\local-packages\Python311\site-packages\django\template\base.py", line 523, in parse
    self.unclosed_block_tag(parse_until)
  File "C:\Users\maksk\AppData\Local\Packages\PythonSoftwareFoundation.Python.3.11_qbz5n2kfra8p0\LocalCache\local-packages\Python311\site-packages\django\template\base.py", line 586, in unclosed_block_tag
    raise self.error(token, msg)
django.template.exceptions.TemplateSyntaxError: Unclosed tag on line 1: 'block'. Looking for one of: endblock.
2024-09-10 19:09:35,999 - WARNING - Not Found: /favicon.ico
2024-09-10 19:09:39,735 - INFO - Вызвана главная страница
2024-09-10 19:09:49,995 - INFO - Вызвана главная страница
2024-09-10 19:10:00,279 - ERROR - Internal Server Error: /faq/
Traceback (most recent call last):
  File "C:\Users\maksk\AppData\Local\Packages\PythonSoftwareFoundation.Python.3.11_qbz5n2kfra8p0\LocalCache\local-packages\Python311\site-packages\django\core\handlers\exception.py", line 55, in inner
    response = get_response(request)
               ^^^^^^^^^^^^^^^^^^^^^
  File "C:\Users\maksk\AppData\Local\Packages\PythonSoftwareFoundation.Python.3.11_qbz5n2kfra8p0\LocalCache\local-packages\Python311\site-packages\django\core\handlers\base.py", line 197, in _get_response
    response = wrapped_callback(request, *callback_args, **callback_kwargs)
               ^^^^^^^^^^^^^^^^^^^^^^^^^^^^^^^^^^^^^^^^^^^^^^^^^^^^^^^^^^^^
  File "C:\Users\maksk\Desktop\lab5\rent_cars\portal\views.py", line 27, in faq_list
    return render(request, 'portal/faq.html', {'faqs': faqs})
           ^^^^^^^^^^^^^^^^^^^^^^^^^^^^^^^^^^^^^^^^^^^^^^^^^^
  File "C:\Users\maksk\AppData\Local\Packages\PythonSoftwareFoundation.Python.3.11_qbz5n2kfra8p0\LocalCache\local-packages\Python311\site-packages\django\shortcuts.py", line 25, in render
    content = loader.render_to_string(template_name, context, request, using=using)
              ^^^^^^^^^^^^^^^^^^^^^^^^^^^^^^^^^^^^^^^^^^^^^^^^^^^^^^^^^^^^^^^^^^^^^
  File "C:\Users\maksk\AppData\Local\Packages\PythonSoftwareFoundation.Python.3.11_qbz5n2kfra8p0\LocalCache\local-packages\Python311\site-packages\django\template\loader.py", line 61, in render_to_string
    template = get_template(template_name, using=using)
               ^^^^^^^^^^^^^^^^^^^^^^^^^^^^^^^^^^^^^^^^
  File "C:\Users\maksk\AppData\Local\Packages\PythonSoftwareFoundation.Python.3.11_qbz5n2kfra8p0\LocalCache\local-packages\Python311\site-packages\django\template\loader.py", line 15, in get_template
    return engine.get_template(template_name)
           ^^^^^^^^^^^^^^^^^^^^^^^^^^^^^^^^^^
  File "C:\Users\maksk\AppData\Local\Packages\PythonSoftwareFoundation.Python.3.11_qbz5n2kfra8p0\LocalCache\local-packages\Python311\site-packages\django\template\backends\django.py", line 79, in get_template
    return Template(self.engine.get_template(template_name), self)
                    ^^^^^^^^^^^^^^^^^^^^^^^^^^^^^^^^^^^^^^^
  File "C:\Users\maksk\AppData\Local\Packages\PythonSoftwareFoundation.Python.3.11_qbz5n2kfra8p0\LocalCache\local-packages\Python311\site-packages\django\template\engine.py", line 177, in get_template
    template, origin = self.find_template(template_name)
                       ^^^^^^^^^^^^^^^^^^^^^^^^^^^^^^^^^
  File "C:\Users\maksk\AppData\Local\Packages\PythonSoftwareFoundation.Python.3.11_qbz5n2kfra8p0\LocalCache\local-packages\Python311\site-packages\django\template\engine.py", line 159, in find_template
    template = loader.get_template(name, skip=skip)
               ^^^^^^^^^^^^^^^^^^^^^^^^^^^^^^^^^^^^
  File "C:\Users\maksk\AppData\Local\Packages\PythonSoftwareFoundation.Python.3.11_qbz5n2kfra8p0\LocalCache\local-packages\Python311\site-packages\django\template\loaders\cached.py", line 57, in get_template
    template = super().get_template(template_name, skip)
               ^^^^^^^^^^^^^^^^^^^^^^^^^^^^^^^^^^^^^^^^^
  File "C:\Users\maksk\AppData\Local\Packages\PythonSoftwareFoundation.Python.3.11_qbz5n2kfra8p0\LocalCache\local-packages\Python311\site-packages\django\template\loaders\base.py", line 28, in get_template
    return Template(
           ^^^^^^^^^
  File "C:\Users\maksk\AppData\Local\Packages\PythonSoftwareFoundation.Python.3.11_qbz5n2kfra8p0\LocalCache\local-packages\Python311\site-packages\django\template\base.py", line 154, in __init__
    self.nodelist = self.compile_nodelist()
                    ^^^^^^^^^^^^^^^^^^^^^^^
  File "C:\Users\maksk\AppData\Local\Packages\PythonSoftwareFoundation.Python.3.11_qbz5n2kfra8p0\LocalCache\local-packages\Python311\site-packages\django\template\base.py", line 196, in compile_nodelist
    nodelist = parser.parse()
               ^^^^^^^^^^^^^^
  File "C:\Users\maksk\AppData\Local\Packages\PythonSoftwareFoundation.Python.3.11_qbz5n2kfra8p0\LocalCache\local-packages\Python311\site-packages\django\template\base.py", line 518, in parse
    raise self.error(token, e)
  File "C:\Users\maksk\AppData\Local\Packages\PythonSoftwareFoundation.Python.3.11_qbz5n2kfra8p0\LocalCache\local-packages\Python311\site-packages\django\template\base.py", line 516, in parse
    compiled_result = compile_func(self, token)
                      ^^^^^^^^^^^^^^^^^^^^^^^^^
  File "C:\Users\maksk\AppData\Local\Packages\PythonSoftwareFoundation.Python.3.11_qbz5n2kfra8p0\LocalCache\local-packages\Python311\site-packages\django\template\loader_tags.py", line 295, in do_extends
    nodelist = parser.parse()
               ^^^^^^^^^^^^^^
  File "C:\Users\maksk\AppData\Local\Packages\PythonSoftwareFoundation.Python.3.11_qbz5n2kfra8p0\LocalCache\local-packages\Python311\site-packages\django\template\base.py", line 518, in parse
    raise self.error(token, e)
  File "C:\Users\maksk\AppData\Local\Packages\PythonSoftwareFoundation.Python.3.11_qbz5n2kfra8p0\LocalCache\local-packages\Python311\site-packages\django\template\base.py", line 516, in parse
    compiled_result = compile_func(self, token)
                      ^^^^^^^^^^^^^^^^^^^^^^^^^
  File "C:\Users\maksk\AppData\Local\Packages\PythonSoftwareFoundation.Python.3.11_qbz5n2kfra8p0\LocalCache\local-packages\Python311\site-packages\django\template\loader_tags.py", line 234, in do_block
    nodelist = parser.parse(("endblock",))
               ^^^^^^^^^^^^^^^^^^^^^^^^^^^
  File "C:\Users\maksk\AppData\Local\Packages\PythonSoftwareFoundation.Python.3.11_qbz5n2kfra8p0\LocalCache\local-packages\Python311\site-packages\django\template\base.py", line 523, in parse
    self.unclosed_block_tag(parse_until)
  File "C:\Users\maksk\AppData\Local\Packages\PythonSoftwareFoundation.Python.3.11_qbz5n2kfra8p0\LocalCache\local-packages\Python311\site-packages\django\template\base.py", line 586, in unclosed_block_tag
    raise self.error(token, msg)
django.template.exceptions.TemplateSyntaxError: Unclosed tag on line 1: 'block'. Looking for one of: endblock.
2024-09-10 19:10:00,456 - INFO - Вызвана главная страница
2024-09-10 19:10:10,916 - INFO - Вызвана главная страница
2024-09-10 19:10:21,419 - INFO - Вызвана главная страница
2024-09-10 19:10:31,642 - INFO - Вызвана главная страница
2024-09-10 19:10:41,948 - INFO - Вызвана главная страница
2024-09-10 19:10:52,129 - INFO - Вызвана главная страница
2024-09-10 19:11:03,130 - INFO - Вызвана главная страница
2024-09-10 19:11:13,429 - INFO - Вызвана главная страница
2024-09-10 19:11:24,082 - INFO - Вызвана главная страница
2024-09-10 19:11:34,745 - INFO - Вызвана главная страница
2024-09-10 19:11:46,064 - INFO - Вызвана главная страница
2024-09-10 19:11:56,246 - INFO - Вызвана главная страница
2024-09-10 19:12:06,511 - INFO - Вызвана главная страница
2024-09-10 19:12:16,627 - INFO - Вызвана главная страница
2024-09-10 19:12:26,771 - INFO - Вызвана главная страница
2024-09-10 19:12:38,131 - INFO - Вызвана главная страница
2024-09-10 19:12:48,332 - INFO - Вызвана главная страница
2024-09-10 19:12:58,534 - INFO - Вызвана главная страница
2024-09-10 19:13:10,273 - INFO - Вызвана главная страница
2024-09-10 19:13:20,390 - INFO - Вызвана главная страница
2024-09-10 19:13:30,632 - INFO - Вызвана главная страница
2024-09-10 19:13:41,604 - INFO - Вызвана главная страница
2024-09-10 19:13:51,896 - INFO - Вызвана главная страница
2024-09-10 19:14:02,153 - INFO - Вызвана главная страница
2024-09-10 19:14:12,365 - INFO - Вызвана главная страница
2024-09-10 19:14:22,618 - INFO - Вызвана главная страница
2024-09-10 19:14:32,855 - INFO - Вызвана главная страница
2024-09-10 19:14:43,274 - INFO - Вызвана главная страница
2024-09-10 19:14:53,600 - INFO - Вызвана главная страница
2024-09-10 19:15:04,089 - INFO - Вызвана главная страница
2024-09-10 19:15:14,400 - INFO - Вызвана главная страница
2024-09-10 19:15:14,684 - ERROR - Internal Server Error: /faq/
Traceback (most recent call last):
  File "C:\Users\maksk\AppData\Local\Packages\PythonSoftwareFoundation.Python.3.11_qbz5n2kfra8p0\LocalCache\local-packages\Python311\site-packages\django\core\handlers\exception.py", line 55, in inner
    response = get_response(request)
               ^^^^^^^^^^^^^^^^^^^^^
  File "C:\Users\maksk\AppData\Local\Packages\PythonSoftwareFoundation.Python.3.11_qbz5n2kfra8p0\LocalCache\local-packages\Python311\site-packages\django\core\handlers\base.py", line 197, in _get_response
    response = wrapped_callback(request, *callback_args, **callback_kwargs)
               ^^^^^^^^^^^^^^^^^^^^^^^^^^^^^^^^^^^^^^^^^^^^^^^^^^^^^^^^^^^^
  File "C:\Users\maksk\Desktop\lab5\rent_cars\portal\views.py", line 27, in faq_list
    return render(request, 'portal/faq.html', {'faqs': faqs})
           ^^^^^^^^^^^^^^^^^^^^^^^^^^^^^^^^^^^^^^^^^^^^^^^^^^
  File "C:\Users\maksk\AppData\Local\Packages\PythonSoftwareFoundation.Python.3.11_qbz5n2kfra8p0\LocalCache\local-packages\Python311\site-packages\django\shortcuts.py", line 25, in render
    content = loader.render_to_string(template_name, context, request, using=using)
              ^^^^^^^^^^^^^^^^^^^^^^^^^^^^^^^^^^^^^^^^^^^^^^^^^^^^^^^^^^^^^^^^^^^^^
  File "C:\Users\maksk\AppData\Local\Packages\PythonSoftwareFoundation.Python.3.11_qbz5n2kfra8p0\LocalCache\local-packages\Python311\site-packages\django\template\loader.py", line 61, in render_to_string
    template = get_template(template_name, using=using)
               ^^^^^^^^^^^^^^^^^^^^^^^^^^^^^^^^^^^^^^^^
  File "C:\Users\maksk\AppData\Local\Packages\PythonSoftwareFoundation.Python.3.11_qbz5n2kfra8p0\LocalCache\local-packages\Python311\site-packages\django\template\loader.py", line 15, in get_template
    return engine.get_template(template_name)
           ^^^^^^^^^^^^^^^^^^^^^^^^^^^^^^^^^^
  File "C:\Users\maksk\AppData\Local\Packages\PythonSoftwareFoundation.Python.3.11_qbz5n2kfra8p0\LocalCache\local-packages\Python311\site-packages\django\template\backends\django.py", line 79, in get_template
    return Template(self.engine.get_template(template_name), self)
                    ^^^^^^^^^^^^^^^^^^^^^^^^^^^^^^^^^^^^^^^
  File "C:\Users\maksk\AppData\Local\Packages\PythonSoftwareFoundation.Python.3.11_qbz5n2kfra8p0\LocalCache\local-packages\Python311\site-packages\django\template\engine.py", line 177, in get_template
    template, origin = self.find_template(template_name)
                       ^^^^^^^^^^^^^^^^^^^^^^^^^^^^^^^^^
  File "C:\Users\maksk\AppData\Local\Packages\PythonSoftwareFoundation.Python.3.11_qbz5n2kfra8p0\LocalCache\local-packages\Python311\site-packages\django\template\engine.py", line 159, in find_template
    template = loader.get_template(name, skip=skip)
               ^^^^^^^^^^^^^^^^^^^^^^^^^^^^^^^^^^^^
  File "C:\Users\maksk\AppData\Local\Packages\PythonSoftwareFoundation.Python.3.11_qbz5n2kfra8p0\LocalCache\local-packages\Python311\site-packages\django\template\loaders\cached.py", line 57, in get_template
    template = super().get_template(template_name, skip)
               ^^^^^^^^^^^^^^^^^^^^^^^^^^^^^^^^^^^^^^^^^
  File "C:\Users\maksk\AppData\Local\Packages\PythonSoftwareFoundation.Python.3.11_qbz5n2kfra8p0\LocalCache\local-packages\Python311\site-packages\django\template\loaders\base.py", line 28, in get_template
    return Template(
           ^^^^^^^^^
  File "C:\Users\maksk\AppData\Local\Packages\PythonSoftwareFoundation.Python.3.11_qbz5n2kfra8p0\LocalCache\local-packages\Python311\site-packages\django\template\base.py", line 154, in __init__
    self.nodelist = self.compile_nodelist()
                    ^^^^^^^^^^^^^^^^^^^^^^^
  File "C:\Users\maksk\AppData\Local\Packages\PythonSoftwareFoundation.Python.3.11_qbz5n2kfra8p0\LocalCache\local-packages\Python311\site-packages\django\template\base.py", line 196, in compile_nodelist
    nodelist = parser.parse()
               ^^^^^^^^^^^^^^
  File "C:\Users\maksk\AppData\Local\Packages\PythonSoftwareFoundation.Python.3.11_qbz5n2kfra8p0\LocalCache\local-packages\Python311\site-packages\django\template\base.py", line 518, in parse
    raise self.error(token, e)
  File "C:\Users\maksk\AppData\Local\Packages\PythonSoftwareFoundation.Python.3.11_qbz5n2kfra8p0\LocalCache\local-packages\Python311\site-packages\django\template\base.py", line 516, in parse
    compiled_result = compile_func(self, token)
                      ^^^^^^^^^^^^^^^^^^^^^^^^^
  File "C:\Users\maksk\AppData\Local\Packages\PythonSoftwareFoundation.Python.3.11_qbz5n2kfra8p0\LocalCache\local-packages\Python311\site-packages\django\template\loader_tags.py", line 295, in do_extends
    nodelist = parser.parse()
               ^^^^^^^^^^^^^^
  File "C:\Users\maksk\AppData\Local\Packages\PythonSoftwareFoundation.Python.3.11_qbz5n2kfra8p0\LocalCache\local-packages\Python311\site-packages\django\template\base.py", line 518, in parse
    raise self.error(token, e)
  File "C:\Users\maksk\AppData\Local\Packages\PythonSoftwareFoundation.Python.3.11_qbz5n2kfra8p0\LocalCache\local-packages\Python311\site-packages\django\template\base.py", line 516, in parse
    compiled_result = compile_func(self, token)
                      ^^^^^^^^^^^^^^^^^^^^^^^^^
  File "C:\Users\maksk\AppData\Local\Packages\PythonSoftwareFoundation.Python.3.11_qbz5n2kfra8p0\LocalCache\local-packages\Python311\site-packages\django\template\loader_tags.py", line 234, in do_block
    nodelist = parser.parse(("endblock",))
               ^^^^^^^^^^^^^^^^^^^^^^^^^^^
  File "C:\Users\maksk\AppData\Local\Packages\PythonSoftwareFoundation.Python.3.11_qbz5n2kfra8p0\LocalCache\local-packages\Python311\site-packages\django\template\base.py", line 523, in parse
    self.unclosed_block_tag(parse_until)
  File "C:\Users\maksk\AppData\Local\Packages\PythonSoftwareFoundation.Python.3.11_qbz5n2kfra8p0\LocalCache\local-packages\Python311\site-packages\django\template\base.py", line 586, in unclosed_block_tag
    raise self.error(token, msg)
django.template.exceptions.TemplateSyntaxError: Unclosed tag on line 1: 'block'. Looking for one of: endblock.
2024-09-10 19:15:24,993 - INFO - Вызвана главная страница
2024-09-10 19:15:35,724 - INFO - Вызвана главная страница
2024-09-10 19:15:46,827 - INFO - Вызвана главная страница
2024-09-10 19:15:57,328 - INFO - Вызвана главная страница
2024-09-10 19:16:07,834 - INFO - Вызвана главная страница
2024-09-10 19:16:18,427 - INFO - Вызвана главная страница
2024-09-10 19:16:28,887 - INFO - Вызвана главная страница
2024-09-10 19:16:39,419 - INFO - Вызвана главная страница
2024-09-10 19:16:49,859 - INFO - Вызвана главная страница
2024-09-10 22:15:18,112 - INFO - Вызвана главная страница
2024-09-10 22:15:18,158 - ERROR - Internal Server Error: /
Traceback (most recent call last):
  File "C:\Users\maksk\AppData\Local\Packages\PythonSoftwareFoundation.Python.3.11_qbz5n2kfra8p0\LocalCache\local-packages\Python311\site-packages\django\core\handlers\exception.py", line 55, in inner
    response = get_response(request)
               ^^^^^^^^^^^^^^^^^^^^^
  File "C:\Users\maksk\AppData\Local\Packages\PythonSoftwareFoundation.Python.3.11_qbz5n2kfra8p0\LocalCache\local-packages\Python311\site-packages\django\core\handlers\base.py", line 197, in _get_response
    response = wrapped_callback(request, *callback_args, **callback_kwargs)
               ^^^^^^^^^^^^^^^^^^^^^^^^^^^^^^^^^^^^^^^^^^^^^^^^^^^^^^^^^^^^
  File "C:\Users\maksk\Desktop\lab5\rent_cars\users\views.py", line 98, in index
    return render(request, 'users/index.html', {'current_month': current_month, 'current_year': current_year, 'cal': cal, 'month_number': month_number, 'user_timezone': user_timezone, 'current_date': current_date, 'body_types': body_types, 'cars': cars, 'discounts': discounts, 'penalties': penalties, 'promoCodes': promoCodes, 'article': article, 'partners': partners})
           ^^^^^^^^^^^^^^^^^^^^^^^^^^^^^^^^^^^^^^^^^^^^^^^^^^^^^^^^^^^^^^^^^^^^^^^^^^^^^^^^^^^^^^^^^^^^^^^^^^^^^^^^^^^^^^^^^^^^^^^^^^^^^^^^^^^^^^^^^^^^^^^^^^^^^^^^^^^^^^^^^^^^^^^^^^^^^^^^^^^^^^^^^^^^^^^^^^^^^^^^^^^^^^^^^^^^^^^^^^^^^^^^^^^^^^^^^^^^^^^^^^^^^^^^^^^^^^^^^^^^^^^^^^^^^^^^^^^^^^^^^^^^^^^^^^^^^^^^^^^^^^^^^^^^^^^^^^^^^^^^^^^^^^^^^^^^^^^^^^^^^^^^^^^^^^^^^^^^^^^
  File "C:\Users\maksk\AppData\Local\Packages\PythonSoftwareFoundation.Python.3.11_qbz5n2kfra8p0\LocalCache\local-packages\Python311\site-packages\django\shortcuts.py", line 25, in render
    content = loader.render_to_string(template_name, context, request, using=using)
              ^^^^^^^^^^^^^^^^^^^^^^^^^^^^^^^^^^^^^^^^^^^^^^^^^^^^^^^^^^^^^^^^^^^^^
  File "C:\Users\maksk\AppData\Local\Packages\PythonSoftwareFoundation.Python.3.11_qbz5n2kfra8p0\LocalCache\local-packages\Python311\site-packages\django\template\loader.py", line 61, in render_to_string
    template = get_template(template_name, using=using)
               ^^^^^^^^^^^^^^^^^^^^^^^^^^^^^^^^^^^^^^^^
  File "C:\Users\maksk\AppData\Local\Packages\PythonSoftwareFoundation.Python.3.11_qbz5n2kfra8p0\LocalCache\local-packages\Python311\site-packages\django\template\loader.py", line 15, in get_template
    return engine.get_template(template_name)
           ^^^^^^^^^^^^^^^^^^^^^^^^^^^^^^^^^^
  File "C:\Users\maksk\AppData\Local\Packages\PythonSoftwareFoundation.Python.3.11_qbz5n2kfra8p0\LocalCache\local-packages\Python311\site-packages\django\template\backends\django.py", line 79, in get_template
    return Template(self.engine.get_template(template_name), self)
                    ^^^^^^^^^^^^^^^^^^^^^^^^^^^^^^^^^^^^^^^
  File "C:\Users\maksk\AppData\Local\Packages\PythonSoftwareFoundation.Python.3.11_qbz5n2kfra8p0\LocalCache\local-packages\Python311\site-packages\django\template\engine.py", line 177, in get_template
    template, origin = self.find_template(template_name)
                       ^^^^^^^^^^^^^^^^^^^^^^^^^^^^^^^^^
  File "C:\Users\maksk\AppData\Local\Packages\PythonSoftwareFoundation.Python.3.11_qbz5n2kfra8p0\LocalCache\local-packages\Python311\site-packages\django\template\engine.py", line 159, in find_template
    template = loader.get_template(name, skip=skip)
               ^^^^^^^^^^^^^^^^^^^^^^^^^^^^^^^^^^^^
  File "C:\Users\maksk\AppData\Local\Packages\PythonSoftwareFoundation.Python.3.11_qbz5n2kfra8p0\LocalCache\local-packages\Python311\site-packages\django\template\loaders\cached.py", line 57, in get_template
    template = super().get_template(template_name, skip)
               ^^^^^^^^^^^^^^^^^^^^^^^^^^^^^^^^^^^^^^^^^
  File "C:\Users\maksk\AppData\Local\Packages\PythonSoftwareFoundation.Python.3.11_qbz5n2kfra8p0\LocalCache\local-packages\Python311\site-packages\django\template\loaders\base.py", line 28, in get_template
    return Template(
           ^^^^^^^^^
  File "C:\Users\maksk\AppData\Local\Packages\PythonSoftwareFoundation.Python.3.11_qbz5n2kfra8p0\LocalCache\local-packages\Python311\site-packages\django\template\base.py", line 154, in __init__
    self.nodelist = self.compile_nodelist()
                    ^^^^^^^^^^^^^^^^^^^^^^^
  File "C:\Users\maksk\AppData\Local\Packages\PythonSoftwareFoundation.Python.3.11_qbz5n2kfra8p0\LocalCache\local-packages\Python311\site-packages\django\template\base.py", line 196, in compile_nodelist
    nodelist = parser.parse()
               ^^^^^^^^^^^^^^
  File "C:\Users\maksk\AppData\Local\Packages\PythonSoftwareFoundation.Python.3.11_qbz5n2kfra8p0\LocalCache\local-packages\Python311\site-packages\django\template\base.py", line 518, in parse
    raise self.error(token, e)
  File "C:\Users\maksk\AppData\Local\Packages\PythonSoftwareFoundation.Python.3.11_qbz5n2kfra8p0\LocalCache\local-packages\Python311\site-packages\django\template\base.py", line 516, in parse
    compiled_result = compile_func(self, token)
                      ^^^^^^^^^^^^^^^^^^^^^^^^^
  File "C:\Users\maksk\AppData\Local\Packages\PythonSoftwareFoundation.Python.3.11_qbz5n2kfra8p0\LocalCache\local-packages\Python311\site-packages\django\template\loader_tags.py", line 295, in do_extends
    nodelist = parser.parse()
               ^^^^^^^^^^^^^^
  File "C:\Users\maksk\AppData\Local\Packages\PythonSoftwareFoundation.Python.3.11_qbz5n2kfra8p0\LocalCache\local-packages\Python311\site-packages\django\template\base.py", line 518, in parse
    raise self.error(token, e)
  File "C:\Users\maksk\AppData\Local\Packages\PythonSoftwareFoundation.Python.3.11_qbz5n2kfra8p0\LocalCache\local-packages\Python311\site-packages\django\template\base.py", line 516, in parse
    compiled_result = compile_func(self, token)
                      ^^^^^^^^^^^^^^^^^^^^^^^^^
  File "C:\Users\maksk\AppData\Local\Packages\PythonSoftwareFoundation.Python.3.11_qbz5n2kfra8p0\LocalCache\local-packages\Python311\site-packages\django\template\loader_tags.py", line 234, in do_block
    nodelist = parser.parse(("endblock",))
               ^^^^^^^^^^^^^^^^^^^^^^^^^^^
  File "C:\Users\maksk\AppData\Local\Packages\PythonSoftwareFoundation.Python.3.11_qbz5n2kfra8p0\LocalCache\local-packages\Python311\site-packages\django\template\base.py", line 523, in parse
    self.unclosed_block_tag(parse_until)
  File "C:\Users\maksk\AppData\Local\Packages\PythonSoftwareFoundation.Python.3.11_qbz5n2kfra8p0\LocalCache\local-packages\Python311\site-packages\django\template\base.py", line 586, in unclosed_block_tag
    raise self.error(token, msg)
django.template.exceptions.TemplateSyntaxError: Unclosed tag on line 1: 'block'. Looking for one of: endblock.
2024-09-10 22:15:18,355 - WARNING - Not Found: /favicon.ico
2024-09-10 22:17:57,637 - INFO - Вызвана главная страница
2024-09-10 22:18:08,001 - INFO - Вызвана главная страница
2024-09-10 22:18:18,210 - INFO - Вызвана главная страница
2024-09-10 22:18:29,065 - INFO - Вызвана главная страница
2024-09-10 22:18:39,264 - INFO - Вызвана главная страница
2024-09-10 22:18:49,476 - INFO - Вызвана главная страница
2024-09-10 22:18:59,711 - INFO - Вызвана главная страница
2024-09-10 22:19:09,922 - INFO - Вызвана главная страница
2024-09-10 22:20:01,591 - INFO -  вышел с аккаунта
2024-09-10 22:20:01,597 - INFO - Вызвана главная страница
2024-09-10 22:20:14,439 - INFO -  вошел в аккаунт
2024-09-10 22:20:14,439 - INFO - makskreet вошел в аккаунт
2024-09-10 22:20:14,462 - INFO - Вызвана главная страница
2024-09-10 22:20:21,174 - INFO -  вышел с аккаунта
2024-09-10 22:20:21,180 - INFO - Вызвана главная страница
2024-09-10 22:20:28,404 - INFO -  вошел в аккаунт
2024-09-10 22:20:28,404 - INFO - makskreett вошел в аккаунт
2024-09-10 22:20:28,430 - INFO - Вызвана главная страница
2024-09-10 22:20:56,159 - INFO - Вызвана страница заказов
2024-09-10 22:21:06,224 - INFO - Вызвана страница заказов
2024-09-10 22:21:16,314 - INFO - Вызвана страница заказов
2024-09-11 00:14:29,374 - INFO - Вызвана главная страница
2024-09-11 00:14:34,256 - INFO - Вызвана страница заказов
2024-09-11 00:14:37,958 - INFO - Вызвана страница заказов
2024-09-11 00:14:51,421 - INFO - Вызвана страница всех бонусов
2024-09-11 00:14:55,390 - INFO - Вызвана главная страница
2024-09-11 00:15:09,731 - INFO - Вызвана главная страница
2024-09-11 00:15:29,676 - INFO - C:\Users\maksk\Desktop\lab5\rent_cars\portal\models.py changed, reloading.
2024-09-11 00:20:10,284 - INFO - C:\Users\maksk\Desktop\lab5\rent_cars\portal\views.py changed, reloading.
2024-09-11 00:20:21,919 - INFO - C:\Users\maksk\Desktop\lab5\rent_cars\portal\admin.py changed, reloading.
2024-09-11 00:20:24,317 - INFO - Вызвана главная страница
2024-09-11 00:21:24,689 - INFO - Вызвана главная страница
2024-09-11 00:21:53,203 - INFO - Вызвана главная страница
2024-09-11 00:22:24,919 - INFO - Вызвана главная страница
2024-09-11 00:23:25,141 - INFO - Вызвана главная страница
2024-09-11 13:33:01,044 - INFO - Вызвана главная страница
2024-09-11 13:33:01,187 - ERROR - Internal Server Error: /
Traceback (most recent call last):
  File "C:\Users\maksk\AppData\Local\Packages\PythonSoftwareFoundation.Python.3.11_qbz5n2kfra8p0\LocalCache\local-packages\Python311\site-packages\django\core\handlers\exception.py", line 55, in inner
    response = get_response(request)
               ^^^^^^^^^^^^^^^^^^^^^
  File "C:\Users\maksk\AppData\Local\Packages\PythonSoftwareFoundation.Python.3.11_qbz5n2kfra8p0\LocalCache\local-packages\Python311\site-packages\django\core\handlers\base.py", line 197, in _get_response
    response = wrapped_callback(request, *callback_args, **callback_kwargs)
               ^^^^^^^^^^^^^^^^^^^^^^^^^^^^^^^^^^^^^^^^^^^^^^^^^^^^^^^^^^^^
  File "C:\Users\maksk\Desktop\lab5\rent_cars\users\views.py", line 98, in index
    return render(request, 'users/index.html', {'current_month': current_month, 'current_year': current_year, 'cal': cal, 'month_number': month_number, 'user_timezone': user_timezone, 'current_date': current_date, 'body_types': body_types, 'cars': cars, 'discounts': discounts, 'penalties': penalties, 'promoCodes': promoCodes, 'article': article, 'partners': partners})
           ^^^^^^^^^^^^^^^^^^^^^^^^^^^^^^^^^^^^^^^^^^^^^^^^^^^^^^^^^^^^^^^^^^^^^^^^^^^^^^^^^^^^^^^^^^^^^^^^^^^^^^^^^^^^^^^^^^^^^^^^^^^^^^^^^^^^^^^^^^^^^^^^^^^^^^^^^^^^^^^^^^^^^^^^^^^^^^^^^^^^^^^^^^^^^^^^^^^^^^^^^^^^^^^^^^^^^^^^^^^^^^^^^^^^^^^^^^^^^^^^^^^^^^^^^^^^^^^^^^^^^^^^^^^^^^^^^^^^^^^^^^^^^^^^^^^^^^^^^^^^^^^^^^^^^^^^^^^^^^^^^^^^^^^^^^^^^^^^^^^^^^^^^^^^^^^^^^^^^^^
  File "C:\Users\maksk\AppData\Local\Packages\PythonSoftwareFoundation.Python.3.11_qbz5n2kfra8p0\LocalCache\local-packages\Python311\site-packages\django\shortcuts.py", line 25, in render
    content = loader.render_to_string(template_name, context, request, using=using)
              ^^^^^^^^^^^^^^^^^^^^^^^^^^^^^^^^^^^^^^^^^^^^^^^^^^^^^^^^^^^^^^^^^^^^^
  File "C:\Users\maksk\AppData\Local\Packages\PythonSoftwareFoundation.Python.3.11_qbz5n2kfra8p0\LocalCache\local-packages\Python311\site-packages\django\template\loader.py", line 61, in render_to_string
    template = get_template(template_name, using=using)
               ^^^^^^^^^^^^^^^^^^^^^^^^^^^^^^^^^^^^^^^^
  File "C:\Users\maksk\AppData\Local\Packages\PythonSoftwareFoundation.Python.3.11_qbz5n2kfra8p0\LocalCache\local-packages\Python311\site-packages\django\template\loader.py", line 15, in get_template
    return engine.get_template(template_name)
           ^^^^^^^^^^^^^^^^^^^^^^^^^^^^^^^^^^
  File "C:\Users\maksk\AppData\Local\Packages\PythonSoftwareFoundation.Python.3.11_qbz5n2kfra8p0\LocalCache\local-packages\Python311\site-packages\django\template\backends\django.py", line 79, in get_template
    return Template(self.engine.get_template(template_name), self)
                    ^^^^^^^^^^^^^^^^^^^^^^^^^^^^^^^^^^^^^^^
  File "C:\Users\maksk\AppData\Local\Packages\PythonSoftwareFoundation.Python.3.11_qbz5n2kfra8p0\LocalCache\local-packages\Python311\site-packages\django\template\engine.py", line 177, in get_template
    template, origin = self.find_template(template_name)
                       ^^^^^^^^^^^^^^^^^^^^^^^^^^^^^^^^^
  File "C:\Users\maksk\AppData\Local\Packages\PythonSoftwareFoundation.Python.3.11_qbz5n2kfra8p0\LocalCache\local-packages\Python311\site-packages\django\template\engine.py", line 159, in find_template
    template = loader.get_template(name, skip=skip)
               ^^^^^^^^^^^^^^^^^^^^^^^^^^^^^^^^^^^^
  File "C:\Users\maksk\AppData\Local\Packages\PythonSoftwareFoundation.Python.3.11_qbz5n2kfra8p0\LocalCache\local-packages\Python311\site-packages\django\template\loaders\cached.py", line 57, in get_template
    template = super().get_template(template_name, skip)
               ^^^^^^^^^^^^^^^^^^^^^^^^^^^^^^^^^^^^^^^^^
  File "C:\Users\maksk\AppData\Local\Packages\PythonSoftwareFoundation.Python.3.11_qbz5n2kfra8p0\LocalCache\local-packages\Python311\site-packages\django\template\loaders\base.py", line 28, in get_template
    return Template(
           ^^^^^^^^^
  File "C:\Users\maksk\AppData\Local\Packages\PythonSoftwareFoundation.Python.3.11_qbz5n2kfra8p0\LocalCache\local-packages\Python311\site-packages\django\template\base.py", line 154, in __init__
    self.nodelist = self.compile_nodelist()
                    ^^^^^^^^^^^^^^^^^^^^^^^
  File "C:\Users\maksk\AppData\Local\Packages\PythonSoftwareFoundation.Python.3.11_qbz5n2kfra8p0\LocalCache\local-packages\Python311\site-packages\django\template\base.py", line 196, in compile_nodelist
    nodelist = parser.parse()
               ^^^^^^^^^^^^^^
  File "C:\Users\maksk\AppData\Local\Packages\PythonSoftwareFoundation.Python.3.11_qbz5n2kfra8p0\LocalCache\local-packages\Python311\site-packages\django\template\base.py", line 518, in parse
    raise self.error(token, e)
  File "C:\Users\maksk\AppData\Local\Packages\PythonSoftwareFoundation.Python.3.11_qbz5n2kfra8p0\LocalCache\local-packages\Python311\site-packages\django\template\base.py", line 516, in parse
    compiled_result = compile_func(self, token)
                      ^^^^^^^^^^^^^^^^^^^^^^^^^
  File "C:\Users\maksk\AppData\Local\Packages\PythonSoftwareFoundation.Python.3.11_qbz5n2kfra8p0\LocalCache\local-packages\Python311\site-packages\django\template\loader_tags.py", line 295, in do_extends
    nodelist = parser.parse()
               ^^^^^^^^^^^^^^
  File "C:\Users\maksk\AppData\Local\Packages\PythonSoftwareFoundation.Python.3.11_qbz5n2kfra8p0\LocalCache\local-packages\Python311\site-packages\django\template\base.py", line 518, in parse
    raise self.error(token, e)
  File "C:\Users\maksk\AppData\Local\Packages\PythonSoftwareFoundation.Python.3.11_qbz5n2kfra8p0\LocalCache\local-packages\Python311\site-packages\django\template\base.py", line 516, in parse
    compiled_result = compile_func(self, token)
                      ^^^^^^^^^^^^^^^^^^^^^^^^^
  File "C:\Users\maksk\AppData\Local\Packages\PythonSoftwareFoundation.Python.3.11_qbz5n2kfra8p0\LocalCache\local-packages\Python311\site-packages\django\template\loader_tags.py", line 234, in do_block
    nodelist = parser.parse(("endblock",))
               ^^^^^^^^^^^^^^^^^^^^^^^^^^^
  File "C:\Users\maksk\AppData\Local\Packages\PythonSoftwareFoundation.Python.3.11_qbz5n2kfra8p0\LocalCache\local-packages\Python311\site-packages\django\template\base.py", line 523, in parse
    self.unclosed_block_tag(parse_until)
  File "C:\Users\maksk\AppData\Local\Packages\PythonSoftwareFoundation.Python.3.11_qbz5n2kfra8p0\LocalCache\local-packages\Python311\site-packages\django\template\base.py", line 586, in unclosed_block_tag
    raise self.error(token, msg)
django.template.exceptions.TemplateSyntaxError: Unclosed tag on line 1: 'block'. Looking for one of: endblock.
2024-09-11 13:33:01,395 - WARNING - Not Found: /favicon.ico
2024-09-11 13:33:41,272 - INFO - Вызвана главная страница
2024-09-11 13:33:57,385 - INFO - Вызвана главная страница
2024-09-11 13:34:57,662 - INFO - Вызвана главная страница
2024-09-11 13:35:27,744 - INFO - Вызвана страница всех бонусов
2024-09-11 13:35:28,681 - INFO - Вызвана страница фильтрации заказов
2024-09-11 13:35:29,677 - INFO - Вызвана страница списка людей
2024-09-11 13:35:31,084 - INFO - Вызвана страница анализа заказов
2024-09-11 14:18:23,615 - INFO - Вызвана главная страница
2024-09-11 14:18:34,308 - INFO -  вышел с аккаунта
2024-09-11 14:18:34,314 - INFO - Вызвана главная страница
2024-09-11 14:18:46,394 - INFO -  вошел в аккаунт
2024-09-11 14:18:46,395 - INFO - makskreett вошел в аккаунт
2024-09-11 14:18:46,424 - INFO - Вызвана главная страница
2024-09-11 14:23:46,704 - INFO - Вызвана главная страница
2024-09-11 14:28:47,034 - INFO - Вызвана главная страница
2024-09-11 14:33:47,374 - INFO - Вызвана главная страница
2024-09-11 14:38:47,810 - INFO - Вызвана главная страница
2024-09-11 14:43:48,035 - INFO - Вызвана главная страница
2024-09-11 14:48:48,261 - INFO - Вызвана главная страница
2024-09-11 14:53:48,633 - INFO - Вызвана главная страница
2024-09-11 14:58:48,865 - INFO - Вызвана главная страница
2024-09-11 15:02:28,381 - INFO - Вызвана главная страница
2024-09-11 15:07:28,641 - INFO - Вызвана главная страница
2024-09-11 17:13:33,800 - INFO - Вызвана главная страница
2024-09-11 17:13:54,446 - INFO - Вызвана главная страница
2024-09-11 17:13:54,884 - INFO - Вызвана главная страница
2024-09-11 17:13:55,107 - INFO - Вызвана главная страница
2024-09-11 17:14:14,068 - INFO - Вызвана главная страница
2024-09-11 17:14:14,772 - INFO - Вызвана главная страница
2024-09-11 17:14:15,095 - INFO - Вызвана главная страница
2024-09-11 17:14:25,821 - INFO - Вызвана главная страница
2024-09-11 17:14:52,994 - INFO - Вызвана главная страница
2024-09-11 17:14:57,436 - INFO - Вызвана главная страница
2024-09-11 17:15:24,744 - INFO - Вызвана главная страница
2024-09-11 17:16:48,594 - INFO - Вызвана главная страница
2024-09-11 17:29:27,015 - INFO - Вызвана главная страница
2024-09-11 17:31:01,610 - INFO - Вызвана главная страница
2024-09-11 17:52:05,005 - INFO - Вызвана главная страница
2024-09-11 17:57:05,743 - INFO - Вызвана главная страница
2024-09-11 18:02:06,405 - INFO - Вызвана главная страница
2024-09-11 18:07:06,708 - INFO - Вызвана главная страница
2024-09-11 18:12:07,011 - INFO - Вызвана главная страница
2024-09-11 18:46:14,279 - INFO - Вызвана главная страница
2024-09-11 19:08:23,635 - INFO - Вызвана главная страница
2024-09-11 20:04:05,052 - INFO - Вызвана главная страница
2024-09-17 15:04:44,806 - INFO - Вызвана главная страница
2024-09-17 15:24:09,113 - INFO - Вызвана главная страница
2024-09-17 15:24:12,030 - INFO - Вызвана главная страница
2024-09-17 15:24:13,211 - INFO - Вызвана главная страница
2024-09-17 15:24:47,336 - INFO - Вызвана главная страница
2024-09-17 15:24:48,462 - INFO - Вызвана главная страница
2024-09-17 15:24:48,877 - INFO - Вызвана главная страница
2024-09-17 15:24:49,252 - INFO - Вызвана главная страница
2024-09-17 15:24:49,598 - INFO - Вызвана главная страница
2024-09-17 15:24:57,437 - INFO - Вызвана главная страница
2024-09-17 15:24:58,041 - INFO - Вызвана главная страница
2024-09-17 15:24:58,436 - INFO - Вызвана главная страница
2024-09-17 15:24:58,682 - INFO - Вызвана главная страница
2024-09-17 15:25:12,944 - INFO - Вызвана главная страница
2024-09-17 15:25:13,865 - INFO - Вызвана главная страница
2024-09-17 15:25:14,301 - INFO - Вызвана главная страница
2024-09-17 15:25:14,519 - INFO - Вызвана главная страница
2024-09-17 15:25:15,043 - INFO - Вызвана главная страница
2024-09-17 15:25:15,282 - INFO - Вызвана главная страница
2024-09-17 15:25:15,555 - INFO - Вызвана главная страница
2024-09-17 15:25:15,906 - INFO - Вызвана главная страница
2024-09-17 15:25:16,652 - INFO - Вызвана главная страница
2024-09-17 15:25:16,995 - INFO - Вызвана главная страница
2024-09-17 15:25:17,135 - INFO - Вызвана главная страница
2024-09-17 15:25:17,278 - INFO - Вызвана главная страница
2024-09-17 15:25:17,436 - INFO - Вызвана главная страница
2024-09-17 15:25:17,583 - INFO - Вызвана главная страница
2024-09-17 15:25:17,725 - INFO - Вызвана главная страница
2024-09-17 15:25:17,919 - INFO - Вызвана главная страница
2024-09-17 15:25:18,550 - INFO - Вызвана главная страница
2024-09-17 15:25:19,229 - INFO - Вызвана главная страница
2024-09-17 15:25:19,633 - INFO - Вызвана главная страница
2024-09-17 15:25:27,887 - INFO - Вызвана главная страница
2024-09-17 15:25:28,514 - INFO - Вызвана главная страница
2024-09-17 15:25:31,474 - INFO - Вызвана главная страница
2024-09-17 15:25:32,015 - INFO - Вызвана главная страница
2024-09-17 15:25:32,460 - INFO - Вызвана главная страница
2024-09-17 15:25:58,666 - INFO - Вызвана главная страница
2024-09-17 15:25:59,110 - INFO - Вызвана главная страница
2024-09-17 15:25:59,821 - INFO - Вызвана главная страница
2024-09-17 15:26:00,220 - INFO - Вызвана главная страница
2024-09-17 15:26:09,918 - INFO - Вызвана главная страница
2024-09-17 15:26:40,184 - INFO - Вызвана главная страница
2024-09-17 15:28:30,071 - INFO - Вызвана главная страница
2024-09-17 15:28:34,516 - WARNING - Not Found: /1.html
2024-09-17 15:28:35,067 - WARNING - Not Found: /favicon.ico
2024-09-17 15:28:37,485 - WARNING - Not Found: /link2
2024-09-17 15:28:48,313 - INFO - Вызвана главная страница
2024-09-17 15:28:56,391 - INFO - Вызвана главная страница
2024-09-17 15:28:56,825 - INFO - Вызвана главная страница
2024-09-17 15:28:57,363 - INFO - Вызвана главная страница
2024-09-17 15:29:02,616 - INFO - Вызвана главная страница
2024-09-17 15:29:13,221 - INFO - Вызвана главная страница
2024-09-17 15:53:57,786 - INFO - Вызвана главная страница
2024-09-17 15:54:12,817 - INFO - Вызвана главная страница
2024-09-17 15:54:14,287 - INFO - Вызвана главная страница
2024-09-17 16:18:24,992 - INFO - Вызвана главная страница
2024-09-17 16:18:31,434 - INFO - Вызвана главная страница
2024-09-17 16:18:36,150 - INFO - Вызвана главная страница
2024-09-17 16:20:07,058 - INFO - Вызвана главная страница
2024-09-17 16:20:19,446 - INFO - Вызвана главная страница
2024-09-17 16:31:30,204 - INFO - Вызвана главная страница
2024-09-17 16:31:30,887 - INFO - Вызвана главная страница
2024-09-17 16:31:31,282 - INFO - Вызвана главная страница
2024-09-17 16:31:32,315 - INFO - Вызвана главная страница
2024-09-17 16:31:32,881 - INFO - Вызвана главная страница
2024-09-17 16:31:33,080 - INFO - Вызвана главная страница
2024-09-17 16:31:35,118 - INFO - Вызвана главная страница
2024-09-17 16:34:18,838 - INFO - Вызвана главная страница
2024-09-17 16:34:24,129 - INFO - Вызвана главная страница
2024-09-17 16:34:24,590 - INFO - Вызвана главная страница
2024-09-17 16:34:25,091 - INFO - Вызвана главная страница
2024-09-17 16:34:31,824 - INFO - Вызвана главная страница
2024-09-17 16:34:32,622 - INFO - Вызвана главная страница
2024-09-17 16:34:37,309 - INFO - Вызвана главная страница
2024-09-17 16:41:02,896 - INFO - Вызвана главная страница
2024-09-17 16:42:04,826 - INFO - Вызвана главная страница
2024-09-17 16:42:05,233 - INFO - Вызвана главная страница
2024-09-17 16:42:05,580 - INFO - Вызвана главная страница
2024-09-17 16:42:06,126 - INFO - Вызвана главная страница
2024-09-17 16:42:15,910 - INFO - Вызвана главная страница
2024-09-17 18:46:14,366 - INFO - Вызвана главная страница
2024-09-17 18:46:57,110 - INFO - Вызвана главная страница
2024-09-17 18:48:57,942 - INFO - Вызвана главная страница
2024-09-17 18:49:36,948 - INFO - Вызвана главная страница
2024-09-17 18:53:09,834 - INFO - Вызвана главная страница
2024-09-17 18:53:27,762 - INFO - Вызвана главная страница
2024-09-17 18:53:41,502 - INFO - Вызвана главная страница
2024-09-17 18:53:54,335 - INFO - Вызвана главная страница
2024-09-17 18:56:11,672 - INFO - Вызвана главная страница
2024-09-17 18:56:54,180 - INFO - Вызвана главная страница
2024-09-17 18:58:54,671 - INFO - Вызвана главная страница
2024-09-17 19:00:41,190 - INFO - Вызвана главная страница
2024-09-17 19:01:27,921 - INFO - Вызвана главная страница
2024-09-17 19:01:32,582 - INFO - Вызвана главная страница
2024-09-17 19:01:39,891 - INFO - Вызвана главная страница
2024-09-17 19:01:43,732 - INFO - Вызвана главная страница
2024-09-17 19:01:44,156 - INFO - Вызвана главная страница
2024-09-17 19:01:52,514 - INFO - Вызвана главная страница
2024-09-17 19:01:52,944 - INFO - Вызвана главная страница
2024-09-17 19:01:53,130 - INFO - Вызвана главная страница
2024-09-17 19:02:16,774 - INFO - Вызвана главная страница
2024-09-17 19:02:17,572 - INFO - Вызвана главная страница
2024-09-17 19:02:20,132 - INFO - Вызвана главная страница
2024-09-17 19:02:58,949 - INFO - Вызвана главная страница
2024-09-17 19:02:59,412 - INFO - Вызвана главная страница
2024-09-17 19:03:43,639 - INFO - Вызвана главная страница
2024-09-17 19:03:44,061 - INFO - Вызвана главная страница
2024-09-17 19:03:47,991 - INFO - Вызвана главная страница
2024-09-17 19:03:52,470 - INFO - Вызвана главная страница
2024-09-17 19:03:57,095 - INFO - Вызвана главная страница
2024-09-17 19:04:07,083 - INFO - Вызвана главная страница
2024-09-17 19:04:07,525 - INFO - Вызвана главная страница
2024-09-17 19:04:14,822 - INFO - Вызвана главная страница
2024-09-17 19:04:15,193 - INFO - Вызвана главная страница
2024-09-17 19:04:15,629 - INFO - Вызвана главная страница
2024-09-17 19:04:18,995 - INFO - Вызвана главная страница
2024-09-17 19:04:51,355 - INFO - Вызвана главная страница
2024-09-17 19:04:57,508 - INFO - Вызвана главная страница
2024-09-17 19:04:57,990 - INFO - Вызвана главная страница
2024-09-17 19:05:02,941 - INFO - Вызвана главная страница
2024-09-17 19:05:03,434 - INFO - Вызвана главная страница
2024-09-17 19:05:36,096 - INFO - Вызвана главная страница
2024-09-17 19:05:36,515 - INFO - Вызвана главная страница
2024-09-17 19:05:36,725 - INFO - Вызвана главная страница
2024-09-17 19:05:37,101 - INFO - Вызвана главная страница
2024-09-17 19:05:38,125 - INFO - Вызвана главная страница
2024-09-17 19:07:09,341 - INFO - Вызвана главная страница
2024-09-17 19:07:19,882 - INFO - Вызвана главная страница
2024-09-17 19:07:20,418 - INFO - Вызвана главная страница
2024-09-17 19:08:11,789 - INFO - Вызвана главная страница
2024-09-17 19:08:12,648 - INFO - Вызвана главная страница
2024-09-17 19:08:23,414 - INFO - Вызвана главная страница
2024-09-17 19:08:29,844 - INFO - Вызвана главная страница
2024-09-17 19:08:57,294 - INFO - Вызвана главная страница
2024-09-17 19:09:27,052 - INFO - Вызвана главная страница
2024-09-17 19:09:39,361 - INFO - Вызвана главная страница
2024-09-17 19:09:40,616 - INFO - Вызвана главная страница
2024-09-17 19:09:45,094 - INFO - Вызвана главная страница
2024-09-17 19:09:51,295 - INFO - Вызвана главная страница
2024-09-17 19:10:16,665 - INFO - Вызвана главная страница
2024-09-17 19:10:17,146 - INFO - Вызвана главная страница
2024-09-17 19:11:14,999 - INFO - Вызвана главная страница
2024-09-17 19:11:15,429 - INFO - Вызвана главная страница
2024-09-17 19:11:45,687 - INFO - Вызвана главная страница
2024-09-17 19:11:46,170 - INFO - Вызвана главная страница
2024-09-17 19:12:13,302 - INFO - Вызвана главная страница
2024-09-17 19:12:13,715 - INFO - Вызвана главная страница
2024-09-17 19:12:20,717 - INFO - Вызвана главная страница
2024-09-17 19:12:33,670 - INFO - Вызвана главная страница
2024-09-17 19:12:34,169 - INFO - Вызвана главная страница
2024-09-17 19:12:38,195 - INFO - Вызвана главная страница
2024-09-17 19:12:38,841 - INFO - Вызвана главная страница
2024-09-17 19:12:42,867 - INFO - Вызвана главная страница
2024-09-17 19:12:46,428 - INFO - Вызвана главная страница
2024-09-17 19:13:57,630 - INFO - Вызвана главная страница
2024-09-17 19:17:46,666 - INFO - Вызвана главная страница
2024-09-17 19:18:58,060 - INFO - Вызвана главная страница
2024-09-17 19:19:50,362 - INFO - Вызвана главная страница
2024-09-17 19:20:03,653 - INFO - Вызвана главная страница
2024-09-17 19:20:10,092 - INFO - Вызвана главная страница
2024-09-17 19:20:17,729 - INFO - Вызвана главная страница
2024-09-17 19:20:47,797 - INFO - Вызвана главная страница
2024-09-17 19:20:57,416 - INFO - Вызвана главная страница
2024-09-17 19:21:00,186 - INFO - Вызвана главная страница
2024-09-17 19:21:10,824 - INFO - Вызвана главная страница
2024-09-17 19:21:28,688 - INFO - Вызвана главная страница
2024-09-17 19:21:32,676 - INFO - Вызвана главная страница
2024-09-17 19:21:33,182 - INFO - Вызвана главная страница
2024-09-17 19:21:39,015 - INFO - Вызвана главная страница
2024-09-17 19:21:53,655 - INFO - Вызвана главная страница
2024-09-17 19:22:05,310 - INFO - Вызвана главная страница
2024-09-17 19:22:05,784 - INFO - Вызвана главная страница
2024-09-17 19:22:15,352 - INFO - Вызвана главная страница
2024-09-17 19:23:58,684 - INFO - Вызвана главная страница
2024-09-17 19:24:55,291 - INFO - Вызвана главная страница
2024-09-17 19:25:31,740 - INFO - Вызвана главная страница
2024-09-17 19:25:42,128 - INFO - Вызвана главная страница
2024-09-17 19:26:05,819 - INFO - Вызвана главная страница
2024-09-17 19:26:06,352 - INFO - Вызвана главная страница
2024-09-17 19:26:10,326 - INFO - Вызвана главная страница
2024-09-17 19:27:03,816 - INFO - Вызвана главная страница
2024-09-17 19:27:26,518 - INFO - Вызвана главная страница
2024-09-17 19:27:27,040 - INFO - Вызвана главная страница
2024-09-17 19:28:58,987 - INFO - Вызвана главная страница
2024-09-17 19:29:02,554 - INFO - Вызвана главная страница
2024-09-17 19:29:03,024 - INFO - Вызвана главная страница
2024-09-17 19:29:03,711 - INFO - Вызвана главная страница
2024-09-17 19:29:06,050 - INFO - Вызвана главная страница
2024-09-17 19:29:16,075 - INFO - Вызвана главная страница
2024-09-17 19:29:22,077 - INFO - Вызвана главная страница
2024-09-17 19:31:35,778 - INFO - Вызвана главная страница
2024-09-17 19:31:47,260 - INFO - Вызвана главная страница
2024-09-17 19:31:47,704 - INFO - Вызвана главная страница
2024-09-17 19:31:58,186 - INFO - Вызвана главная страница
2024-09-17 19:32:06,701 - INFO - Вызвана главная страница
2024-09-17 19:38:03,733 - INFO - Вызвана главная страница
2024-09-17 19:38:29,012 - INFO - Вызвана главная страница
2024-09-17 19:38:29,462 - INFO - Вызвана главная страница
2024-09-17 19:38:30,699 - INFO - Вызвана главная страница
2024-09-17 19:38:34,577 - INFO - Вызвана главная страница
2024-09-17 19:38:52,106 - INFO - Вызвана главная страница
2024-09-17 19:38:52,609 - INFO - Вызвана главная страница
2024-09-17 19:38:53,539 - INFO - Вызвана главная страница
2024-09-17 19:39:08,224 - INFO - Вызвана главная страница
2024-09-17 19:39:37,773 - INFO -  вошел в аккаунт
2024-09-17 19:39:37,773 - INFO - makskreet вошел в аккаунт
2024-09-17 19:39:37,799 - INFO - Вызвана главная страница
2024-09-17 19:39:42,650 - INFO - Вызвана страница списка людей
2024-09-17 19:39:58,547 - INFO - Вызвана страница фильтрации заказов
2024-09-17 19:40:19,513 - INFO - Вызвана главная страница
2024-09-17 19:40:50,668 - INFO - Вызвана главная страница
2024-09-17 19:45:20,849 - INFO - Вызвана главная страница
2024-09-17 19:45:51,107 - INFO - Вызвана главная страница
2024-09-17 19:50:21,215 - INFO - Вызвана главная страница
2024-09-17 19:50:52,690 - INFO - Вызвана главная страница
2024-09-17 19:50:54,611 - INFO - Вызвана главная страница
2024-09-17 19:50:57,198 - INFO - Вызвана главная страница
2024-09-17 19:50:58,303 - INFO - Вызвана главная страница
2024-09-17 19:50:58,801 - INFO - Вызвана главная страница
2024-09-17 19:50:59,092 - INFO - Вызвана главная страница
2024-09-17 19:50:59,281 - INFO - Вызвана главная страница
2024-09-17 19:53:36,867 - INFO - Вызвана главная страница
2024-09-17 19:53:56,646 - INFO - Вызвана главная страница
2024-09-17 19:53:57,551 - INFO - Вызвана главная страница
2024-09-17 19:53:58,565 - INFO - Вызвана главная страница
2024-09-17 19:55:39,384 - INFO - Вызвана главная страница
2024-09-17 19:56:07,812 - INFO - Вызвана главная страница
2024-09-17 19:57:06,754 - INFO - Вызвана главная страница
2024-09-17 19:57:12,776 - INFO - Вызвана главная страница
2024-09-17 19:57:16,343 - INFO - Вызвана главная страница
2024-09-17 19:57:16,873 - INFO - Вызвана главная страница
2024-09-17 19:57:18,869 - INFO - Вызвана главная страница
2024-09-17 19:57:21,388 - INFO - Вызвана главная страница
2024-09-17 19:57:23,394 - INFO - Вызвана главная страница
2024-09-17 19:57:26,657 - INFO - Вызвана главная страница
2024-09-17 19:57:55,024 - INFO - Вызвана главная страница
2024-09-17 19:57:58,851 - INFO - Вызвана главная страница
2024-09-17 19:58:59,561 - INFO - Вызвана главная страница
2024-09-17 19:59:13,058 - INFO - Вызвана главная страница
2024-09-17 19:59:13,552 - INFO - Вызвана главная страница
2024-09-17 19:59:13,959 - INFO - Вызвана главная страница
2024-09-17 19:59:15,873 - INFO - Вызвана главная страница
2024-09-17 19:59:16,350 - INFO - Вызвана главная страница
2024-09-17 19:59:16,521 - INFO - Вызвана главная страница
2024-09-17 19:59:17,306 - INFO - Вызвана главная страница
2024-09-17 19:59:22,603 - INFO - Вызвана главная страница
2024-09-17 19:59:23,067 - INFO - Вызвана главная страница
2024-09-17 19:59:23,446 - INFO - Вызвана главная страница
2024-09-17 19:59:25,797 - INFO - Вызвана главная страница
2024-09-17 19:59:28,599 - INFO - Вызвана главная страница
2024-09-17 20:00:09,548 - INFO - Вызвана главная страница
2024-09-17 20:00:10,336 - INFO - Вызвана главная страница
2024-09-17 20:00:39,455 - INFO - Вызвана главная страница
2024-09-17 20:00:40,016 - INFO - Вызвана главная страница
2024-09-17 20:03:59,830 - INFO - Вызвана главная страница
2024-09-17 20:04:00,941 - INFO - Вызвана главная страница
2024-09-17 20:04:01,505 - INFO - Вызвана главная страница
2024-09-17 20:05:14,154 - INFO - Вызвана главная страница
2024-09-17 20:05:40,265 - INFO - Вызвана главная страница
2024-09-17 20:07:47,998 - INFO - Вызвана главная страница
2024-09-17 20:07:57,827 - INFO -  вышел с аккаунта
2024-09-17 20:07:57,832 - INFO - Вызвана главная страница
2024-09-17 20:08:13,618 - INFO -  вошел в аккаунт
2024-09-17 20:08:13,618 - INFO - makskreett вошел в аккаунт
2024-09-17 20:08:13,641 - INFO - Вызвана главная страница
2024-09-17 20:08:31,470 - INFO - Вызвана главная страница
2024-09-17 20:08:58,688 - INFO - Вызвана главная страница
2024-09-17 20:08:59,363 - INFO - Вызвана главная страница
2024-09-17 20:09:01,682 - INFO - Вызвана главная страница
2024-09-17 20:09:05,190 - INFO - Вызвана главная страница
2024-09-17 20:09:05,773 - INFO - Вызвана главная страница
2024-09-17 20:09:13,637 - INFO - Вызвана главная страница
2024-09-17 20:09:16,823 - INFO - Вызвана главная страница
2024-09-17 20:09:36,008 - INFO - Вызвана главная страница
2024-09-17 20:10:11,496 - INFO - Вызвана главная страница
2024-09-17 20:10:15,132 - INFO - Вызвана главная страница
2024-09-17 20:10:20,588 - INFO - Вызвана главная страница
2024-09-17 20:10:23,577 - INFO - Вызвана главная страница
2024-09-17 20:10:26,333 - INFO - Вызвана главная страница
2024-09-17 20:10:31,902 - INFO - Вызвана главная страница
2024-09-17 20:10:42,777 - INFO - Вызвана главная страница
2024-09-17 20:10:46,443 - INFO - Вызвана главная страница
2024-09-17 20:10:58,134 - INFO - Вызвана главная страница
2024-09-17 20:11:02,617 - INFO - Вызвана главная страница
2024-09-17 20:12:47,427 - INFO - Вызвана главная страница
2024-09-17 20:12:48,115 - INFO - Вызвана главная страница
2024-09-17 20:12:48,690 - INFO - Вызвана главная страница
2024-09-17 20:12:49,490 - INFO - Вызвана главная страница
2024-09-17 20:12:51,118 - INFO - Вызвана главная страница
2024-09-17 20:12:52,977 - INFO - Вызвана главная страница
2024-09-17 20:14:01,876 - INFO - Вызвана главная страница
2024-09-17 20:18:37,505 - WARNING - Not Found: /favicon.ico
2024-09-17 20:59:13,330 - INFO - Вызвана главная страница
2024-09-17 21:02:02,205 - INFO - Вызвана главная страница
2024-09-17 21:02:37,993 - INFO - Вызвана главная страница
2024-09-17 21:04:13,606 - INFO - Вызвана главная страница
2024-09-17 21:06:05,506 - INFO - Вызвана главная страница
2024-09-17 21:07:14,720 - INFO - Вызвана главная страница
2024-09-17 21:07:33,909 - INFO - Вызвана главная страница
2024-09-17 21:07:34,453 - INFO - Вызвана главная страница
2024-09-17 21:07:37,700 - INFO - Вызвана главная страница
2024-09-17 21:07:38,130 - INFO - Вызвана главная страница
2024-09-17 21:07:42,844 - INFO - Вызвана главная страница
2024-09-17 21:07:44,046 - INFO - Вызвана главная страница
2024-09-17 21:08:23,202 - INFO - Вызвана главная страница
2024-09-17 21:08:23,796 - INFO - Вызвана главная страница
2024-09-17 21:08:24,389 - INFO - Вызвана главная страница
2024-09-17 21:08:35,360 - INFO - Вызвана главная страница
2024-09-17 21:08:36,236 - INFO - Вызвана главная страница
2024-09-17 21:08:44,531 - INFO - Вызвана главная страница
2024-09-17 21:08:48,633 - INFO - Вызвана главная страница
2024-09-17 21:08:49,239 - INFO - Вызвана главная страница
2024-09-17 21:09:13,830 - INFO - Вызвана главная страница
2024-09-17 21:09:15,745 - INFO - Вызвана главная страница
2024-09-17 21:09:21,946 - INFO - Вызвана главная страница
2024-09-17 21:09:22,393 - INFO - Вызвана главная страница
2024-09-17 21:09:27,577 - INFO - Вызвана главная страница
2024-09-17 21:09:27,997 - INFO - Вызвана главная страница
2024-09-17 21:09:28,397 - INFO - Вызвана главная страница
2024-09-17 21:09:34,438 - INFO - Вызвана главная страница
2024-09-17 21:09:36,789 - INFO - Вызвана главная страница
2024-09-17 21:09:37,178 - INFO - Вызвана главная страница
2024-09-17 21:09:37,347 - INFO - Вызвана главная страница
2024-09-17 21:09:43,381 - INFO - Вызвана главная страница
2024-09-17 21:09:44,028 - INFO - Вызвана главная страница
2024-09-17 21:09:44,484 - INFO - Вызвана главная страница
2024-09-17 21:09:44,985 - INFO - Вызвана главная страница
2024-09-17 21:09:56,418 - INFO - Вызвана главная страница
2024-09-17 21:10:01,594 - INFO - Вызвана главная страница
2024-09-17 21:10:53,548 - INFO - Вызвана главная страница
2024-09-17 21:11:01,672 - INFO - Вызвана главная страница
2024-09-17 21:11:02,066 - INFO - Вызвана главная страница
2024-09-17 21:11:04,240 - INFO - Вызвана главная страница
2024-09-17 21:11:49,445 - INFO - Вызвана главная страница
2024-09-17 21:11:49,946 - INFO - Вызвана главная страница
2024-09-17 21:12:08,345 - INFO - Вызвана страница всех бонусов
2024-09-17 21:12:13,130 - INFO - Вызвана главная страница
2024-09-17 21:12:14,017 - INFO - Вызвана страница заказов
2024-09-17 21:12:28,592 - INFO - Вызвана главная страница
2024-09-17 21:12:32,467 - INFO - Вызвана страница всех бонусов
2024-09-17 21:12:34,431 - INFO - Вызвана страница всех бонусов
2024-09-17 21:12:36,551 - INFO - Вызвана главная страница
2024-09-17 21:12:37,092 - INFO - Вызвана главная страница
2024-09-17 21:12:56,193 - INFO - Вызвана главная страница
2024-09-17 21:13:58,507 - INFO - Вызвана главная страница
2024-09-17 21:13:59,006 - INFO - Вызвана главная страница
2024-09-17 21:13:59,980 - INFO - Вызвана главная страница
2024-09-17 21:14:14,040 - INFO - Вызвана главная страница
2024-09-17 21:14:14,752 - INFO - Вызвана главная страница
2024-09-17 21:14:59,762 - INFO - Вызвана главная страница
2024-09-17 21:16:50,587 - INFO - Вызвана главная страница
2024-09-17 21:16:52,299 - INFO - Вызвана главная страница
2024-09-17 21:17:04,664 - INFO - Вызвана главная страница
2024-09-17 21:17:12,764 - INFO - Вызвана главная страница
2024-09-17 21:17:48,821 - INFO - Вызвана главная страница
2024-09-17 21:17:54,773 - INFO - Вызвана главная страница
2024-09-17 21:17:55,372 - INFO - Вызвана главная страница
2024-09-17 21:19:14,263 - INFO - Вызвана главная страница
2024-09-17 21:22:55,560 - INFO - Вызвана главная страница
2024-09-17 21:24:14,481 - INFO - Вызвана главная страница
2024-09-17 21:27:55,774 - INFO - Вызвана главная страница
2024-09-17 21:29:14,746 - INFO - Вызвана главная страница
2024-09-17 21:29:14,770 - INFO - Вызвана главная страница
2024-09-17 21:29:46,926 - INFO - Вызвана главная страница
2024-09-17 21:30:38,665 - INFO - Вызвана главная страница
2024-09-17 21:31:00,680 - INFO - Вызвана главная страница
2024-09-17 21:31:29,460 - INFO - Вызвана главная страница
2024-09-17 21:32:58,547 - INFO - Вызвана главная страница
2024-09-17 21:32:59,739 - INFO - Вызвана главная страница
2024-09-17 21:33:19,141 - INFO - Вызвана главная страница
2024-09-17 21:33:39,495 - INFO - Вызвана главная страница
2024-09-17 21:33:41,846 - INFO - Вызвана главная страница
2024-09-17 21:33:46,373 - INFO - Вызвана главная страница
2024-09-17 21:33:46,818 - INFO - Вызвана главная страница
2024-09-17 21:33:48,081 - INFO - Вызвана главная страница
2024-09-17 21:33:57,861 - INFO - Вызвана главная страница
2024-09-17 21:34:05,495 - INFO - Вызвана главная страница
2024-09-17 21:34:47,155 - INFO - Вызвана главная страница
2024-09-17 21:34:56,591 - INFO - Вызвана главная страница
2024-09-17 21:34:59,796 - INFO - Вызвана главная страница
2024-09-17 21:35:09,333 - INFO - Вызвана главная страница
2024-09-17 21:35:17,711 - INFO - Вызвана главная страница
2024-09-17 21:35:18,250 - INFO - Вызвана главная страница
2024-09-17 21:36:15,193 - INFO - Вызвана главная страница
2024-09-17 21:36:31,088 - INFO - Вызвана главная страница
2024-09-17 21:36:53,070 - INFO - Вызвана главная страница
2024-09-17 21:37:00,985 - INFO - Вызвана главная страница
2024-09-17 21:37:01,584 - INFO - Вызвана главная страница
2024-09-17 21:37:20,445 - INFO - Вызвана главная страница
2024-09-17 21:37:30,785 - INFO - Вызвана главная страница
2024-09-17 21:37:31,189 - INFO - Вызвана главная страница
2024-09-17 21:37:31,583 - INFO - Вызвана главная страница
2024-09-17 21:37:46,454 - INFO - Вызвана главная страница
2024-09-17 21:37:46,868 - INFO - Вызвана главная страница
2024-09-17 21:37:46,989 - INFO - Вызвана главная страница
2024-09-17 21:38:15,044 - INFO - Вызвана главная страница
2024-09-17 21:38:23,165 - INFO - Вызвана главная страница
2024-09-17 21:38:45,452 - INFO - Вызвана главная страница
2024-09-17 21:38:50,253 - INFO - Вызвана главная страница
2024-09-17 21:40:12,243 - INFO - Вызвана главная страница
2024-09-17 21:40:18,794 - INFO - Вызвана главная страница
2024-09-17 21:40:19,608 - INFO - Вызвана главная страница
2024-09-17 21:40:20,373 - INFO - Вызвана главная страница
2024-09-17 21:40:26,249 - INFO - Вызвана главная страница
2024-09-17 21:40:26,876 - INFO - Вызвана главная страница
2024-09-17 21:40:31,146 - INFO - Вызвана главная страница
2024-09-17 21:40:31,683 - INFO - Вызвана главная страница
2024-09-17 21:40:32,699 - INFO - Вызвана главная страница
2024-09-17 21:42:47,179 - INFO - Вызвана главная страница
2024-09-17 21:45:33,560 - INFO - Вызвана главная страница
2024-09-17 21:47:47,423 - INFO - Вызвана главная страница
2024-09-17 21:50:33,808 - INFO - Вызвана главная страница
2024-09-17 21:52:47,654 - INFO - Вызвана главная страница
2024-09-17 21:55:34,082 - INFO - Вызвана главная страница
2024-09-17 21:57:47,947 - INFO - Вызвана главная страница
2024-09-17 22:00:34,376 - INFO - Вызвана главная страница
2024-09-17 22:02:48,215 - INFO - Вызвана главная страница
2024-09-17 22:05:34,609 - INFO - Вызвана главная страница
2024-09-17 22:07:48,446 - INFO - Вызвана главная страница
2024-09-17 22:10:34,863 - INFO - Вызвана главная страница
2024-09-17 22:12:48,649 - INFO - Вызвана главная страница
2024-09-17 22:15:35,068 - INFO - Вызвана главная страница
2024-09-17 22:17:48,898 - INFO - Вызвана главная страница
2024-09-17 22:20:35,289 - INFO - Вызвана главная страница
2024-09-17 22:22:28,358 - INFO - Вызвана главная страница
2024-09-17 22:22:49,212 - INFO - Вызвана главная страница
2024-09-17 22:23:50,948 - INFO - Вызвана главная страница
2024-09-17 22:25:04,074 - INFO - Вызвана главная страница
2024-09-17 22:25:04,588 - INFO - Вызвана главная страница
2024-09-17 22:25:05,042 - INFO - Вызвана главная страница
2024-09-17 22:25:18,158 - INFO - Вызвана главная страница
2024-09-17 22:25:18,587 - INFO - Вызвана главная страница
2024-09-17 22:25:18,900 - INFO - Вызвана главная страница
2024-09-17 22:25:25,327 - INFO - Вызвана главная страница
2024-09-17 22:25:25,705 - INFO - Вызвана главная страница
2024-09-17 22:25:27,056 - INFO - Вызвана главная страница
2024-09-17 22:25:31,465 - INFO - Вызвана главная страница
2024-09-17 22:25:44,467 - INFO - Вызвана главная страница
2024-09-17 22:25:45,090 - INFO - Вызвана главная страница
2024-09-17 22:25:54,889 - INFO - Вызвана главная страница
2024-09-17 22:25:55,542 - INFO - Вызвана главная страница
2024-09-17 22:27:49,427 - INFO - Вызвана главная страница
2024-09-17 22:28:47,767 - INFO - Вызвана главная страница
2024-09-17 22:29:07,707 - INFO - Вызвана главная страница
2024-09-17 22:29:10,833 - INFO - Вызвана главная страница
2024-09-17 22:29:12,053 - INFO - Вызвана главная страница
2024-09-17 22:33:47,982 - INFO - Вызвана главная страница
2024-09-17 22:34:12,725 - INFO - Вызвана главная страница
2024-09-17 22:38:48,227 - INFO - Вызвана главная страница
2024-09-17 22:39:12,928 - INFO - Вызвана главная страница
2024-09-17 22:43:48,469 - INFO - Вызвана главная страница
2024-09-17 22:44:13,165 - INFO - Вызвана главная страница
2024-09-17 22:47:21,961 - INFO - Вызвана главная страница
2024-09-17 22:47:35,107 - INFO - Вызвана главная страница
2024-09-17 22:47:35,966 - INFO - Вызвана главная страница
2024-09-17 22:47:36,739 - INFO - Вызвана главная страница
2024-09-17 22:47:37,148 - INFO - Вызвана главная страница
2024-09-17 22:47:37,347 - INFO - Вызвана главная страница
2024-09-17 22:47:37,762 - INFO - Вызвана главная страница
2024-09-17 22:47:52,292 - INFO - Вызвана главная страница
2024-09-17 22:47:53,849 - INFO - Вызвана главная страница
2024-09-17 22:47:54,436 - INFO - Вызвана главная страница
2024-09-17 22:47:55,327 - INFO - Вызвана главная страница
2024-09-17 22:47:55,760 - INFO - Вызвана главная страница
2024-09-17 22:47:56,094 - INFO - Вызвана главная страница
2024-09-17 22:47:56,509 - INFO - Вызвана главная страница
2024-09-17 22:50:11,089 - INFO - Вызвана главная страница
2024-09-17 22:50:26,237 - INFO - Вызвана главная страница
2024-09-17 22:50:26,503 - INFO - Вызвана главная страница
2024-09-17 22:52:22,268 - INFO - Вызвана главная страница
2024-09-17 22:52:22,855 - INFO - Вызвана главная страница
2024-09-17 22:52:23,821 - INFO - Вызвана главная страница
2024-09-17 22:54:39,146 - INFO - Вызвана главная страница
2024-09-17 22:55:50,333 - INFO - Вызвана главная страница
2024-09-17 22:55:51,083 - INFO - Вызвана главная страница
2024-09-17 23:00:04,904 - INFO - Вызвана главная страница
2024-09-17 23:00:42,742 - INFO - Вызвана главная страница
2024-09-17 23:00:47,738 - INFO - Вызвана главная страница
2024-09-17 23:00:49,028 - INFO - Вызвана главная страница
2024-09-17 23:01:44,402 - INFO - Вызвана главная страница
2024-09-17 23:01:46,650 - INFO - Вызвана главная страница
2024-09-17 23:01:48,058 - INFO - Вызвана главная страница
2024-09-17 23:01:56,717 - INFO - Вызвана главная страница
2024-09-17 23:01:57,888 - INFO - Вызвана главная страница
2024-09-17 23:04:49,034 - INFO - Вызвана главная страница
2024-09-17 23:08:43,062 - INFO - Вызвана главная страница
2024-09-17 23:08:45,191 - INFO - Вызвана главная страница
2024-09-17 23:11:17,099 - INFO - Вызвана главная страница
2024-09-17 23:11:26,439 - INFO - Вызвана главная страница
2024-09-17 23:12:19,440 - INFO - Вызвана главная страница
2024-09-17 23:12:38,680 - INFO - Вызвана главная страница
2024-09-17 23:12:39,558 - INFO - Вызвана главная страница
2024-09-17 23:13:44,151 - INFO - Вызвана главная страница
2024-09-17 23:13:57,651 - INFO - Вызвана главная страница
2024-09-17 23:14:10,101 - INFO - Вызвана главная страница
2024-09-17 23:14:22,918 - INFO - Вызвана главная страница
2024-09-17 23:19:12,303 - INFO - Вызвана главная страница
2024-09-17 23:19:13,524 - INFO - Вызвана главная страница
2024-09-17 23:19:43,876 - INFO - Вызвана главная страница
2024-09-17 23:19:44,762 - INFO - Вызвана главная страница
2024-09-17 23:19:45,635 - INFO - Вызвана главная страница
2024-09-17 23:19:46,032 - INFO - Вызвана главная страница
2024-09-17 23:20:26,231 - INFO - Вызвана главная страница
2024-09-17 23:20:26,294 - INFO - Вызвана главная страница
2024-09-17 23:20:26,935 - INFO - Вызвана главная страница
2024-09-17 23:22:40,892 - INFO - Вызвана главная страница
2024-09-17 23:23:02,627 - INFO - Вызвана главная страница
2024-09-17 23:23:27,095 - INFO - Вызвана главная страница
2024-09-17 23:25:14,917 - INFO - Вызвана главная страница
2024-09-17 23:26:58,443 - INFO - Вызвана главная страница
2024-09-17 23:28:45,694 - INFO - Вызвана главная страница
2024-09-17 23:28:46,523 - INFO - Вызвана главная страница
2024-09-17 23:29:11,258 - INFO - Вызвана главная страница
2024-09-17 23:29:12,527 - INFO - Вызвана главная страница
2024-09-17 23:29:13,469 - INFO - Вызвана главная страница
2024-09-17 23:29:54,025 - INFO - Вызвана главная страница
2024-09-17 23:31:10,482 - INFO - Вызвана главная страница
2024-09-17 23:31:18,913 - INFO - Вызвана главная страница
2024-09-17 23:36:19,738 - INFO - Вызвана главная страница
2024-09-17 23:41:20,421 - INFO - Вызвана главная страница
2024-09-17 23:46:21,063 - INFO - Вызвана главная страница
2024-09-17 23:51:21,411 - INFO - Вызвана главная страница
2024-09-17 23:56:21,698 - INFO - Вызвана главная страница
2024-09-18 00:01:22,161 - INFO - Вызвана главная страница
2024-09-18 00:06:22,517 - INFO - Вызвана главная страница
2024-09-18 00:11:22,894 - INFO - Вызвана главная страница
2024-09-18 00:16:23,256 - INFO - Вызвана главная страница
2024-09-18 09:59:02,531 - INFO - Вызвана главная страница
2024-09-18 09:59:45,120 - INFO - Вызвана главная страница
2024-09-18 09:59:45,768 - INFO - Вызвана главная страница
2024-09-18 10:00:29,942 - INFO - Вызвана главная страница
2024-09-18 10:00:51,864 - INFO - Вызвана главная страница
2024-09-18 10:03:41,925 - INFO - Вызвана главная страница
2024-09-18 10:03:42,615 - INFO - Вызвана главная страница
2024-09-18 10:03:57,846 - INFO - Вызвана главная страница
2024-09-18 10:03:58,432 - INFO - Вызвана главная страница
2024-09-18 10:03:59,130 - INFO - Вызвана главная страница
2024-09-18 10:04:09,717 - INFO - Вызвана главная страница
2024-09-18 10:04:10,492 - INFO - Вызвана главная страница
2024-09-18 10:04:17,924 - INFO - Вызвана главная страница
2024-09-18 10:04:18,533 - INFO - Вызвана главная страница
2024-09-18 10:04:19,698 - INFO - Вызвана главная страница
2024-09-18 10:04:30,264 - INFO - Вызвана главная страница
2024-09-18 10:05:47,773 - INFO - Вызвана главная страница
2024-09-18 10:06:08,054 - INFO - Вызвана главная страница
2024-09-18 10:06:24,142 - INFO - Вызвана главная страница
2024-09-18 10:11:28,707 - INFO - Вызвана главная страница
2024-09-18 10:16:29,824 - INFO - Вызвана главная страница
2024-09-18 10:21:30,115 - INFO - Вызвана главная страница
2024-09-18 10:26:30,529 - INFO - Вызвана главная страница
2024-09-18 10:31:30,753 - INFO - Вызвана главная страница
2024-09-18 10:35:29,256 - INFO - Вызвана главная страница
2024-09-18 10:36:39,130 - INFO - Вызвана главная страница
2024-09-18 10:36:40,295 - INFO - Вызвана главная страница
2024-09-18 10:37:22,621 - INFO - Вызвана главная страница
2024-09-18 10:37:23,823 - INFO - Вызвана главная страница
2024-09-18 10:37:31,667 - INFO - Вызвана главная страница
2024-09-18 10:38:48,104 - INFO - Вызвана главная страница
2024-09-18 10:38:56,533 - INFO - Вызвана главная страница
2024-09-18 10:38:58,718 - INFO - Вызвана главная страница
2024-09-18 10:39:02,448 - INFO - Вызвана главная страница
2024-09-18 10:39:30,798 - INFO - Вызвана главная страница
2024-09-18 10:39:48,963 - INFO - Вызвана главная страница
2024-09-18 10:39:49,396 - INFO - Вызвана главная страница
2024-09-18 10:39:50,278 - INFO - Вызвана главная страница
2024-09-18 10:39:55,876 - INFO - Вызвана главная страница
2024-09-18 10:40:02,869 - INFO - Вызвана главная страница
2024-09-18 10:40:18,487 - INFO - Вызвана главная страница
2024-09-18 10:40:19,845 - INFO - Вызвана главная страница
2024-09-18 10:40:46,221 - INFO - Вызвана главная страница
2024-09-18 10:41:29,862 - INFO - Вызвана главная страница
2024-09-18 10:41:32,530 - INFO - Вызвана главная страница
2024-09-18 10:41:42,367 - INFO - Вызвана главная страница
2024-09-18 10:41:48,658 - INFO - Вызвана главная страница
2024-09-18 10:42:30,685 - INFO - Вызвана главная страница
2024-09-18 10:42:36,765 - INFO - Вызвана главная страница
2024-09-18 10:42:54,823 - INFO - Вызвана главная страница
2024-09-18 10:42:55,640 - INFO - Вызвана главная страница
2024-09-18 10:43:05,878 - INFO - Вызвана главная страница
2024-09-18 10:43:32,974 - INFO - Вызвана главная страница
2024-09-18 10:43:33,024 - WARNING - Not Found: /favicon.ico
2024-09-18 10:43:33,396 - INFO - Вызвана главная страница
2024-09-18 10:43:34,817 - INFO - Вызвана главная страница
2024-09-18 10:43:34,841 - WARNING - Not Found: /favicon.ico
2024-09-18 10:43:45,705 - INFO - Вызвана главная страница
2024-09-18 10:43:46,485 - INFO - Вызвана главная страница
2024-09-18 10:43:52,503 - INFO - Вызвана главная страница
2024-09-18 10:43:52,851 - INFO - Вызвана главная страница
2024-09-18 10:43:53,483 - INFO - Вызвана главная страница
2024-09-18 10:43:58,045 - INFO - Вызвана главная страница
2024-09-18 10:44:13,602 - INFO - Вызвана страница всех бонусов
2024-09-18 10:44:31,955 - INFO - Вызвана главная страница
2024-09-18 10:44:45,138 - INFO - Вызвана главная страница
2024-09-18 10:45:05,454 - INFO - Вызвана главная страница
2024-09-18 10:45:05,957 - INFO - Вызвана главная страница
2024-09-18 10:45:07,039 - INFO - Вызвана главная страница
2024-09-18 10:45:50,977 - INFO - Вызвана главная страница
2024-09-18 10:45:51,446 - INFO - Вызвана главная страница
2024-09-18 10:45:52,843 - INFO - Вызвана главная страница
2024-09-18 10:45:56,501 - INFO - Вызвана главная страница
2024-09-18 10:45:57,223 - INFO - Вызвана главная страница
2024-09-18 10:46:34,720 - INFO - Вызвана главная страница
2024-09-18 10:47:10,288 - INFO - Вызвана главная страница
2024-09-18 10:49:02,462 - INFO - Вызвана главная страница
2024-09-18 10:49:29,685 - INFO - Вызвана главная страница
2024-09-18 10:49:31,017 - INFO - Вызвана главная страница
2024-09-18 10:50:11,255 - INFO - Вызвана главная страница
2024-09-18 10:50:12,989 - INFO - Вызвана главная страница
2024-09-18 10:50:24,414 - INFO - Вызвана главная страница
2024-09-18 10:50:25,179 - INFO - Вызвана главная страница
2024-09-18 10:50:28,031 - INFO - Вызвана главная страница
2024-09-18 10:50:28,880 - INFO - Вызвана главная страница
2024-09-18 10:51:22,906 - INFO - Вызвана главная страница
2024-09-18 10:51:26,839 - INFO - Вызвана главная страница
2024-09-18 10:51:54,769 - INFO - Вызвана главная страница
2024-09-18 10:51:55,546 - INFO - Вызвана главная страница
2024-09-18 10:52:14,434 - INFO - Вызвана главная страница
2024-09-18 10:52:14,840 - INFO - Вызвана главная страница
2024-09-18 10:52:15,459 - INFO - Вызвана главная страница
2024-09-18 10:52:36,537 - INFO - Вызвана главная страница
2024-09-18 10:52:36,633 - INFO - Вызвана главная страница
2024-09-18 10:52:36,950 - INFO - Вызвана главная страница
2024-09-18 10:52:37,882 - INFO - Вызвана главная страница
2024-09-18 10:52:57,129 - INFO - Вызвана главная страница
2024-09-18 10:52:58,469 - INFO - Вызвана главная страница
2024-09-18 10:54:13,081 - INFO - Вызвана главная страница
2024-09-18 10:54:14,152 - INFO - Вызвана главная страница
2024-09-18 10:54:28,638 - INFO - Вызвана главная страница
2024-09-18 10:54:29,374 - INFO - Вызвана главная страница
2024-09-18 10:54:35,526 - INFO - Вызвана главная страница
2024-09-18 10:54:36,411 - INFO - Вызвана главная страница
2024-09-18 10:54:42,833 - INFO - Вызвана главная страница
2024-09-18 10:54:53,847 - INFO - Вызвана главная страница
2024-09-18 10:57:24,620 - INFO - Вызвана главная страница
2024-09-18 10:57:27,251 - INFO - Вызвана главная страница
2024-09-18 10:57:51,714 - INFO - Вызвана главная страница
2024-09-18 10:57:53,559 - INFO - Вызвана главная страница
2024-09-18 10:58:07,855 - INFO - Вызвана главная страница
2024-09-18 10:58:25,882 - INFO - Вызвана главная страница
2024-09-18 10:58:27,749 - INFO - Вызвана главная страница
2024-09-18 10:58:35,493 - INFO - Вызвана главная страница
2024-09-18 10:58:36,175 - INFO - Вызвана главная страница
2024-09-18 10:58:53,932 - INFO - Вызвана главная страница
2024-09-18 10:59:56,197 - INFO - Вызвана главная страница
2024-09-18 11:00:52,959 - INFO - Вызвана главная страница
2024-09-18 11:01:13,163 - INFO - Вызвана главная страница
2024-09-18 11:01:21,216 - INFO - Вызвана главная страница
2024-09-18 11:01:22,101 - INFO - Вызвана главная страница
2024-09-18 11:01:33,323 - INFO - Вызвана главная страница
2024-09-18 11:01:54,184 - INFO - Вызвана главная страница
2024-09-18 11:02:11,609 - INFO - Вызвана главная страница
2024-09-18 11:02:12,638 - INFO - Вызвана главная страница
2024-09-18 11:07:13,121 - INFO - Вызвана главная страница
2024-09-18 11:12:13,419 - INFO - Вызвана главная страница
2024-09-18 11:16:13,160 - INFO - Вызвана главная страница
2024-09-18 11:17:04,703 - INFO - Вызвана главная страница
2024-09-18 11:17:11,573 - INFO - Вызвана главная страница
2024-09-18 11:17:12,348 - INFO - Вызвана главная страница
2024-09-18 11:19:10,897 - INFO - Вызвана главная страница
2024-09-18 11:19:31,627 - INFO - Вызвана главная страница
2024-09-18 11:20:06,056 - INFO - Вызвана главная страница
2024-09-18 11:20:47,978 - INFO - Вызвана главная страница
2024-09-18 11:20:49,266 - INFO - Вызвана главная страница
2024-09-18 11:20:57,747 - INFO - Вызвана главная страница
2024-09-18 11:20:58,595 - INFO - Вызвана главная страница
2024-09-18 11:21:48,500 - INFO - Вызвана главная страница
2024-09-18 11:22:41,904 - INFO - Вызвана главная страница
2024-09-18 11:23:13,870 - INFO - Вызвана главная страница
2024-09-18 11:28:14,100 - INFO - Вызвана главная страница
2024-09-18 11:29:15,740 - INFO - Вызвана главная страница
2024-09-18 11:30:52,436 - INFO - Вызвана главная страница
2024-09-18 11:30:58,699 - INFO - Вызвана главная страница
2024-09-18 11:31:27,377 - INFO - Вызвана главная страница
2024-09-18 11:31:45,572 - INFO - Вызвана главная страница
2024-09-18 11:31:46,222 - INFO - Вызвана главная страница
2024-09-18 11:31:46,972 - INFO - Вызвана главная страница
2024-09-18 11:32:03,131 - INFO - Вызвана главная страница
2024-09-18 11:32:13,911 - INFO - Вызвана главная страница
2024-09-18 11:32:21,521 - INFO - Вызвана главная страница
2024-09-18 11:32:30,841 - INFO - Вызвана главная страница
2024-09-18 11:33:35,849 - INFO - Вызвана главная страница
2024-09-18 11:33:52,677 - INFO - Вызвана главная страница
2024-09-18 11:33:53,135 - INFO - Вызвана главная страница
2024-09-18 11:33:53,825 - INFO - Вызвана главная страница
2024-09-18 11:33:55,902 - INFO - Вызвана главная страница
2024-09-18 11:34:14,521 - INFO - Вызвана главная страница
2024-09-18 11:34:14,896 - INFO - Вызвана главная страница
2024-09-18 11:34:15,066 - INFO - Вызвана главная страница
2024-09-18 11:34:15,847 - INFO - Вызвана главная страница
2024-09-18 11:34:36,629 - INFO - Вызвана главная страница
2024-09-18 11:34:46,848 - INFO - Вызвана главная страница
2024-09-18 11:35:45,750 - INFO - Вызвана главная страница
2024-09-18 11:35:46,957 - INFO - Вызвана главная страница
2024-09-18 11:36:36,160 - INFO - Вызвана главная страница
2024-09-18 11:36:51,135 - INFO - Вызвана главная страница
2024-09-18 11:41:51,418 - INFO - Вызвана главная страница
2024-09-18 11:46:51,749 - INFO - Вызвана главная страница
2024-09-18 11:51:52,000 - INFO - Вызвана главная страница
2024-09-18 11:55:14,153 - INFO - Вызвана главная страница
2024-09-18 11:56:04,473 - INFO - Вызвана главная страница
2024-09-18 11:56:38,451 - INFO - Вызвана главная страница
2024-09-18 11:56:43,844 - INFO - Вызвана главная страница
2024-09-18 11:56:47,760 - INFO - Вызвана главная страница
2024-09-18 11:56:51,819 - INFO - Вызвана главная страница
2024-09-18 11:57:20,075 - INFO - Вызвана главная страница
2024-09-18 11:57:20,823 - INFO - Вызвана главная страница
2024-09-18 11:57:25,996 - INFO - Вызвана главная страница
2024-09-18 11:57:53,796 - INFO - Вызвана главная страница
2024-09-18 11:58:47,915 - INFO - Вызвана страница всех бонусов
2024-09-18 11:59:14,750 - INFO - Вызвана главная страница
2024-09-18 11:59:36,125 - INFO - Вызвана главная страница
2024-09-18 12:00:59,803 - INFO - Вызвана главная страница
2024-09-18 12:01:06,507 - INFO - Вызвана главная страница
2024-09-18 12:01:09,056 - INFO - Вызвана главная страница
2024-09-18 12:01:10,073 - INFO - Вызвана главная страница
2024-09-18 12:01:13,326 - INFO - Вызвана главная страница
2024-09-18 12:01:15,758 - INFO - Вызвана главная страница
2024-09-18 12:01:27,838 - INFO - Вызвана главная страница
2024-09-18 12:01:51,971 - INFO - Вызвана главная страница
2024-09-18 12:01:52,483 - INFO - Вызвана главная страница
2024-09-18 12:01:53,381 - INFO - Вызвана главная страница
2024-09-18 12:01:58,700 - INFO - Вызвана главная страница
2024-09-18 12:01:59,155 - INFO - Вызвана главная страница
2024-09-18 12:01:59,534 - INFO - Вызвана главная страница
2024-09-18 12:02:00,105 - INFO - Вызвана главная страница
2024-09-18 12:02:28,108 - INFO - Вызвана главная страница
2024-09-18 12:02:28,553 - INFO - Вызвана главная страница
2024-09-18 12:02:28,901 - INFO - Вызвана главная страница
2024-09-18 12:02:29,234 - INFO - Вызвана главная страница
2024-09-18 12:02:30,288 - INFO - Вызвана главная страница
2024-09-18 12:02:34,456 - INFO - Вызвана главная страница
2024-09-18 12:02:35,265 - INFO - Вызвана главная страница
2024-09-18 12:02:38,168 - INFO - Вызвана главная страница
2024-09-18 12:03:28,651 - INFO - Вызвана главная страница
2024-09-18 12:03:34,354 - INFO - Вызвана главная страница
2024-09-18 12:03:34,941 - INFO - Вызвана главная страница
2024-09-18 12:03:36,022 - INFO - Вызвана главная страница
2024-09-18 12:04:52,726 - INFO - Вызвана главная страница
2024-09-18 12:06:06,951 - INFO - Вызвана главная страница
2024-09-18 12:06:22,555 - INFO - Вызвана главная страница
2024-09-18 12:06:23,159 - INFO - Вызвана главная страница
2024-09-18 12:06:40,928 - INFO - Вызвана главная страница
2024-09-18 12:06:45,255 - INFO - Вызвана главная страница
2024-09-18 12:06:54,995 - INFO - Вызвана главная страница
2024-09-18 12:06:58,034 - INFO - Вызвана главная страница
2024-09-18 12:07:00,412 - INFO - Вызвана главная страница
2024-09-18 12:07:05,044 - INFO - Вызвана главная страница
2024-09-18 12:07:09,395 - INFO - Вызвана главная страница
2024-09-18 12:07:15,243 - INFO - Вызвана главная страница
2024-09-18 12:07:26,312 - INFO - Вызвана главная страница
2024-09-18 12:07:30,057 - INFO - Вызвана главная страница
2024-09-18 12:07:30,363 - INFO - Вызвана главная страница
2024-09-18 12:07:33,015 - INFO - Вызвана главная страница
2024-09-18 12:07:42,109 - INFO - Вызвана главная страница
2024-09-18 12:07:48,322 - INFO - Вызвана главная страница
2024-09-18 12:09:48,294 - INFO - Вызвана главная страница
2024-09-18 12:14:48,630 - INFO - Вызвана главная страница
2024-09-18 12:15:32,251 - INFO - Вызвана главная страница
2024-09-18 12:15:35,601 - INFO - Вызвана главная страница
2024-09-18 12:16:16,310 - INFO - Вызвана главная страница
2024-09-18 12:16:20,085 - INFO - Вызвана главная страница
2024-09-18 12:16:50,685 - INFO - Вызвана главная страница
2024-09-18 12:16:55,494 - INFO - Вызвана главная страница
2024-09-18 12:17:02,975 - INFO - Вызвана главная страница
2024-09-18 12:17:07,655 - INFO - Вызвана главная страница
2024-09-18 12:17:42,070 - INFO - Вызвана главная страница
2024-09-18 12:17:48,644 - INFO - Вызвана главная страница
2024-09-18 12:18:02,142 - INFO - Вызвана главная страница
2024-09-18 12:18:03,043 - INFO - Вызвана главная страница
2024-09-18 12:18:07,255 - INFO - Вызвана главная страница
2024-09-18 12:18:10,158 - INFO - Вызвана главная страница
2024-09-18 12:18:13,360 - INFO - Вызвана главная страница
2024-09-18 12:18:17,885 - INFO - Вызвана главная страница
2024-09-18 12:23:18,234 - INFO - Вызвана главная страница
2024-09-18 12:28:18,566 - INFO - Вызвана главная страница
2024-09-18 12:33:18,888 - INFO - Вызвана главная страница
2024-09-18 12:35:42,594 - INFO - Вызвана главная страница
2024-09-18 12:36:52,478 - INFO - Вызвана главная страница
2024-09-18 12:37:02,556 - INFO - Вызвана главная страница
2024-09-18 12:37:03,105 - INFO - Вызвана главная страница
2024-09-18 12:37:12,439 - INFO - Вызвана главная страница
2024-09-18 12:37:13,221 - INFO - Вызвана главная страница
2024-09-18 12:37:14,001 - INFO - Вызвана главная страница
2024-09-18 12:37:18,740 - INFO - Вызвана главная страница
2024-09-18 12:37:29,716 - INFO - Вызвана главная страница
2024-09-18 12:37:34,491 - INFO - Вызвана главная страница
2024-09-18 12:37:44,891 - INFO - Вызвана главная страница
2024-09-18 12:37:50,683 - INFO - Вызвана главная страница
2024-09-18 12:37:53,711 - INFO - Вызвана главная страница
2024-09-18 12:38:04,384 - INFO - Вызвана главная страница
2024-09-18 12:38:33,033 - INFO - Вызвана главная страница
2024-09-18 12:38:39,664 - INFO - Вызвана главная страница
2024-09-18 12:38:44,780 - INFO - Вызвана главная страница
2024-09-18 12:39:12,510 - INFO - Вызвана главная страница
2024-09-18 12:39:19,194 - INFO - Вызвана главная страница
2024-09-18 12:39:25,434 - INFO - Вызвана главная страница
2024-09-18 12:40:11,056 - INFO - Вызвана главная страница
2024-09-18 12:40:44,159 - INFO - Вызвана главная страница
2024-09-18 12:42:00,291 - INFO - Вызвана главная страница
2024-09-18 12:42:14,276 - INFO - Вызвана главная страница
2024-09-18 12:42:47,642 - INFO - Вызвана главная страница
2024-09-18 12:43:11,567 - INFO - Вызвана главная страница
2024-09-18 12:43:20,880 - INFO - Вызвана главная страница
2024-09-18 12:43:29,446 - INFO - Вызвана главная страница
2024-09-18 12:44:03,277 - INFO - Вызвана главная страница
2024-09-18 12:44:10,939 - INFO - Вызвана главная страница
2024-09-18 12:44:17,187 - INFO - Вызвана главная страница
2024-09-18 12:48:25,928 - INFO - Вызвана главная страница
2024-09-18 12:48:29,051 - INFO -  вышел с аккаунта
2024-09-18 12:48:29,058 - INFO - Вызвана главная страница
2024-09-18 12:48:48,541 - INFO -  вошел в аккаунт
2024-09-18 12:48:48,542 - INFO - makskreet вошел в аккаунт
2024-09-18 12:48:48,565 - INFO - Вызвана главная страница
2024-09-18 12:48:54,227 - WARNING - Not Found: /favicon.ico
2024-09-18 12:51:21,293 - INFO - Вызвана главная страница
2024-09-18 12:51:53,150 - INFO - Вызвана главная страница
2024-09-18 12:51:53,661 - INFO - Вызвана главная страница
2024-09-18 12:51:55,794 - INFO - Вызвана главная страница
2024-09-18 12:51:56,477 - INFO - Вызвана главная страница
2024-09-18 12:51:57,427 - INFO - Вызвана главная страница
2024-09-18 12:52:09,082 - INFO - Вызвана главная страница
2024-09-18 12:52:10,013 - INFO - Вызвана главная страница
2024-09-18 12:52:10,908 - INFO - Вызвана главная страница
2024-09-18 12:52:14,077 - INFO - Вызвана главная страница
2024-09-18 12:52:42,447 - INFO - Вызвана главная страница
2024-09-18 12:52:46,167 - INFO - Вызвана главная страница
2024-09-18 12:53:10,151 - INFO - Вызвана главная страница
2024-09-18 12:54:21,089 - INFO - Вызвана главная страница
2024-09-18 12:54:29,002 - INFO - Вызвана главная страница
2024-09-18 12:54:42,717 - INFO - Вызвана главная страница
2024-09-18 12:54:46,047 - INFO - Вызвана главная страница
2024-09-18 12:55:08,403 - WARNING - Not Found: /favicon.ico
2024-09-18 12:55:25,372 - INFO - Вызвана главная страница
2024-09-18 12:55:31,697 - INFO - Вызвана главная страница
2024-09-18 12:55:39,845 - INFO - Вызвана главная страница
2024-09-18 12:56:02,442 - INFO - Вызвана главная страница
2024-09-18 12:58:35,880 - INFO - Вызвана главная страница
2024-09-18 12:58:52,239 - INFO - Вызвана главная страница
2024-09-18 12:59:13,309 - INFO - Вызвана главная страница
2024-09-18 12:59:35,483 - INFO - Вызвана главная страница
2024-09-18 13:01:31,939 - INFO - Вызвана главная страница
2024-09-18 13:02:33,866 - INFO - Вызвана главная страница
2024-09-18 13:02:48,846 - INFO - Вызвана главная страница
2024-09-18 13:02:49,581 - INFO - Вызвана главная страница
2024-09-18 13:02:50,439 - INFO - Вызвана главная страница
2024-09-18 13:03:01,445 - INFO - Вызвана главная страница
2024-09-18 13:03:04,013 - INFO - Вызвана главная страница
2024-09-18 13:03:33,627 - INFO - Вызвана главная страница
2024-09-18 13:03:38,345 - INFO - Вызвана главная страница
2024-09-18 13:04:05,847 - WARNING - Not Found: /favicon.ico
2024-09-18 13:05:21,243 - INFO - Вызвана главная страница
2024-09-18 16:22:53,713 - INFO - Вызвана главная страница
2024-09-18 16:28:05,772 - INFO - Вызвана главная страница
2024-09-18 16:33:08,370 - INFO - Вызвана главная страница
2024-09-18 16:37:07,858 - INFO - Вызвана главная страница
2024-09-18 16:37:08,624 - INFO - Вызвана главная страница
2024-09-18 16:38:01,280 - INFO - Вызвана главная страница
2024-09-18 16:38:02,109 - INFO - Вызвана главная страница
2024-09-18 16:38:38,639 - INFO - Вызвана главная страница
2024-09-18 16:38:42,952 - INFO - Вызвана главная страница
2024-09-18 16:38:45,925 - INFO - Вызвана главная страница
2024-09-18 16:40:21,365 - INFO - Вызвана главная страница
2024-09-18 16:45:26,048 - INFO - Вызвана главная страница
2024-09-18 16:46:44,703 - INFO - Вызвана главная страница
2024-09-18 16:47:23,999 - INFO - Вызвана главная страница
2024-09-18 16:49:18,791 - INFO - Вызвана главная страница
2024-09-18 16:49:55,682 - INFO - Вызвана главная страница
2024-09-18 16:50:14,548 - INFO - Вызвана главная страница
2024-09-18 16:50:37,817 - INFO - Вызвана главная страница
2024-09-18 16:50:51,932 - INFO - Вызвана главная страница
2024-09-18 16:50:55,856 - INFO - Вызвана главная страница
2024-09-18 16:50:56,979 - INFO - Вызвана главная страница
2024-09-18 16:51:10,405 - INFO - Вызвана главная страница
2024-09-18 16:51:11,402 - INFO - Вызвана главная страница
2024-09-18 16:51:37,751 - INFO - Вызвана главная страница
2024-09-18 16:52:05,802 - INFO - Вызвана главная страница
2024-09-18 16:52:15,675 - INFO - Вызвана главная страница
2024-09-18 16:52:32,032 - INFO - Вызвана главная страница
2024-09-18 16:52:33,258 - INFO - Вызвана главная страница
2024-09-18 16:52:40,566 - INFO - Вызвана главная страница
2024-09-18 16:52:52,460 - INFO - Вызвана главная страница
2024-09-18 16:52:56,343 - INFO - Вызвана главная страница
2024-09-18 16:53:00,401 - INFO - Вызвана главная страница
2024-09-18 16:53:03,296 - INFO - Вызвана главная страница
2024-09-18 16:53:06,354 - INFO - Вызвана главная страница
2024-09-18 16:53:07,002 - INFO - Вызвана главная страница
2024-09-18 16:53:36,802 - INFO - Вызвана главная страница
2024-09-18 16:53:48,024 - INFO - Вызвана главная страница
2024-09-18 16:58:48,316 - INFO - Вызвана главная страница
2024-09-18 17:01:54,838 - INFO - Вызвана главная страница
2024-09-18 17:01:58,606 - INFO - Вызвана главная страница
2024-09-18 17:03:17,093 - INFO - Вызвана главная страница
2024-09-18 17:03:18,100 - INFO - Вызвана главная страница
2024-09-18 17:03:28,730 - INFO - Вызвана главная страница
2024-09-18 17:03:29,511 - INFO - Вызвана главная страница
2024-09-18 17:03:33,856 - INFO - Вызвана главная страница
2024-09-18 17:03:37,341 - INFO - Вызвана главная страница
2024-09-18 17:04:25,872 - INFO - Вызвана главная страница
2024-09-18 17:04:32,344 - INFO - Вызвана главная страница
2024-09-18 17:04:33,725 - INFO - Вызвана главная страница
2024-09-18 17:04:42,448 - INFO - Вызвана главная страница
2024-09-18 17:04:43,219 - INFO - Вызвана главная страница
2024-09-18 17:04:47,218 - INFO - Вызвана главная страница
2024-09-18 17:04:55,270 - INFO - Вызвана главная страница
2024-09-18 17:06:15,822 - INFO - Вызвана главная страница
2024-09-18 17:06:16,463 - INFO - Вызвана главная страница
2024-09-18 17:06:16,900 - INFO - Вызвана главная страница
2024-09-18 17:06:33,165 - INFO - Вызвана главная страница
2024-09-18 17:10:04,632 - INFO - Вызвана главная страница
2024-09-18 17:10:41,051 - INFO - Вызвана главная страница
2024-09-18 17:10:44,195 - INFO - Вызвана главная страница
2024-09-18 17:10:53,976 - INFO - Вызвана главная страница
2024-09-18 17:13:35,558 - INFO - Вызвана главная страница
2024-09-18 17:13:47,817 - INFO - Вызвана главная страница
2024-09-18 17:13:52,233 - INFO - Вызвана главная страница
2024-09-18 17:13:57,673 - INFO - Вызвана главная страница
2024-09-18 17:54:52,489 - INFO - Вызвана главная страница
2024-09-18 17:59:10,663 - INFO - Вызвана главная страница
2024-09-18 17:59:12,007 - INFO - Вызвана страница списка людей
2024-09-18 17:59:22,412 - INFO - Вызвана главная страница
2024-09-18 17:59:46,112 - INFO - Вызвана главная страница
2024-09-18 17:59:46,622 - INFO - Вызвана главная страница
2024-09-18 17:59:47,373 - INFO - Вызвана главная страница
2024-09-18 17:59:52,473 - INFO - Вызвана главная страница
2024-09-18 17:59:59,082 - INFO - Вызвана главная страница
2024-09-18 18:00:03,648 - INFO - Вызвана главная страница
2024-09-18 18:00:47,241 - INFO - Вызвана главная страница
2024-09-18 18:00:51,375 - WARNING - Not Found: /favicon.ico
2024-09-18 18:05:03,916 - INFO - Вызвана главная страница
2024-09-18 18:05:24,532 - INFO - Вызвана главная страница
2024-09-18 18:10:05,344 - INFO - Вызвана главная страница
2024-09-18 18:12:41,230 - INFO - Вызвана главная страница
2024-09-18 18:12:51,091 - INFO - Вызвана главная страница
2024-09-18 18:12:59,792 - INFO - Вызвана главная страница
2024-09-18 18:13:38,634 - INFO - Вызвана главная страница
2024-09-18 21:01:10,285 - WARNING - Not Found: /favicon.ico
2024-09-18 21:02:35,369 - INFO - Вызвана главная страница
2024-09-18 21:07:36,185 - INFO - Вызвана главная страница
2024-09-18 21:12:11,853 - INFO - Вызвана главная страница
2024-09-18 21:55:49,503 - INFO - Вызвана главная страница
2024-09-18 21:55:50,589 - WARNING - Not Found: /favicon.ico
2024-09-18 21:56:33,722 - ERROR - Internal Server Error: /news
Traceback (most recent call last):
  File "C:\Users\maksk\AppData\Local\Packages\PythonSoftwareFoundation.Python.3.11_qbz5n2kfra8p0\LocalCache\local-packages\Python311\site-packages\django\core\handlers\exception.py", line 55, in inner
    response = get_response(request)
               ^^^^^^^^^^^^^^^^^^^^^
  File "C:\Users\maksk\AppData\Local\Packages\PythonSoftwareFoundation.Python.3.11_qbz5n2kfra8p0\LocalCache\local-packages\Python311\site-packages\django\core\handlers\base.py", line 197, in _get_response
    response = wrapped_callback(request, *callback_args, **callback_kwargs)
               ^^^^^^^^^^^^^^^^^^^^^^^^^^^^^^^^^^^^^^^^^^^^^^^^^^^^^^^^^^^^
  File "C:\Users\maksk\Desktop\lab5\rent_cars\portal\views.py", line 19, in all_news
    return render(request, 'portal/news.html', {'articles': articles})
           ^^^^^^^^^^^^^^^^^^^^^^^^^^^^^^^^^^^^^^^^^^^^^^^^^^^^^^^^^^^
  File "C:\Users\maksk\AppData\Local\Packages\PythonSoftwareFoundation.Python.3.11_qbz5n2kfra8p0\LocalCache\local-packages\Python311\site-packages\django\shortcuts.py", line 25, in render
    content = loader.render_to_string(template_name, context, request, using=using)
              ^^^^^^^^^^^^^^^^^^^^^^^^^^^^^^^^^^^^^^^^^^^^^^^^^^^^^^^^^^^^^^^^^^^^^
  File "C:\Users\maksk\AppData\Local\Packages\PythonSoftwareFoundation.Python.3.11_qbz5n2kfra8p0\LocalCache\local-packages\Python311\site-packages\django\template\loader.py", line 61, in render_to_string
    template = get_template(template_name, using=using)
               ^^^^^^^^^^^^^^^^^^^^^^^^^^^^^^^^^^^^^^^^
  File "C:\Users\maksk\AppData\Local\Packages\PythonSoftwareFoundation.Python.3.11_qbz5n2kfra8p0\LocalCache\local-packages\Python311\site-packages\django\template\loader.py", line 15, in get_template
    return engine.get_template(template_name)
           ^^^^^^^^^^^^^^^^^^^^^^^^^^^^^^^^^^
  File "C:\Users\maksk\AppData\Local\Packages\PythonSoftwareFoundation.Python.3.11_qbz5n2kfra8p0\LocalCache\local-packages\Python311\site-packages\django\template\backends\django.py", line 79, in get_template
    return Template(self.engine.get_template(template_name), self)
                    ^^^^^^^^^^^^^^^^^^^^^^^^^^^^^^^^^^^^^^^
  File "C:\Users\maksk\AppData\Local\Packages\PythonSoftwareFoundation.Python.3.11_qbz5n2kfra8p0\LocalCache\local-packages\Python311\site-packages\django\template\engine.py", line 177, in get_template
    template, origin = self.find_template(template_name)
                       ^^^^^^^^^^^^^^^^^^^^^^^^^^^^^^^^^
  File "C:\Users\maksk\AppData\Local\Packages\PythonSoftwareFoundation.Python.3.11_qbz5n2kfra8p0\LocalCache\local-packages\Python311\site-packages\django\template\engine.py", line 159, in find_template
    template = loader.get_template(name, skip=skip)
               ^^^^^^^^^^^^^^^^^^^^^^^^^^^^^^^^^^^^
  File "C:\Users\maksk\AppData\Local\Packages\PythonSoftwareFoundation.Python.3.11_qbz5n2kfra8p0\LocalCache\local-packages\Python311\site-packages\django\template\loaders\cached.py", line 57, in get_template
    template = super().get_template(template_name, skip)
               ^^^^^^^^^^^^^^^^^^^^^^^^^^^^^^^^^^^^^^^^^
  File "C:\Users\maksk\AppData\Local\Packages\PythonSoftwareFoundation.Python.3.11_qbz5n2kfra8p0\LocalCache\local-packages\Python311\site-packages\django\template\loaders\base.py", line 28, in get_template
    return Template(
           ^^^^^^^^^
  File "C:\Users\maksk\AppData\Local\Packages\PythonSoftwareFoundation.Python.3.11_qbz5n2kfra8p0\LocalCache\local-packages\Python311\site-packages\django\template\base.py", line 154, in __init__
    self.nodelist = self.compile_nodelist()
                    ^^^^^^^^^^^^^^^^^^^^^^^
  File "C:\Users\maksk\AppData\Local\Packages\PythonSoftwareFoundation.Python.3.11_qbz5n2kfra8p0\LocalCache\local-packages\Python311\site-packages\django\template\base.py", line 196, in compile_nodelist
    nodelist = parser.parse()
               ^^^^^^^^^^^^^^
  File "C:\Users\maksk\AppData\Local\Packages\PythonSoftwareFoundation.Python.3.11_qbz5n2kfra8p0\LocalCache\local-packages\Python311\site-packages\django\template\base.py", line 518, in parse
    raise self.error(token, e)
  File "C:\Users\maksk\AppData\Local\Packages\PythonSoftwareFoundation.Python.3.11_qbz5n2kfra8p0\LocalCache\local-packages\Python311\site-packages\django\template\base.py", line 516, in parse
    compiled_result = compile_func(self, token)
                      ^^^^^^^^^^^^^^^^^^^^^^^^^
  File "C:\Users\maksk\AppData\Local\Packages\PythonSoftwareFoundation.Python.3.11_qbz5n2kfra8p0\LocalCache\local-packages\Python311\site-packages\django\template\loader_tags.py", line 295, in do_extends
    nodelist = parser.parse()
               ^^^^^^^^^^^^^^
  File "C:\Users\maksk\AppData\Local\Packages\PythonSoftwareFoundation.Python.3.11_qbz5n2kfra8p0\LocalCache\local-packages\Python311\site-packages\django\template\base.py", line 518, in parse
    raise self.error(token, e)
  File "C:\Users\maksk\AppData\Local\Packages\PythonSoftwareFoundation.Python.3.11_qbz5n2kfra8p0\LocalCache\local-packages\Python311\site-packages\django\template\base.py", line 516, in parse
    compiled_result = compile_func(self, token)
                      ^^^^^^^^^^^^^^^^^^^^^^^^^
  File "C:\Users\maksk\AppData\Local\Packages\PythonSoftwareFoundation.Python.3.11_qbz5n2kfra8p0\LocalCache\local-packages\Python311\site-packages\django\template\loader_tags.py", line 234, in do_block
    nodelist = parser.parse(("endblock",))
               ^^^^^^^^^^^^^^^^^^^^^^^^^^^
  File "C:\Users\maksk\AppData\Local\Packages\PythonSoftwareFoundation.Python.3.11_qbz5n2kfra8p0\LocalCache\local-packages\Python311\site-packages\django\template\base.py", line 523, in parse
    self.unclosed_block_tag(parse_until)
  File "C:\Users\maksk\AppData\Local\Packages\PythonSoftwareFoundation.Python.3.11_qbz5n2kfra8p0\LocalCache\local-packages\Python311\site-packages\django\template\base.py", line 586, in unclosed_block_tag
    raise self.error(token, msg)
django.template.exceptions.TemplateSyntaxError: Unclosed tag on line 1: 'block'. Looking for one of: endblock.
2024-09-18 21:57:49,687 - ERROR - Internal Server Error: /news
Traceback (most recent call last):
  File "C:\Users\maksk\AppData\Local\Packages\PythonSoftwareFoundation.Python.3.11_qbz5n2kfra8p0\LocalCache\local-packages\Python311\site-packages\django\core\handlers\exception.py", line 55, in inner
    response = get_response(request)
               ^^^^^^^^^^^^^^^^^^^^^
  File "C:\Users\maksk\AppData\Local\Packages\PythonSoftwareFoundation.Python.3.11_qbz5n2kfra8p0\LocalCache\local-packages\Python311\site-packages\django\core\handlers\base.py", line 197, in _get_response
    response = wrapped_callback(request, *callback_args, **callback_kwargs)
               ^^^^^^^^^^^^^^^^^^^^^^^^^^^^^^^^^^^^^^^^^^^^^^^^^^^^^^^^^^^^
  File "C:\Users\maksk\Desktop\lab5\rent_cars\portal\views.py", line 19, in all_news
    return render(request, 'portal/news.html', {'articles': articles})
           ^^^^^^^^^^^^^^^^^^^^^^^^^^^^^^^^^^^^^^^^^^^^^^^^^^^^^^^^^^^
  File "C:\Users\maksk\AppData\Local\Packages\PythonSoftwareFoundation.Python.3.11_qbz5n2kfra8p0\LocalCache\local-packages\Python311\site-packages\django\shortcuts.py", line 25, in render
    content = loader.render_to_string(template_name, context, request, using=using)
              ^^^^^^^^^^^^^^^^^^^^^^^^^^^^^^^^^^^^^^^^^^^^^^^^^^^^^^^^^^^^^^^^^^^^^
  File "C:\Users\maksk\AppData\Local\Packages\PythonSoftwareFoundation.Python.3.11_qbz5n2kfra8p0\LocalCache\local-packages\Python311\site-packages\django\template\loader.py", line 61, in render_to_string
    template = get_template(template_name, using=using)
               ^^^^^^^^^^^^^^^^^^^^^^^^^^^^^^^^^^^^^^^^
  File "C:\Users\maksk\AppData\Local\Packages\PythonSoftwareFoundation.Python.3.11_qbz5n2kfra8p0\LocalCache\local-packages\Python311\site-packages\django\template\loader.py", line 15, in get_template
    return engine.get_template(template_name)
           ^^^^^^^^^^^^^^^^^^^^^^^^^^^^^^^^^^
  File "C:\Users\maksk\AppData\Local\Packages\PythonSoftwareFoundation.Python.3.11_qbz5n2kfra8p0\LocalCache\local-packages\Python311\site-packages\django\template\backends\django.py", line 79, in get_template
    return Template(self.engine.get_template(template_name), self)
                    ^^^^^^^^^^^^^^^^^^^^^^^^^^^^^^^^^^^^^^^
  File "C:\Users\maksk\AppData\Local\Packages\PythonSoftwareFoundation.Python.3.11_qbz5n2kfra8p0\LocalCache\local-packages\Python311\site-packages\django\template\engine.py", line 177, in get_template
    template, origin = self.find_template(template_name)
                       ^^^^^^^^^^^^^^^^^^^^^^^^^^^^^^^^^
  File "C:\Users\maksk\AppData\Local\Packages\PythonSoftwareFoundation.Python.3.11_qbz5n2kfra8p0\LocalCache\local-packages\Python311\site-packages\django\template\engine.py", line 159, in find_template
    template = loader.get_template(name, skip=skip)
               ^^^^^^^^^^^^^^^^^^^^^^^^^^^^^^^^^^^^
  File "C:\Users\maksk\AppData\Local\Packages\PythonSoftwareFoundation.Python.3.11_qbz5n2kfra8p0\LocalCache\local-packages\Python311\site-packages\django\template\loaders\cached.py", line 57, in get_template
    template = super().get_template(template_name, skip)
               ^^^^^^^^^^^^^^^^^^^^^^^^^^^^^^^^^^^^^^^^^
  File "C:\Users\maksk\AppData\Local\Packages\PythonSoftwareFoundation.Python.3.11_qbz5n2kfra8p0\LocalCache\local-packages\Python311\site-packages\django\template\loaders\base.py", line 28, in get_template
    return Template(
           ^^^^^^^^^
  File "C:\Users\maksk\AppData\Local\Packages\PythonSoftwareFoundation.Python.3.11_qbz5n2kfra8p0\LocalCache\local-packages\Python311\site-packages\django\template\base.py", line 154, in __init__
    self.nodelist = self.compile_nodelist()
                    ^^^^^^^^^^^^^^^^^^^^^^^
  File "C:\Users\maksk\AppData\Local\Packages\PythonSoftwareFoundation.Python.3.11_qbz5n2kfra8p0\LocalCache\local-packages\Python311\site-packages\django\template\base.py", line 196, in compile_nodelist
    nodelist = parser.parse()
               ^^^^^^^^^^^^^^
  File "C:\Users\maksk\AppData\Local\Packages\PythonSoftwareFoundation.Python.3.11_qbz5n2kfra8p0\LocalCache\local-packages\Python311\site-packages\django\template\base.py", line 518, in parse
    raise self.error(token, e)
  File "C:\Users\maksk\AppData\Local\Packages\PythonSoftwareFoundation.Python.3.11_qbz5n2kfra8p0\LocalCache\local-packages\Python311\site-packages\django\template\base.py", line 516, in parse
    compiled_result = compile_func(self, token)
                      ^^^^^^^^^^^^^^^^^^^^^^^^^
  File "C:\Users\maksk\AppData\Local\Packages\PythonSoftwareFoundation.Python.3.11_qbz5n2kfra8p0\LocalCache\local-packages\Python311\site-packages\django\template\loader_tags.py", line 295, in do_extends
    nodelist = parser.parse()
               ^^^^^^^^^^^^^^
  File "C:\Users\maksk\AppData\Local\Packages\PythonSoftwareFoundation.Python.3.11_qbz5n2kfra8p0\LocalCache\local-packages\Python311\site-packages\django\template\base.py", line 518, in parse
    raise self.error(token, e)
  File "C:\Users\maksk\AppData\Local\Packages\PythonSoftwareFoundation.Python.3.11_qbz5n2kfra8p0\LocalCache\local-packages\Python311\site-packages\django\template\base.py", line 516, in parse
    compiled_result = compile_func(self, token)
                      ^^^^^^^^^^^^^^^^^^^^^^^^^
  File "C:\Users\maksk\AppData\Local\Packages\PythonSoftwareFoundation.Python.3.11_qbz5n2kfra8p0\LocalCache\local-packages\Python311\site-packages\django\template\loader_tags.py", line 234, in do_block
    nodelist = parser.parse(("endblock",))
               ^^^^^^^^^^^^^^^^^^^^^^^^^^^
  File "C:\Users\maksk\AppData\Local\Packages\PythonSoftwareFoundation.Python.3.11_qbz5n2kfra8p0\LocalCache\local-packages\Python311\site-packages\django\template\base.py", line 523, in parse
    self.unclosed_block_tag(parse_until)
  File "C:\Users\maksk\AppData\Local\Packages\PythonSoftwareFoundation.Python.3.11_qbz5n2kfra8p0\LocalCache\local-packages\Python311\site-packages\django\template\base.py", line 586, in unclosed_block_tag
    raise self.error(token, msg)
django.template.exceptions.TemplateSyntaxError: Unclosed tag on line 1: 'block'. Looking for one of: endblock.
2024-09-18 21:57:50,167 - ERROR - Internal Server Error: /news
Traceback (most recent call last):
  File "C:\Users\maksk\AppData\Local\Packages\PythonSoftwareFoundation.Python.3.11_qbz5n2kfra8p0\LocalCache\local-packages\Python311\site-packages\django\core\handlers\exception.py", line 55, in inner
    response = get_response(request)
               ^^^^^^^^^^^^^^^^^^^^^
  File "C:\Users\maksk\AppData\Local\Packages\PythonSoftwareFoundation.Python.3.11_qbz5n2kfra8p0\LocalCache\local-packages\Python311\site-packages\django\core\handlers\base.py", line 197, in _get_response
    response = wrapped_callback(request, *callback_args, **callback_kwargs)
               ^^^^^^^^^^^^^^^^^^^^^^^^^^^^^^^^^^^^^^^^^^^^^^^^^^^^^^^^^^^^
  File "C:\Users\maksk\Desktop\lab5\rent_cars\portal\views.py", line 19, in all_news
    return render(request, 'portal/news.html', {'articles': articles})
           ^^^^^^^^^^^^^^^^^^^^^^^^^^^^^^^^^^^^^^^^^^^^^^^^^^^^^^^^^^^
  File "C:\Users\maksk\AppData\Local\Packages\PythonSoftwareFoundation.Python.3.11_qbz5n2kfra8p0\LocalCache\local-packages\Python311\site-packages\django\shortcuts.py", line 25, in render
    content = loader.render_to_string(template_name, context, request, using=using)
              ^^^^^^^^^^^^^^^^^^^^^^^^^^^^^^^^^^^^^^^^^^^^^^^^^^^^^^^^^^^^^^^^^^^^^
  File "C:\Users\maksk\AppData\Local\Packages\PythonSoftwareFoundation.Python.3.11_qbz5n2kfra8p0\LocalCache\local-packages\Python311\site-packages\django\template\loader.py", line 61, in render_to_string
    template = get_template(template_name, using=using)
               ^^^^^^^^^^^^^^^^^^^^^^^^^^^^^^^^^^^^^^^^
  File "C:\Users\maksk\AppData\Local\Packages\PythonSoftwareFoundation.Python.3.11_qbz5n2kfra8p0\LocalCache\local-packages\Python311\site-packages\django\template\loader.py", line 15, in get_template
    return engine.get_template(template_name)
           ^^^^^^^^^^^^^^^^^^^^^^^^^^^^^^^^^^
  File "C:\Users\maksk\AppData\Local\Packages\PythonSoftwareFoundation.Python.3.11_qbz5n2kfra8p0\LocalCache\local-packages\Python311\site-packages\django\template\backends\django.py", line 79, in get_template
    return Template(self.engine.get_template(template_name), self)
                    ^^^^^^^^^^^^^^^^^^^^^^^^^^^^^^^^^^^^^^^
  File "C:\Users\maksk\AppData\Local\Packages\PythonSoftwareFoundation.Python.3.11_qbz5n2kfra8p0\LocalCache\local-packages\Python311\site-packages\django\template\engine.py", line 177, in get_template
    template, origin = self.find_template(template_name)
                       ^^^^^^^^^^^^^^^^^^^^^^^^^^^^^^^^^
  File "C:\Users\maksk\AppData\Local\Packages\PythonSoftwareFoundation.Python.3.11_qbz5n2kfra8p0\LocalCache\local-packages\Python311\site-packages\django\template\engine.py", line 159, in find_template
    template = loader.get_template(name, skip=skip)
               ^^^^^^^^^^^^^^^^^^^^^^^^^^^^^^^^^^^^
  File "C:\Users\maksk\AppData\Local\Packages\PythonSoftwareFoundation.Python.3.11_qbz5n2kfra8p0\LocalCache\local-packages\Python311\site-packages\django\template\loaders\cached.py", line 57, in get_template
    template = super().get_template(template_name, skip)
               ^^^^^^^^^^^^^^^^^^^^^^^^^^^^^^^^^^^^^^^^^
  File "C:\Users\maksk\AppData\Local\Packages\PythonSoftwareFoundation.Python.3.11_qbz5n2kfra8p0\LocalCache\local-packages\Python311\site-packages\django\template\loaders\base.py", line 28, in get_template
    return Template(
           ^^^^^^^^^
  File "C:\Users\maksk\AppData\Local\Packages\PythonSoftwareFoundation.Python.3.11_qbz5n2kfra8p0\LocalCache\local-packages\Python311\site-packages\django\template\base.py", line 154, in __init__
    self.nodelist = self.compile_nodelist()
                    ^^^^^^^^^^^^^^^^^^^^^^^
  File "C:\Users\maksk\AppData\Local\Packages\PythonSoftwareFoundation.Python.3.11_qbz5n2kfra8p0\LocalCache\local-packages\Python311\site-packages\django\template\base.py", line 196, in compile_nodelist
    nodelist = parser.parse()
               ^^^^^^^^^^^^^^
  File "C:\Users\maksk\AppData\Local\Packages\PythonSoftwareFoundation.Python.3.11_qbz5n2kfra8p0\LocalCache\local-packages\Python311\site-packages\django\template\base.py", line 518, in parse
    raise self.error(token, e)
  File "C:\Users\maksk\AppData\Local\Packages\PythonSoftwareFoundation.Python.3.11_qbz5n2kfra8p0\LocalCache\local-packages\Python311\site-packages\django\template\base.py", line 516, in parse
    compiled_result = compile_func(self, token)
                      ^^^^^^^^^^^^^^^^^^^^^^^^^
  File "C:\Users\maksk\AppData\Local\Packages\PythonSoftwareFoundation.Python.3.11_qbz5n2kfra8p0\LocalCache\local-packages\Python311\site-packages\django\template\loader_tags.py", line 295, in do_extends
    nodelist = parser.parse()
               ^^^^^^^^^^^^^^
  File "C:\Users\maksk\AppData\Local\Packages\PythonSoftwareFoundation.Python.3.11_qbz5n2kfra8p0\LocalCache\local-packages\Python311\site-packages\django\template\base.py", line 518, in parse
    raise self.error(token, e)
  File "C:\Users\maksk\AppData\Local\Packages\PythonSoftwareFoundation.Python.3.11_qbz5n2kfra8p0\LocalCache\local-packages\Python311\site-packages\django\template\base.py", line 516, in parse
    compiled_result = compile_func(self, token)
                      ^^^^^^^^^^^^^^^^^^^^^^^^^
  File "C:\Users\maksk\AppData\Local\Packages\PythonSoftwareFoundation.Python.3.11_qbz5n2kfra8p0\LocalCache\local-packages\Python311\site-packages\django\template\loader_tags.py", line 234, in do_block
    nodelist = parser.parse(("endblock",))
               ^^^^^^^^^^^^^^^^^^^^^^^^^^^
  File "C:\Users\maksk\AppData\Local\Packages\PythonSoftwareFoundation.Python.3.11_qbz5n2kfra8p0\LocalCache\local-packages\Python311\site-packages\django\template\base.py", line 523, in parse
    self.unclosed_block_tag(parse_until)
  File "C:\Users\maksk\AppData\Local\Packages\PythonSoftwareFoundation.Python.3.11_qbz5n2kfra8p0\LocalCache\local-packages\Python311\site-packages\django\template\base.py", line 586, in unclosed_block_tag
    raise self.error(token, msg)
django.template.exceptions.TemplateSyntaxError: Unclosed tag on line 1: 'block'. Looking for one of: endblock.
2024-09-18 21:57:50,673 - ERROR - Internal Server Error: /news
Traceback (most recent call last):
  File "C:\Users\maksk\AppData\Local\Packages\PythonSoftwareFoundation.Python.3.11_qbz5n2kfra8p0\LocalCache\local-packages\Python311\site-packages\django\core\handlers\exception.py", line 55, in inner
    response = get_response(request)
               ^^^^^^^^^^^^^^^^^^^^^
  File "C:\Users\maksk\AppData\Local\Packages\PythonSoftwareFoundation.Python.3.11_qbz5n2kfra8p0\LocalCache\local-packages\Python311\site-packages\django\core\handlers\base.py", line 197, in _get_response
    response = wrapped_callback(request, *callback_args, **callback_kwargs)
               ^^^^^^^^^^^^^^^^^^^^^^^^^^^^^^^^^^^^^^^^^^^^^^^^^^^^^^^^^^^^
  File "C:\Users\maksk\Desktop\lab5\rent_cars\portal\views.py", line 19, in all_news
    return render(request, 'portal/news.html', {'articles': articles})
           ^^^^^^^^^^^^^^^^^^^^^^^^^^^^^^^^^^^^^^^^^^^^^^^^^^^^^^^^^^^
  File "C:\Users\maksk\AppData\Local\Packages\PythonSoftwareFoundation.Python.3.11_qbz5n2kfra8p0\LocalCache\local-packages\Python311\site-packages\django\shortcuts.py", line 25, in render
    content = loader.render_to_string(template_name, context, request, using=using)
              ^^^^^^^^^^^^^^^^^^^^^^^^^^^^^^^^^^^^^^^^^^^^^^^^^^^^^^^^^^^^^^^^^^^^^
  File "C:\Users\maksk\AppData\Local\Packages\PythonSoftwareFoundation.Python.3.11_qbz5n2kfra8p0\LocalCache\local-packages\Python311\site-packages\django\template\loader.py", line 61, in render_to_string
    template = get_template(template_name, using=using)
               ^^^^^^^^^^^^^^^^^^^^^^^^^^^^^^^^^^^^^^^^
  File "C:\Users\maksk\AppData\Local\Packages\PythonSoftwareFoundation.Python.3.11_qbz5n2kfra8p0\LocalCache\local-packages\Python311\site-packages\django\template\loader.py", line 15, in get_template
    return engine.get_template(template_name)
           ^^^^^^^^^^^^^^^^^^^^^^^^^^^^^^^^^^
  File "C:\Users\maksk\AppData\Local\Packages\PythonSoftwareFoundation.Python.3.11_qbz5n2kfra8p0\LocalCache\local-packages\Python311\site-packages\django\template\backends\django.py", line 79, in get_template
    return Template(self.engine.get_template(template_name), self)
                    ^^^^^^^^^^^^^^^^^^^^^^^^^^^^^^^^^^^^^^^
  File "C:\Users\maksk\AppData\Local\Packages\PythonSoftwareFoundation.Python.3.11_qbz5n2kfra8p0\LocalCache\local-packages\Python311\site-packages\django\template\engine.py", line 177, in get_template
    template, origin = self.find_template(template_name)
                       ^^^^^^^^^^^^^^^^^^^^^^^^^^^^^^^^^
  File "C:\Users\maksk\AppData\Local\Packages\PythonSoftwareFoundation.Python.3.11_qbz5n2kfra8p0\LocalCache\local-packages\Python311\site-packages\django\template\engine.py", line 159, in find_template
    template = loader.get_template(name, skip=skip)
               ^^^^^^^^^^^^^^^^^^^^^^^^^^^^^^^^^^^^
  File "C:\Users\maksk\AppData\Local\Packages\PythonSoftwareFoundation.Python.3.11_qbz5n2kfra8p0\LocalCache\local-packages\Python311\site-packages\django\template\loaders\cached.py", line 57, in get_template
    template = super().get_template(template_name, skip)
               ^^^^^^^^^^^^^^^^^^^^^^^^^^^^^^^^^^^^^^^^^
  File "C:\Users\maksk\AppData\Local\Packages\PythonSoftwareFoundation.Python.3.11_qbz5n2kfra8p0\LocalCache\local-packages\Python311\site-packages\django\template\loaders\base.py", line 28, in get_template
    return Template(
           ^^^^^^^^^
  File "C:\Users\maksk\AppData\Local\Packages\PythonSoftwareFoundation.Python.3.11_qbz5n2kfra8p0\LocalCache\local-packages\Python311\site-packages\django\template\base.py", line 154, in __init__
    self.nodelist = self.compile_nodelist()
                    ^^^^^^^^^^^^^^^^^^^^^^^
  File "C:\Users\maksk\AppData\Local\Packages\PythonSoftwareFoundation.Python.3.11_qbz5n2kfra8p0\LocalCache\local-packages\Python311\site-packages\django\template\base.py", line 196, in compile_nodelist
    nodelist = parser.parse()
               ^^^^^^^^^^^^^^
  File "C:\Users\maksk\AppData\Local\Packages\PythonSoftwareFoundation.Python.3.11_qbz5n2kfra8p0\LocalCache\local-packages\Python311\site-packages\django\template\base.py", line 518, in parse
    raise self.error(token, e)
  File "C:\Users\maksk\AppData\Local\Packages\PythonSoftwareFoundation.Python.3.11_qbz5n2kfra8p0\LocalCache\local-packages\Python311\site-packages\django\template\base.py", line 516, in parse
    compiled_result = compile_func(self, token)
                      ^^^^^^^^^^^^^^^^^^^^^^^^^
  File "C:\Users\maksk\AppData\Local\Packages\PythonSoftwareFoundation.Python.3.11_qbz5n2kfra8p0\LocalCache\local-packages\Python311\site-packages\django\template\loader_tags.py", line 295, in do_extends
    nodelist = parser.parse()
               ^^^^^^^^^^^^^^
  File "C:\Users\maksk\AppData\Local\Packages\PythonSoftwareFoundation.Python.3.11_qbz5n2kfra8p0\LocalCache\local-packages\Python311\site-packages\django\template\base.py", line 518, in parse
    raise self.error(token, e)
  File "C:\Users\maksk\AppData\Local\Packages\PythonSoftwareFoundation.Python.3.11_qbz5n2kfra8p0\LocalCache\local-packages\Python311\site-packages\django\template\base.py", line 516, in parse
    compiled_result = compile_func(self, token)
                      ^^^^^^^^^^^^^^^^^^^^^^^^^
  File "C:\Users\maksk\AppData\Local\Packages\PythonSoftwareFoundation.Python.3.11_qbz5n2kfra8p0\LocalCache\local-packages\Python311\site-packages\django\template\loader_tags.py", line 234, in do_block
    nodelist = parser.parse(("endblock",))
               ^^^^^^^^^^^^^^^^^^^^^^^^^^^
  File "C:\Users\maksk\AppData\Local\Packages\PythonSoftwareFoundation.Python.3.11_qbz5n2kfra8p0\LocalCache\local-packages\Python311\site-packages\django\template\base.py", line 523, in parse
    self.unclosed_block_tag(parse_until)
  File "C:\Users\maksk\AppData\Local\Packages\PythonSoftwareFoundation.Python.3.11_qbz5n2kfra8p0\LocalCache\local-packages\Python311\site-packages\django\template\base.py", line 586, in unclosed_block_tag
    raise self.error(token, msg)
django.template.exceptions.TemplateSyntaxError: Unclosed tag on line 1: 'block'. Looking for one of: endblock.
2024-09-18 22:06:49,694 - WARNING - Not Found: /favicon.ico
2024-09-18 22:16:43,240 - WARNING - Not Found: /favicon.ico
2024-09-18 22:55:43,416 - WARNING - Not Found: /favicon.ico
2024-09-18 23:04:32,459 - WARNING - Not Found: /favicon.ico
2024-09-18 23:10:25,298 - INFO - Вызвана главная страница
2024-09-18 23:10:27,925 - INFO - Вызвана главная страница
2024-09-18 23:10:28,419 - INFO - Вызвана главная страница
2024-09-18 23:10:30,350 - INFO - Вызвана главная страница
2024-09-18 23:10:36,520 - WARNING - Not Found: /favicon.ico
2024-09-18 23:10:58,482 - INFO - Вызвана главная страница
2024-09-18 23:11:27,833 - INFO - Вызвана главная страница
2024-09-18 23:11:28,970 - INFO - Вызвана главная страница
2024-09-18 23:11:29,459 - INFO - Вызвана главная страница
2024-09-18 23:11:29,671 - INFO - Вызвана главная страница
2024-09-18 23:11:29,787 - INFO - Вызвана главная страница
2024-09-18 23:12:06,534 - WARNING - Not Found: /favicon.ico
2024-09-18 23:12:19,855 - INFO - Вызвана главная страница
2024-09-18 23:14:34,962 - INFO - Вызвана главная страница
2024-09-18 23:14:35,471 - INFO - Вызвана главная страница
2024-09-18 23:14:35,974 - INFO - Вызвана главная страница
2024-09-18 23:14:47,226 - INFO - Вызвана главная страница
2024-09-18 23:14:49,294 - INFO - Вызвана главная страница
2024-09-18 23:15:11,212 - INFO - Вызвана главная страница
2024-09-18 23:17:14,499 - INFO - Вызвана главная страница
2024-09-18 23:17:14,627 - ERROR - Internal Server Error: /
Traceback (most recent call last):
  File "C:\Users\maksk\AppData\Local\Packages\PythonSoftwareFoundation.Python.3.11_qbz5n2kfra8p0\LocalCache\local-packages\Python311\site-packages\django\core\handlers\exception.py", line 55, in inner
    response = get_response(request)
               ^^^^^^^^^^^^^^^^^^^^^
  File "C:\Users\maksk\AppData\Local\Packages\PythonSoftwareFoundation.Python.3.11_qbz5n2kfra8p0\LocalCache\local-packages\Python311\site-packages\django\core\handlers\base.py", line 197, in _get_response
    response = wrapped_callback(request, *callback_args, **callback_kwargs)
               ^^^^^^^^^^^^^^^^^^^^^^^^^^^^^^^^^^^^^^^^^^^^^^^^^^^^^^^^^^^^
  File "C:\Users\maksk\Desktop\lab5\rent_cars\users\views.py", line 98, in index
    return render(request, 'users/index.html', {'current_month': current_month, 'current_year': current_year, 'cal': cal, 'month_number': month_number, 'user_timezone': user_timezone, 'current_date': current_date, 'body_types': body_types, 'cars': cars, 'discounts': discounts, 'penalties': penalties, 'promoCodes': promoCodes, 'article': article, 'partners': partners})
           ^^^^^^^^^^^^^^^^^^^^^^^^^^^^^^^^^^^^^^^^^^^^^^^^^^^^^^^^^^^^^^^^^^^^^^^^^^^^^^^^^^^^^^^^^^^^^^^^^^^^^^^^^^^^^^^^^^^^^^^^^^^^^^^^^^^^^^^^^^^^^^^^^^^^^^^^^^^^^^^^^^^^^^^^^^^^^^^^^^^^^^^^^^^^^^^^^^^^^^^^^^^^^^^^^^^^^^^^^^^^^^^^^^^^^^^^^^^^^^^^^^^^^^^^^^^^^^^^^^^^^^^^^^^^^^^^^^^^^^^^^^^^^^^^^^^^^^^^^^^^^^^^^^^^^^^^^^^^^^^^^^^^^^^^^^^^^^^^^^^^^^^^^^^^^^^^^^^^^^^
  File "C:\Users\maksk\AppData\Local\Packages\PythonSoftwareFoundation.Python.3.11_qbz5n2kfra8p0\LocalCache\local-packages\Python311\site-packages\django\shortcuts.py", line 25, in render
    content = loader.render_to_string(template_name, context, request, using=using)
              ^^^^^^^^^^^^^^^^^^^^^^^^^^^^^^^^^^^^^^^^^^^^^^^^^^^^^^^^^^^^^^^^^^^^^
  File "C:\Users\maksk\AppData\Local\Packages\PythonSoftwareFoundation.Python.3.11_qbz5n2kfra8p0\LocalCache\local-packages\Python311\site-packages\django\template\loader.py", line 62, in render_to_string
    return template.render(context, request)
           ^^^^^^^^^^^^^^^^^^^^^^^^^^^^^^^^^
  File "C:\Users\maksk\AppData\Local\Packages\PythonSoftwareFoundation.Python.3.11_qbz5n2kfra8p0\LocalCache\local-packages\Python311\site-packages\django\template\backends\django.py", line 107, in render
    return self.template.render(context)
           ^^^^^^^^^^^^^^^^^^^^^^^^^^^^^
  File "C:\Users\maksk\AppData\Local\Packages\PythonSoftwareFoundation.Python.3.11_qbz5n2kfra8p0\LocalCache\local-packages\Python311\site-packages\django\template\base.py", line 171, in render
    return self._render(context)
           ^^^^^^^^^^^^^^^^^^^^^
  File "C:\Users\maksk\AppData\Local\Packages\PythonSoftwareFoundation.Python.3.11_qbz5n2kfra8p0\LocalCache\local-packages\Python311\site-packages\django\template\base.py", line 163, in _render
    return self.nodelist.render(context)
           ^^^^^^^^^^^^^^^^^^^^^^^^^^^^^
  File "C:\Users\maksk\AppData\Local\Packages\PythonSoftwareFoundation.Python.3.11_qbz5n2kfra8p0\LocalCache\local-packages\Python311\site-packages\django\template\base.py", line 1008, in render
    return SafeString("".join([node.render_annotated(context) for node in self]))
                              ^^^^^^^^^^^^^^^^^^^^^^^^^^^^^^^^^^^^^^^^^^^^^^^^^
  File "C:\Users\maksk\AppData\Local\Packages\PythonSoftwareFoundation.Python.3.11_qbz5n2kfra8p0\LocalCache\local-packages\Python311\site-packages\django\template\base.py", line 1008, in <listcomp>
    return SafeString("".join([node.render_annotated(context) for node in self]))
                               ^^^^^^^^^^^^^^^^^^^^^^^^^^^^^^
  File "C:\Users\maksk\AppData\Local\Packages\PythonSoftwareFoundation.Python.3.11_qbz5n2kfra8p0\LocalCache\local-packages\Python311\site-packages\django\template\base.py", line 969, in render_annotated
    return self.render(context)
           ^^^^^^^^^^^^^^^^^^^^
  File "C:\Users\maksk\AppData\Local\Packages\PythonSoftwareFoundation.Python.3.11_qbz5n2kfra8p0\LocalCache\local-packages\Python311\site-packages\django\template\loader_tags.py", line 159, in render
    return compiled_parent._render(context)
           ^^^^^^^^^^^^^^^^^^^^^^^^^^^^^^^^
  File "C:\Users\maksk\AppData\Local\Packages\PythonSoftwareFoundation.Python.3.11_qbz5n2kfra8p0\LocalCache\local-packages\Python311\site-packages\django\template\base.py", line 163, in _render
    return self.nodelist.render(context)
           ^^^^^^^^^^^^^^^^^^^^^^^^^^^^^
  File "C:\Users\maksk\AppData\Local\Packages\PythonSoftwareFoundation.Python.3.11_qbz5n2kfra8p0\LocalCache\local-packages\Python311\site-packages\django\template\base.py", line 1008, in render
    return SafeString("".join([node.render_annotated(context) for node in self]))
                              ^^^^^^^^^^^^^^^^^^^^^^^^^^^^^^^^^^^^^^^^^^^^^^^^^
  File "C:\Users\maksk\AppData\Local\Packages\PythonSoftwareFoundation.Python.3.11_qbz5n2kfra8p0\LocalCache\local-packages\Python311\site-packages\django\template\base.py", line 1008, in <listcomp>
    return SafeString("".join([node.render_annotated(context) for node in self]))
                               ^^^^^^^^^^^^^^^^^^^^^^^^^^^^^^
  File "C:\Users\maksk\AppData\Local\Packages\PythonSoftwareFoundation.Python.3.11_qbz5n2kfra8p0\LocalCache\local-packages\Python311\site-packages\django\template\base.py", line 969, in render_annotated
    return self.render(context)
           ^^^^^^^^^^^^^^^^^^^^
  File "C:\Users\maksk\AppData\Local\Packages\PythonSoftwareFoundation.Python.3.11_qbz5n2kfra8p0\LocalCache\local-packages\Python311\site-packages\django\template\loader_tags.py", line 65, in render
    result = block.nodelist.render(context)
             ^^^^^^^^^^^^^^^^^^^^^^^^^^^^^^
  File "C:\Users\maksk\AppData\Local\Packages\PythonSoftwareFoundation.Python.3.11_qbz5n2kfra8p0\LocalCache\local-packages\Python311\site-packages\django\template\base.py", line 1008, in render
    return SafeString("".join([node.render_annotated(context) for node in self]))
                              ^^^^^^^^^^^^^^^^^^^^^^^^^^^^^^^^^^^^^^^^^^^^^^^^^
  File "C:\Users\maksk\AppData\Local\Packages\PythonSoftwareFoundation.Python.3.11_qbz5n2kfra8p0\LocalCache\local-packages\Python311\site-packages\django\template\base.py", line 1008, in <listcomp>
    return SafeString("".join([node.render_annotated(context) for node in self]))
                               ^^^^^^^^^^^^^^^^^^^^^^^^^^^^^^
  File "C:\Users\maksk\AppData\Local\Packages\PythonSoftwareFoundation.Python.3.11_qbz5n2kfra8p0\LocalCache\local-packages\Python311\site-packages\django\template\base.py", line 969, in render_annotated
    return self.render(context)
           ^^^^^^^^^^^^^^^^^^^^
  File "C:\Users\maksk\AppData\Local\Packages\PythonSoftwareFoundation.Python.3.11_qbz5n2kfra8p0\LocalCache\local-packages\Python311\site-packages\django\template\defaulttags.py", line 480, in render
    url = reverse(view_name, args=args, kwargs=kwargs, current_app=current_app)
          ^^^^^^^^^^^^^^^^^^^^^^^^^^^^^^^^^^^^^^^^^^^^^^^^^^^^^^^^^^^^^^^^^^^^^
  File "C:\Users\maksk\AppData\Local\Packages\PythonSoftwareFoundation.Python.3.11_qbz5n2kfra8p0\LocalCache\local-packages\Python311\site-packages\django\urls\base.py", line 88, in reverse
    return resolver._reverse_with_prefix(view, prefix, *args, **kwargs)
           ^^^^^^^^^^^^^^^^^^^^^^^^^^^^^^^^^^^^^^^^^^^^^^^^^^^^^^^^^^^^
  File "C:\Users\maksk\AppData\Local\Packages\PythonSoftwareFoundation.Python.3.11_qbz5n2kfra8p0\LocalCache\local-packages\Python311\site-packages\django\urls\resolvers.py", line 831, in _reverse_with_prefix
    raise NoReverseMatch(msg)
django.urls.exceptions.NoReverseMatch: Reverse for 'news_details' with arguments '('',)' not found. 1 pattern(s) tried: ['news/(?P<pk>[0-9]+)/\\Z']
2024-09-18 23:17:14,838 - WARNING - Not Found: /favicon.ico
2024-09-18 23:17:15,821 - INFO - Вызвана главная страница
2024-09-18 23:17:15,908 - ERROR - Internal Server Error: /
Traceback (most recent call last):
  File "C:\Users\maksk\AppData\Local\Packages\PythonSoftwareFoundation.Python.3.11_qbz5n2kfra8p0\LocalCache\local-packages\Python311\site-packages\django\core\handlers\exception.py", line 55, in inner
    response = get_response(request)
               ^^^^^^^^^^^^^^^^^^^^^
  File "C:\Users\maksk\AppData\Local\Packages\PythonSoftwareFoundation.Python.3.11_qbz5n2kfra8p0\LocalCache\local-packages\Python311\site-packages\django\core\handlers\base.py", line 197, in _get_response
    response = wrapped_callback(request, *callback_args, **callback_kwargs)
               ^^^^^^^^^^^^^^^^^^^^^^^^^^^^^^^^^^^^^^^^^^^^^^^^^^^^^^^^^^^^
  File "C:\Users\maksk\Desktop\lab5\rent_cars\users\views.py", line 98, in index
    return render(request, 'users/index.html', {'current_month': current_month, 'current_year': current_year, 'cal': cal, 'month_number': month_number, 'user_timezone': user_timezone, 'current_date': current_date, 'body_types': body_types, 'cars': cars, 'discounts': discounts, 'penalties': penalties, 'promoCodes': promoCodes, 'article': article, 'partners': partners})
           ^^^^^^^^^^^^^^^^^^^^^^^^^^^^^^^^^^^^^^^^^^^^^^^^^^^^^^^^^^^^^^^^^^^^^^^^^^^^^^^^^^^^^^^^^^^^^^^^^^^^^^^^^^^^^^^^^^^^^^^^^^^^^^^^^^^^^^^^^^^^^^^^^^^^^^^^^^^^^^^^^^^^^^^^^^^^^^^^^^^^^^^^^^^^^^^^^^^^^^^^^^^^^^^^^^^^^^^^^^^^^^^^^^^^^^^^^^^^^^^^^^^^^^^^^^^^^^^^^^^^^^^^^^^^^^^^^^^^^^^^^^^^^^^^^^^^^^^^^^^^^^^^^^^^^^^^^^^^^^^^^^^^^^^^^^^^^^^^^^^^^^^^^^^^^^^^^^^^^^^
  File "C:\Users\maksk\AppData\Local\Packages\PythonSoftwareFoundation.Python.3.11_qbz5n2kfra8p0\LocalCache\local-packages\Python311\site-packages\django\shortcuts.py", line 25, in render
    content = loader.render_to_string(template_name, context, request, using=using)
              ^^^^^^^^^^^^^^^^^^^^^^^^^^^^^^^^^^^^^^^^^^^^^^^^^^^^^^^^^^^^^^^^^^^^^
  File "C:\Users\maksk\AppData\Local\Packages\PythonSoftwareFoundation.Python.3.11_qbz5n2kfra8p0\LocalCache\local-packages\Python311\site-packages\django\template\loader.py", line 62, in render_to_string
    return template.render(context, request)
           ^^^^^^^^^^^^^^^^^^^^^^^^^^^^^^^^^
  File "C:\Users\maksk\AppData\Local\Packages\PythonSoftwareFoundation.Python.3.11_qbz5n2kfra8p0\LocalCache\local-packages\Python311\site-packages\django\template\backends\django.py", line 107, in render
    return self.template.render(context)
           ^^^^^^^^^^^^^^^^^^^^^^^^^^^^^
  File "C:\Users\maksk\AppData\Local\Packages\PythonSoftwareFoundation.Python.3.11_qbz5n2kfra8p0\LocalCache\local-packages\Python311\site-packages\django\template\base.py", line 171, in render
    return self._render(context)
           ^^^^^^^^^^^^^^^^^^^^^
  File "C:\Users\maksk\AppData\Local\Packages\PythonSoftwareFoundation.Python.3.11_qbz5n2kfra8p0\LocalCache\local-packages\Python311\site-packages\django\template\base.py", line 163, in _render
    return self.nodelist.render(context)
           ^^^^^^^^^^^^^^^^^^^^^^^^^^^^^
  File "C:\Users\maksk\AppData\Local\Packages\PythonSoftwareFoundation.Python.3.11_qbz5n2kfra8p0\LocalCache\local-packages\Python311\site-packages\django\template\base.py", line 1008, in render
    return SafeString("".join([node.render_annotated(context) for node in self]))
                              ^^^^^^^^^^^^^^^^^^^^^^^^^^^^^^^^^^^^^^^^^^^^^^^^^
  File "C:\Users\maksk\AppData\Local\Packages\PythonSoftwareFoundation.Python.3.11_qbz5n2kfra8p0\LocalCache\local-packages\Python311\site-packages\django\template\base.py", line 1008, in <listcomp>
    return SafeString("".join([node.render_annotated(context) for node in self]))
                               ^^^^^^^^^^^^^^^^^^^^^^^^^^^^^^
  File "C:\Users\maksk\AppData\Local\Packages\PythonSoftwareFoundation.Python.3.11_qbz5n2kfra8p0\LocalCache\local-packages\Python311\site-packages\django\template\base.py", line 969, in render_annotated
    return self.render(context)
           ^^^^^^^^^^^^^^^^^^^^
  File "C:\Users\maksk\AppData\Local\Packages\PythonSoftwareFoundation.Python.3.11_qbz5n2kfra8p0\LocalCache\local-packages\Python311\site-packages\django\template\loader_tags.py", line 159, in render
    return compiled_parent._render(context)
           ^^^^^^^^^^^^^^^^^^^^^^^^^^^^^^^^
  File "C:\Users\maksk\AppData\Local\Packages\PythonSoftwareFoundation.Python.3.11_qbz5n2kfra8p0\LocalCache\local-packages\Python311\site-packages\django\template\base.py", line 163, in _render
    return self.nodelist.render(context)
           ^^^^^^^^^^^^^^^^^^^^^^^^^^^^^
  File "C:\Users\maksk\AppData\Local\Packages\PythonSoftwareFoundation.Python.3.11_qbz5n2kfra8p0\LocalCache\local-packages\Python311\site-packages\django\template\base.py", line 1008, in render
    return SafeString("".join([node.render_annotated(context) for node in self]))
                              ^^^^^^^^^^^^^^^^^^^^^^^^^^^^^^^^^^^^^^^^^^^^^^^^^
  File "C:\Users\maksk\AppData\Local\Packages\PythonSoftwareFoundation.Python.3.11_qbz5n2kfra8p0\LocalCache\local-packages\Python311\site-packages\django\template\base.py", line 1008, in <listcomp>
    return SafeString("".join([node.render_annotated(context) for node in self]))
                               ^^^^^^^^^^^^^^^^^^^^^^^^^^^^^^
  File "C:\Users\maksk\AppData\Local\Packages\PythonSoftwareFoundation.Python.3.11_qbz5n2kfra8p0\LocalCache\local-packages\Python311\site-packages\django\template\base.py", line 969, in render_annotated
    return self.render(context)
           ^^^^^^^^^^^^^^^^^^^^
  File "C:\Users\maksk\AppData\Local\Packages\PythonSoftwareFoundation.Python.3.11_qbz5n2kfra8p0\LocalCache\local-packages\Python311\site-packages\django\template\loader_tags.py", line 65, in render
    result = block.nodelist.render(context)
             ^^^^^^^^^^^^^^^^^^^^^^^^^^^^^^
  File "C:\Users\maksk\AppData\Local\Packages\PythonSoftwareFoundation.Python.3.11_qbz5n2kfra8p0\LocalCache\local-packages\Python311\site-packages\django\template\base.py", line 1008, in render
    return SafeString("".join([node.render_annotated(context) for node in self]))
                              ^^^^^^^^^^^^^^^^^^^^^^^^^^^^^^^^^^^^^^^^^^^^^^^^^
  File "C:\Users\maksk\AppData\Local\Packages\PythonSoftwareFoundation.Python.3.11_qbz5n2kfra8p0\LocalCache\local-packages\Python311\site-packages\django\template\base.py", line 1008, in <listcomp>
    return SafeString("".join([node.render_annotated(context) for node in self]))
                               ^^^^^^^^^^^^^^^^^^^^^^^^^^^^^^
  File "C:\Users\maksk\AppData\Local\Packages\PythonSoftwareFoundation.Python.3.11_qbz5n2kfra8p0\LocalCache\local-packages\Python311\site-packages\django\template\base.py", line 969, in render_annotated
    return self.render(context)
           ^^^^^^^^^^^^^^^^^^^^
  File "C:\Users\maksk\AppData\Local\Packages\PythonSoftwareFoundation.Python.3.11_qbz5n2kfra8p0\LocalCache\local-packages\Python311\site-packages\django\template\defaulttags.py", line 480, in render
    url = reverse(view_name, args=args, kwargs=kwargs, current_app=current_app)
          ^^^^^^^^^^^^^^^^^^^^^^^^^^^^^^^^^^^^^^^^^^^^^^^^^^^^^^^^^^^^^^^^^^^^^
  File "C:\Users\maksk\AppData\Local\Packages\PythonSoftwareFoundation.Python.3.11_qbz5n2kfra8p0\LocalCache\local-packages\Python311\site-packages\django\urls\base.py", line 88, in reverse
    return resolver._reverse_with_prefix(view, prefix, *args, **kwargs)
           ^^^^^^^^^^^^^^^^^^^^^^^^^^^^^^^^^^^^^^^^^^^^^^^^^^^^^^^^^^^^
  File "C:\Users\maksk\AppData\Local\Packages\PythonSoftwareFoundation.Python.3.11_qbz5n2kfra8p0\LocalCache\local-packages\Python311\site-packages\django\urls\resolvers.py", line 831, in _reverse_with_prefix
    raise NoReverseMatch(msg)
django.urls.exceptions.NoReverseMatch: Reverse for 'news_details' with arguments '('',)' not found. 1 pattern(s) tried: ['news/(?P<pk>[0-9]+)/\\Z']
2024-09-18 23:17:46,084 - INFO - C:\Users\maksk\Desktop\lab5\rent_cars\users\views.py changed, reloading.
2024-09-18 23:17:47,308 - INFO - Вызвана главная страница
2024-09-18 23:20:35,021 - INFO - Вызвана главная страница
2024-09-18 23:20:36,540 - INFO - Вызвана главная страница
2024-09-18 23:20:37,583 - INFO - Вызвана главная страница
2024-09-18 23:20:41,607 - INFO - Вызвана главная страница
2024-09-18 23:21:21,112 - INFO - Вызвана главная страница
2024-09-18 23:21:25,305 - INFO - Вызвана главная страница
2024-09-18 23:21:54,078 - INFO - Вызвана главная страница
2024-09-18 23:22:02,784 - INFO - Вызвана главная страница
2024-09-18 23:22:23,495 - INFO - Вызвана главная страница
2024-09-18 23:22:24,494 - INFO - Вызвана главная страница
2024-09-18 23:22:29,329 - INFO - Вызвана главная страница
2024-09-18 23:22:42,916 - INFO - Вызвана главная страница
2024-09-19 10:48:32,147 - INFO - Вызвана главная страница
2024-09-19 11:27:40,197 - WARNING - Not Found: /employees/admin
2024-09-19 11:27:40,343 - WARNING - Not Found: /favicon.ico
2024-09-19 11:38:53,793 - WARNING - Not Found: /favicon.ico
2024-09-19 11:39:54,039 - WARNING - Not Found: /favicon.ico
2024-09-19 14:02:52,111 - INFO - Вызвана главная страница
2024-09-19 14:05:00,597 - INFO - Вызвана страница всех бонусов
2024-09-19 14:10:00,705 - INFO - Вызвана страница всех бонусов
2024-09-19 14:12:01,698 - INFO - Вызвана страница всех бонусов
2024-09-19 14:15:36,240 - INFO - Вызвана главная страница
2024-09-19 14:15:42,750 - INFO - Вызвана страница всех бонусов
2024-09-19 14:16:33,988 - INFO - Вызвана страница всех бонусов
2024-09-19 14:16:44,040 - INFO - Вызвана страница всех бонусов
2024-09-19 14:16:44,476 - INFO - Вызвана страница всех бонусов
2024-09-19 14:20:21,933 - INFO - Вызвана страница всех бонусов
2024-09-19 14:20:37,300 - INFO - Вызвана главная страница
2024-09-19 14:21:15,437 - INFO - Вызвана страница всех бонусов
2024-09-19 14:21:15,858 - INFO - Вызвана страница всех бонусов
2024-09-19 14:23:09,354 - INFO - Вызвана страница всех бонусов
2024-09-19 14:23:09,503 - ERROR - Internal Server Error: /all-items/
Traceback (most recent call last):
  File "C:\Users\maksk\AppData\Local\Packages\PythonSoftwareFoundation.Python.3.11_qbz5n2kfra8p0\LocalCache\local-packages\Python311\site-packages\django\template\base.py", line 510, in parse
    compile_func = self.tags[command]
                   ~~~~~~~~~^^^^^^^^^
KeyError: 'else'

During handling of the above exception, another exception occurred:

Traceback (most recent call last):
  File "C:\Users\maksk\AppData\Local\Packages\PythonSoftwareFoundation.Python.3.11_qbz5n2kfra8p0\LocalCache\local-packages\Python311\site-packages\django\core\handlers\exception.py", line 55, in inner
    response = get_response(request)
               ^^^^^^^^^^^^^^^^^^^^^
  File "C:\Users\maksk\AppData\Local\Packages\PythonSoftwareFoundation.Python.3.11_qbz5n2kfra8p0\LocalCache\local-packages\Python311\site-packages\django\core\handlers\base.py", line 197, in _get_response
    response = wrapped_callback(request, *callback_args, **callback_kwargs)
               ^^^^^^^^^^^^^^^^^^^^^^^^^^^^^^^^^^^^^^^^^^^^^^^^^^^^^^^^^^^^
  File "C:\Users\maksk\Desktop\lab5\rent_cars\users\views.py", line 317, in all_items
    return render(request, 'users/all_items.html', {'penalties': penalties, 'promo_codes': promo_codes, 'discounts': discounts})
           ^^^^^^^^^^^^^^^^^^^^^^^^^^^^^^^^^^^^^^^^^^^^^^^^^^^^^^^^^^^^^^^^^^^^^^^^^^^^^^^^^^^^^^^^^^^^^^^^^^^^^^^^^^^^^^^^^^^^^
  File "C:\Users\maksk\AppData\Local\Packages\PythonSoftwareFoundation.Python.3.11_qbz5n2kfra8p0\LocalCache\local-packages\Python311\site-packages\django\shortcuts.py", line 25, in render
    content = loader.render_to_string(template_name, context, request, using=using)
              ^^^^^^^^^^^^^^^^^^^^^^^^^^^^^^^^^^^^^^^^^^^^^^^^^^^^^^^^^^^^^^^^^^^^^
  File "C:\Users\maksk\AppData\Local\Packages\PythonSoftwareFoundation.Python.3.11_qbz5n2kfra8p0\LocalCache\local-packages\Python311\site-packages\django\template\loader.py", line 61, in render_to_string
    template = get_template(template_name, using=using)
               ^^^^^^^^^^^^^^^^^^^^^^^^^^^^^^^^^^^^^^^^
  File "C:\Users\maksk\AppData\Local\Packages\PythonSoftwareFoundation.Python.3.11_qbz5n2kfra8p0\LocalCache\local-packages\Python311\site-packages\django\template\loader.py", line 15, in get_template
    return engine.get_template(template_name)
           ^^^^^^^^^^^^^^^^^^^^^^^^^^^^^^^^^^
  File "C:\Users\maksk\AppData\Local\Packages\PythonSoftwareFoundation.Python.3.11_qbz5n2kfra8p0\LocalCache\local-packages\Python311\site-packages\django\template\backends\django.py", line 79, in get_template
    return Template(self.engine.get_template(template_name), self)
                    ^^^^^^^^^^^^^^^^^^^^^^^^^^^^^^^^^^^^^^^
  File "C:\Users\maksk\AppData\Local\Packages\PythonSoftwareFoundation.Python.3.11_qbz5n2kfra8p0\LocalCache\local-packages\Python311\site-packages\django\template\engine.py", line 177, in get_template
    template, origin = self.find_template(template_name)
                       ^^^^^^^^^^^^^^^^^^^^^^^^^^^^^^^^^
  File "C:\Users\maksk\AppData\Local\Packages\PythonSoftwareFoundation.Python.3.11_qbz5n2kfra8p0\LocalCache\local-packages\Python311\site-packages\django\template\engine.py", line 159, in find_template
    template = loader.get_template(name, skip=skip)
               ^^^^^^^^^^^^^^^^^^^^^^^^^^^^^^^^^^^^
  File "C:\Users\maksk\AppData\Local\Packages\PythonSoftwareFoundation.Python.3.11_qbz5n2kfra8p0\LocalCache\local-packages\Python311\site-packages\django\template\loaders\cached.py", line 57, in get_template
    template = super().get_template(template_name, skip)
               ^^^^^^^^^^^^^^^^^^^^^^^^^^^^^^^^^^^^^^^^^
  File "C:\Users\maksk\AppData\Local\Packages\PythonSoftwareFoundation.Python.3.11_qbz5n2kfra8p0\LocalCache\local-packages\Python311\site-packages\django\template\loaders\base.py", line 28, in get_template
    return Template(
           ^^^^^^^^^
  File "C:\Users\maksk\AppData\Local\Packages\PythonSoftwareFoundation.Python.3.11_qbz5n2kfra8p0\LocalCache\local-packages\Python311\site-packages\django\template\base.py", line 154, in __init__
    self.nodelist = self.compile_nodelist()
                    ^^^^^^^^^^^^^^^^^^^^^^^
  File "C:\Users\maksk\AppData\Local\Packages\PythonSoftwareFoundation.Python.3.11_qbz5n2kfra8p0\LocalCache\local-packages\Python311\site-packages\django\template\base.py", line 196, in compile_nodelist
    nodelist = parser.parse()
               ^^^^^^^^^^^^^^
  File "C:\Users\maksk\AppData\Local\Packages\PythonSoftwareFoundation.Python.3.11_qbz5n2kfra8p0\LocalCache\local-packages\Python311\site-packages\django\template\base.py", line 518, in parse
    raise self.error(token, e)
  File "C:\Users\maksk\AppData\Local\Packages\PythonSoftwareFoundation.Python.3.11_qbz5n2kfra8p0\LocalCache\local-packages\Python311\site-packages\django\template\base.py", line 516, in parse
    compiled_result = compile_func(self, token)
                      ^^^^^^^^^^^^^^^^^^^^^^^^^
  File "C:\Users\maksk\AppData\Local\Packages\PythonSoftwareFoundation.Python.3.11_qbz5n2kfra8p0\LocalCache\local-packages\Python311\site-packages\django\template\loader_tags.py", line 295, in do_extends
    nodelist = parser.parse()
               ^^^^^^^^^^^^^^
  File "C:\Users\maksk\AppData\Local\Packages\PythonSoftwareFoundation.Python.3.11_qbz5n2kfra8p0\LocalCache\local-packages\Python311\site-packages\django\template\base.py", line 518, in parse
    raise self.error(token, e)
  File "C:\Users\maksk\AppData\Local\Packages\PythonSoftwareFoundation.Python.3.11_qbz5n2kfra8p0\LocalCache\local-packages\Python311\site-packages\django\template\base.py", line 516, in parse
    compiled_result = compile_func(self, token)
                      ^^^^^^^^^^^^^^^^^^^^^^^^^
  File "C:\Users\maksk\AppData\Local\Packages\PythonSoftwareFoundation.Python.3.11_qbz5n2kfra8p0\LocalCache\local-packages\Python311\site-packages\django\template\loader_tags.py", line 234, in do_block
    nodelist = parser.parse(("endblock",))
               ^^^^^^^^^^^^^^^^^^^^^^^^^^^
  File "C:\Users\maksk\AppData\Local\Packages\PythonSoftwareFoundation.Python.3.11_qbz5n2kfra8p0\LocalCache\local-packages\Python311\site-packages\django\template\base.py", line 512, in parse
    self.invalid_block_tag(token, command, parse_until)
  File "C:\Users\maksk\AppData\Local\Packages\PythonSoftwareFoundation.Python.3.11_qbz5n2kfra8p0\LocalCache\local-packages\Python311\site-packages\django\template\base.py", line 563, in invalid_block_tag
    raise self.error(
django.template.exceptions.TemplateSyntaxError: Invalid block tag on line 131: 'else', expected 'endblock'. Did you forget to register or load this tag?
2024-09-19 14:23:09,618 - WARNING - Not Found: /favicon.ico
2024-09-19 14:23:09,757 - INFO - Вызвана страница всех бонусов
2024-09-19 14:23:09,780 - ERROR - Internal Server Error: /all-items/
Traceback (most recent call last):
  File "C:\Users\maksk\AppData\Local\Packages\PythonSoftwareFoundation.Python.3.11_qbz5n2kfra8p0\LocalCache\local-packages\Python311\site-packages\django\template\base.py", line 510, in parse
    compile_func = self.tags[command]
                   ~~~~~~~~~^^^^^^^^^
KeyError: 'else'

During handling of the above exception, another exception occurred:

Traceback (most recent call last):
  File "C:\Users\maksk\AppData\Local\Packages\PythonSoftwareFoundation.Python.3.11_qbz5n2kfra8p0\LocalCache\local-packages\Python311\site-packages\django\core\handlers\exception.py", line 55, in inner
    response = get_response(request)
               ^^^^^^^^^^^^^^^^^^^^^
  File "C:\Users\maksk\AppData\Local\Packages\PythonSoftwareFoundation.Python.3.11_qbz5n2kfra8p0\LocalCache\local-packages\Python311\site-packages\django\core\handlers\base.py", line 197, in _get_response
    response = wrapped_callback(request, *callback_args, **callback_kwargs)
               ^^^^^^^^^^^^^^^^^^^^^^^^^^^^^^^^^^^^^^^^^^^^^^^^^^^^^^^^^^^^
  File "C:\Users\maksk\Desktop\lab5\rent_cars\users\views.py", line 317, in all_items
    return render(request, 'users/all_items.html', {'penalties': penalties, 'promo_codes': promo_codes, 'discounts': discounts})
           ^^^^^^^^^^^^^^^^^^^^^^^^^^^^^^^^^^^^^^^^^^^^^^^^^^^^^^^^^^^^^^^^^^^^^^^^^^^^^^^^^^^^^^^^^^^^^^^^^^^^^^^^^^^^^^^^^^^^^
  File "C:\Users\maksk\AppData\Local\Packages\PythonSoftwareFoundation.Python.3.11_qbz5n2kfra8p0\LocalCache\local-packages\Python311\site-packages\django\shortcuts.py", line 25, in render
    content = loader.render_to_string(template_name, context, request, using=using)
              ^^^^^^^^^^^^^^^^^^^^^^^^^^^^^^^^^^^^^^^^^^^^^^^^^^^^^^^^^^^^^^^^^^^^^
  File "C:\Users\maksk\AppData\Local\Packages\PythonSoftwareFoundation.Python.3.11_qbz5n2kfra8p0\LocalCache\local-packages\Python311\site-packages\django\template\loader.py", line 61, in render_to_string
    template = get_template(template_name, using=using)
               ^^^^^^^^^^^^^^^^^^^^^^^^^^^^^^^^^^^^^^^^
  File "C:\Users\maksk\AppData\Local\Packages\PythonSoftwareFoundation.Python.3.11_qbz5n2kfra8p0\LocalCache\local-packages\Python311\site-packages\django\template\loader.py", line 15, in get_template
    return engine.get_template(template_name)
           ^^^^^^^^^^^^^^^^^^^^^^^^^^^^^^^^^^
  File "C:\Users\maksk\AppData\Local\Packages\PythonSoftwareFoundation.Python.3.11_qbz5n2kfra8p0\LocalCache\local-packages\Python311\site-packages\django\template\backends\django.py", line 79, in get_template
    return Template(self.engine.get_template(template_name), self)
                    ^^^^^^^^^^^^^^^^^^^^^^^^^^^^^^^^^^^^^^^
  File "C:\Users\maksk\AppData\Local\Packages\PythonSoftwareFoundation.Python.3.11_qbz5n2kfra8p0\LocalCache\local-packages\Python311\site-packages\django\template\engine.py", line 177, in get_template
    template, origin = self.find_template(template_name)
                       ^^^^^^^^^^^^^^^^^^^^^^^^^^^^^^^^^
  File "C:\Users\maksk\AppData\Local\Packages\PythonSoftwareFoundation.Python.3.11_qbz5n2kfra8p0\LocalCache\local-packages\Python311\site-packages\django\template\engine.py", line 159, in find_template
    template = loader.get_template(name, skip=skip)
               ^^^^^^^^^^^^^^^^^^^^^^^^^^^^^^^^^^^^
  File "C:\Users\maksk\AppData\Local\Packages\PythonSoftwareFoundation.Python.3.11_qbz5n2kfra8p0\LocalCache\local-packages\Python311\site-packages\django\template\loaders\cached.py", line 57, in get_template
    template = super().get_template(template_name, skip)
               ^^^^^^^^^^^^^^^^^^^^^^^^^^^^^^^^^^^^^^^^^
  File "C:\Users\maksk\AppData\Local\Packages\PythonSoftwareFoundation.Python.3.11_qbz5n2kfra8p0\LocalCache\local-packages\Python311\site-packages\django\template\loaders\base.py", line 28, in get_template
    return Template(
           ^^^^^^^^^
  File "C:\Users\maksk\AppData\Local\Packages\PythonSoftwareFoundation.Python.3.11_qbz5n2kfra8p0\LocalCache\local-packages\Python311\site-packages\django\template\base.py", line 154, in __init__
    self.nodelist = self.compile_nodelist()
                    ^^^^^^^^^^^^^^^^^^^^^^^
  File "C:\Users\maksk\AppData\Local\Packages\PythonSoftwareFoundation.Python.3.11_qbz5n2kfra8p0\LocalCache\local-packages\Python311\site-packages\django\template\base.py", line 196, in compile_nodelist
    nodelist = parser.parse()
               ^^^^^^^^^^^^^^
  File "C:\Users\maksk\AppData\Local\Packages\PythonSoftwareFoundation.Python.3.11_qbz5n2kfra8p0\LocalCache\local-packages\Python311\site-packages\django\template\base.py", line 518, in parse
    raise self.error(token, e)
  File "C:\Users\maksk\AppData\Local\Packages\PythonSoftwareFoundation.Python.3.11_qbz5n2kfra8p0\LocalCache\local-packages\Python311\site-packages\django\template\base.py", line 516, in parse
    compiled_result = compile_func(self, token)
                      ^^^^^^^^^^^^^^^^^^^^^^^^^
  File "C:\Users\maksk\AppData\Local\Packages\PythonSoftwareFoundation.Python.3.11_qbz5n2kfra8p0\LocalCache\local-packages\Python311\site-packages\django\template\loader_tags.py", line 295, in do_extends
    nodelist = parser.parse()
               ^^^^^^^^^^^^^^
  File "C:\Users\maksk\AppData\Local\Packages\PythonSoftwareFoundation.Python.3.11_qbz5n2kfra8p0\LocalCache\local-packages\Python311\site-packages\django\template\base.py", line 518, in parse
    raise self.error(token, e)
  File "C:\Users\maksk\AppData\Local\Packages\PythonSoftwareFoundation.Python.3.11_qbz5n2kfra8p0\LocalCache\local-packages\Python311\site-packages\django\template\base.py", line 516, in parse
    compiled_result = compile_func(self, token)
                      ^^^^^^^^^^^^^^^^^^^^^^^^^
  File "C:\Users\maksk\AppData\Local\Packages\PythonSoftwareFoundation.Python.3.11_qbz5n2kfra8p0\LocalCache\local-packages\Python311\site-packages\django\template\loader_tags.py", line 234, in do_block
    nodelist = parser.parse(("endblock",))
               ^^^^^^^^^^^^^^^^^^^^^^^^^^^
  File "C:\Users\maksk\AppData\Local\Packages\PythonSoftwareFoundation.Python.3.11_qbz5n2kfra8p0\LocalCache\local-packages\Python311\site-packages\django\template\base.py", line 512, in parse
    self.invalid_block_tag(token, command, parse_until)
  File "C:\Users\maksk\AppData\Local\Packages\PythonSoftwareFoundation.Python.3.11_qbz5n2kfra8p0\LocalCache\local-packages\Python311\site-packages\django\template\base.py", line 563, in invalid_block_tag
    raise self.error(
django.template.exceptions.TemplateSyntaxError: Invalid block tag on line 131: 'else', expected 'endblock'. Did you forget to register or load this tag?
2024-09-19 14:23:22,191 - INFO - Вызвана страница всех бонусов
2024-09-19 14:23:22,233 - ERROR - Internal Server Error: /all-items/
Traceback (most recent call last):
  File "C:\Users\maksk\AppData\Local\Packages\PythonSoftwareFoundation.Python.3.11_qbz5n2kfra8p0\LocalCache\local-packages\Python311\site-packages\django\template\base.py", line 510, in parse
    compile_func = self.tags[command]
                   ~~~~~~~~~^^^^^^^^^
KeyError: 'else'

During handling of the above exception, another exception occurred:

Traceback (most recent call last):
  File "C:\Users\maksk\AppData\Local\Packages\PythonSoftwareFoundation.Python.3.11_qbz5n2kfra8p0\LocalCache\local-packages\Python311\site-packages\django\core\handlers\exception.py", line 55, in inner
    response = get_response(request)
               ^^^^^^^^^^^^^^^^^^^^^
  File "C:\Users\maksk\AppData\Local\Packages\PythonSoftwareFoundation.Python.3.11_qbz5n2kfra8p0\LocalCache\local-packages\Python311\site-packages\django\core\handlers\base.py", line 197, in _get_response
    response = wrapped_callback(request, *callback_args, **callback_kwargs)
               ^^^^^^^^^^^^^^^^^^^^^^^^^^^^^^^^^^^^^^^^^^^^^^^^^^^^^^^^^^^^
  File "C:\Users\maksk\Desktop\lab5\rent_cars\users\views.py", line 317, in all_items
    return render(request, 'users/all_items.html', {'penalties': penalties, 'promo_codes': promo_codes, 'discounts': discounts})
           ^^^^^^^^^^^^^^^^^^^^^^^^^^^^^^^^^^^^^^^^^^^^^^^^^^^^^^^^^^^^^^^^^^^^^^^^^^^^^^^^^^^^^^^^^^^^^^^^^^^^^^^^^^^^^^^^^^^^^
  File "C:\Users\maksk\AppData\Local\Packages\PythonSoftwareFoundation.Python.3.11_qbz5n2kfra8p0\LocalCache\local-packages\Python311\site-packages\django\shortcuts.py", line 25, in render
    content = loader.render_to_string(template_name, context, request, using=using)
              ^^^^^^^^^^^^^^^^^^^^^^^^^^^^^^^^^^^^^^^^^^^^^^^^^^^^^^^^^^^^^^^^^^^^^
  File "C:\Users\maksk\AppData\Local\Packages\PythonSoftwareFoundation.Python.3.11_qbz5n2kfra8p0\LocalCache\local-packages\Python311\site-packages\django\template\loader.py", line 61, in render_to_string
    template = get_template(template_name, using=using)
               ^^^^^^^^^^^^^^^^^^^^^^^^^^^^^^^^^^^^^^^^
  File "C:\Users\maksk\AppData\Local\Packages\PythonSoftwareFoundation.Python.3.11_qbz5n2kfra8p0\LocalCache\local-packages\Python311\site-packages\django\template\loader.py", line 15, in get_template
    return engine.get_template(template_name)
           ^^^^^^^^^^^^^^^^^^^^^^^^^^^^^^^^^^
  File "C:\Users\maksk\AppData\Local\Packages\PythonSoftwareFoundation.Python.3.11_qbz5n2kfra8p0\LocalCache\local-packages\Python311\site-packages\django\template\backends\django.py", line 79, in get_template
    return Template(self.engine.get_template(template_name), self)
                    ^^^^^^^^^^^^^^^^^^^^^^^^^^^^^^^^^^^^^^^
  File "C:\Users\maksk\AppData\Local\Packages\PythonSoftwareFoundation.Python.3.11_qbz5n2kfra8p0\LocalCache\local-packages\Python311\site-packages\django\template\engine.py", line 177, in get_template
    template, origin = self.find_template(template_name)
                       ^^^^^^^^^^^^^^^^^^^^^^^^^^^^^^^^^
  File "C:\Users\maksk\AppData\Local\Packages\PythonSoftwareFoundation.Python.3.11_qbz5n2kfra8p0\LocalCache\local-packages\Python311\site-packages\django\template\engine.py", line 159, in find_template
    template = loader.get_template(name, skip=skip)
               ^^^^^^^^^^^^^^^^^^^^^^^^^^^^^^^^^^^^
  File "C:\Users\maksk\AppData\Local\Packages\PythonSoftwareFoundation.Python.3.11_qbz5n2kfra8p0\LocalCache\local-packages\Python311\site-packages\django\template\loaders\cached.py", line 57, in get_template
    template = super().get_template(template_name, skip)
               ^^^^^^^^^^^^^^^^^^^^^^^^^^^^^^^^^^^^^^^^^
  File "C:\Users\maksk\AppData\Local\Packages\PythonSoftwareFoundation.Python.3.11_qbz5n2kfra8p0\LocalCache\local-packages\Python311\site-packages\django\template\loaders\base.py", line 28, in get_template
    return Template(
           ^^^^^^^^^
  File "C:\Users\maksk\AppData\Local\Packages\PythonSoftwareFoundation.Python.3.11_qbz5n2kfra8p0\LocalCache\local-packages\Python311\site-packages\django\template\base.py", line 154, in __init__
    self.nodelist = self.compile_nodelist()
                    ^^^^^^^^^^^^^^^^^^^^^^^
  File "C:\Users\maksk\AppData\Local\Packages\PythonSoftwareFoundation.Python.3.11_qbz5n2kfra8p0\LocalCache\local-packages\Python311\site-packages\django\template\base.py", line 196, in compile_nodelist
    nodelist = parser.parse()
               ^^^^^^^^^^^^^^
  File "C:\Users\maksk\AppData\Local\Packages\PythonSoftwareFoundation.Python.3.11_qbz5n2kfra8p0\LocalCache\local-packages\Python311\site-packages\django\template\base.py", line 518, in parse
    raise self.error(token, e)
  File "C:\Users\maksk\AppData\Local\Packages\PythonSoftwareFoundation.Python.3.11_qbz5n2kfra8p0\LocalCache\local-packages\Python311\site-packages\django\template\base.py", line 516, in parse
    compiled_result = compile_func(self, token)
                      ^^^^^^^^^^^^^^^^^^^^^^^^^
  File "C:\Users\maksk\AppData\Local\Packages\PythonSoftwareFoundation.Python.3.11_qbz5n2kfra8p0\LocalCache\local-packages\Python311\site-packages\django\template\loader_tags.py", line 295, in do_extends
    nodelist = parser.parse()
               ^^^^^^^^^^^^^^
  File "C:\Users\maksk\AppData\Local\Packages\PythonSoftwareFoundation.Python.3.11_qbz5n2kfra8p0\LocalCache\local-packages\Python311\site-packages\django\template\base.py", line 518, in parse
    raise self.error(token, e)
  File "C:\Users\maksk\AppData\Local\Packages\PythonSoftwareFoundation.Python.3.11_qbz5n2kfra8p0\LocalCache\local-packages\Python311\site-packages\django\template\base.py", line 516, in parse
    compiled_result = compile_func(self, token)
                      ^^^^^^^^^^^^^^^^^^^^^^^^^
  File "C:\Users\maksk\AppData\Local\Packages\PythonSoftwareFoundation.Python.3.11_qbz5n2kfra8p0\LocalCache\local-packages\Python311\site-packages\django\template\loader_tags.py", line 234, in do_block
    nodelist = parser.parse(("endblock",))
               ^^^^^^^^^^^^^^^^^^^^^^^^^^^
  File "C:\Users\maksk\AppData\Local\Packages\PythonSoftwareFoundation.Python.3.11_qbz5n2kfra8p0\LocalCache\local-packages\Python311\site-packages\django\template\base.py", line 518, in parse
    raise self.error(token, e)
  File "C:\Users\maksk\AppData\Local\Packages\PythonSoftwareFoundation.Python.3.11_qbz5n2kfra8p0\LocalCache\local-packages\Python311\site-packages\django\template\base.py", line 516, in parse
    compiled_result = compile_func(self, token)
                      ^^^^^^^^^^^^^^^^^^^^^^^^^
  File "C:\Users\maksk\AppData\Local\Packages\PythonSoftwareFoundation.Python.3.11_qbz5n2kfra8p0\LocalCache\local-packages\Python311\site-packages\django\template\defaulttags.py", line 862, in do_for
    nodelist_loop = parser.parse(
                    ^^^^^^^^^^^^^
  File "C:\Users\maksk\AppData\Local\Packages\PythonSoftwareFoundation.Python.3.11_qbz5n2kfra8p0\LocalCache\local-packages\Python311\site-packages\django\template\base.py", line 512, in parse
    self.invalid_block_tag(token, command, parse_until)
  File "C:\Users\maksk\AppData\Local\Packages\PythonSoftwareFoundation.Python.3.11_qbz5n2kfra8p0\LocalCache\local-packages\Python311\site-packages\django\template\base.py", line 563, in invalid_block_tag
    raise self.error(
django.template.exceptions.TemplateSyntaxError: Invalid block tag on line 130: 'else', expected 'empty' or 'endfor'. Did you forget to register or load this tag?
2024-09-19 14:23:22,766 - INFO - Вызвана страница всех бонусов
2024-09-19 14:23:22,792 - ERROR - Internal Server Error: /all-items/
Traceback (most recent call last):
  File "C:\Users\maksk\AppData\Local\Packages\PythonSoftwareFoundation.Python.3.11_qbz5n2kfra8p0\LocalCache\local-packages\Python311\site-packages\django\template\base.py", line 510, in parse
    compile_func = self.tags[command]
                   ~~~~~~~~~^^^^^^^^^
KeyError: 'else'

During handling of the above exception, another exception occurred:

Traceback (most recent call last):
  File "C:\Users\maksk\AppData\Local\Packages\PythonSoftwareFoundation.Python.3.11_qbz5n2kfra8p0\LocalCache\local-packages\Python311\site-packages\django\core\handlers\exception.py", line 55, in inner
    response = get_response(request)
               ^^^^^^^^^^^^^^^^^^^^^
  File "C:\Users\maksk\AppData\Local\Packages\PythonSoftwareFoundation.Python.3.11_qbz5n2kfra8p0\LocalCache\local-packages\Python311\site-packages\django\core\handlers\base.py", line 197, in _get_response
    response = wrapped_callback(request, *callback_args, **callback_kwargs)
               ^^^^^^^^^^^^^^^^^^^^^^^^^^^^^^^^^^^^^^^^^^^^^^^^^^^^^^^^^^^^
  File "C:\Users\maksk\Desktop\lab5\rent_cars\users\views.py", line 317, in all_items
    return render(request, 'users/all_items.html', {'penalties': penalties, 'promo_codes': promo_codes, 'discounts': discounts})
           ^^^^^^^^^^^^^^^^^^^^^^^^^^^^^^^^^^^^^^^^^^^^^^^^^^^^^^^^^^^^^^^^^^^^^^^^^^^^^^^^^^^^^^^^^^^^^^^^^^^^^^^^^^^^^^^^^^^^^
  File "C:\Users\maksk\AppData\Local\Packages\PythonSoftwareFoundation.Python.3.11_qbz5n2kfra8p0\LocalCache\local-packages\Python311\site-packages\django\shortcuts.py", line 25, in render
    content = loader.render_to_string(template_name, context, request, using=using)
              ^^^^^^^^^^^^^^^^^^^^^^^^^^^^^^^^^^^^^^^^^^^^^^^^^^^^^^^^^^^^^^^^^^^^^
  File "C:\Users\maksk\AppData\Local\Packages\PythonSoftwareFoundation.Python.3.11_qbz5n2kfra8p0\LocalCache\local-packages\Python311\site-packages\django\template\loader.py", line 61, in render_to_string
    template = get_template(template_name, using=using)
               ^^^^^^^^^^^^^^^^^^^^^^^^^^^^^^^^^^^^^^^^
  File "C:\Users\maksk\AppData\Local\Packages\PythonSoftwareFoundation.Python.3.11_qbz5n2kfra8p0\LocalCache\local-packages\Python311\site-packages\django\template\loader.py", line 15, in get_template
    return engine.get_template(template_name)
           ^^^^^^^^^^^^^^^^^^^^^^^^^^^^^^^^^^
  File "C:\Users\maksk\AppData\Local\Packages\PythonSoftwareFoundation.Python.3.11_qbz5n2kfra8p0\LocalCache\local-packages\Python311\site-packages\django\template\backends\django.py", line 79, in get_template
    return Template(self.engine.get_template(template_name), self)
                    ^^^^^^^^^^^^^^^^^^^^^^^^^^^^^^^^^^^^^^^
  File "C:\Users\maksk\AppData\Local\Packages\PythonSoftwareFoundation.Python.3.11_qbz5n2kfra8p0\LocalCache\local-packages\Python311\site-packages\django\template\engine.py", line 177, in get_template
    template, origin = self.find_template(template_name)
                       ^^^^^^^^^^^^^^^^^^^^^^^^^^^^^^^^^
  File "C:\Users\maksk\AppData\Local\Packages\PythonSoftwareFoundation.Python.3.11_qbz5n2kfra8p0\LocalCache\local-packages\Python311\site-packages\django\template\engine.py", line 159, in find_template
    template = loader.get_template(name, skip=skip)
               ^^^^^^^^^^^^^^^^^^^^^^^^^^^^^^^^^^^^
  File "C:\Users\maksk\AppData\Local\Packages\PythonSoftwareFoundation.Python.3.11_qbz5n2kfra8p0\LocalCache\local-packages\Python311\site-packages\django\template\loaders\cached.py", line 57, in get_template
    template = super().get_template(template_name, skip)
               ^^^^^^^^^^^^^^^^^^^^^^^^^^^^^^^^^^^^^^^^^
  File "C:\Users\maksk\AppData\Local\Packages\PythonSoftwareFoundation.Python.3.11_qbz5n2kfra8p0\LocalCache\local-packages\Python311\site-packages\django\template\loaders\base.py", line 28, in get_template
    return Template(
           ^^^^^^^^^
  File "C:\Users\maksk\AppData\Local\Packages\PythonSoftwareFoundation.Python.3.11_qbz5n2kfra8p0\LocalCache\local-packages\Python311\site-packages\django\template\base.py", line 154, in __init__
    self.nodelist = self.compile_nodelist()
                    ^^^^^^^^^^^^^^^^^^^^^^^
  File "C:\Users\maksk\AppData\Local\Packages\PythonSoftwareFoundation.Python.3.11_qbz5n2kfra8p0\LocalCache\local-packages\Python311\site-packages\django\template\base.py", line 196, in compile_nodelist
    nodelist = parser.parse()
               ^^^^^^^^^^^^^^
  File "C:\Users\maksk\AppData\Local\Packages\PythonSoftwareFoundation.Python.3.11_qbz5n2kfra8p0\LocalCache\local-packages\Python311\site-packages\django\template\base.py", line 518, in parse
    raise self.error(token, e)
  File "C:\Users\maksk\AppData\Local\Packages\PythonSoftwareFoundation.Python.3.11_qbz5n2kfra8p0\LocalCache\local-packages\Python311\site-packages\django\template\base.py", line 516, in parse
    compiled_result = compile_func(self, token)
                      ^^^^^^^^^^^^^^^^^^^^^^^^^
  File "C:\Users\maksk\AppData\Local\Packages\PythonSoftwareFoundation.Python.3.11_qbz5n2kfra8p0\LocalCache\local-packages\Python311\site-packages\django\template\loader_tags.py", line 295, in do_extends
    nodelist = parser.parse()
               ^^^^^^^^^^^^^^
  File "C:\Users\maksk\AppData\Local\Packages\PythonSoftwareFoundation.Python.3.11_qbz5n2kfra8p0\LocalCache\local-packages\Python311\site-packages\django\template\base.py", line 518, in parse
    raise self.error(token, e)
  File "C:\Users\maksk\AppData\Local\Packages\PythonSoftwareFoundation.Python.3.11_qbz5n2kfra8p0\LocalCache\local-packages\Python311\site-packages\django\template\base.py", line 516, in parse
    compiled_result = compile_func(self, token)
                      ^^^^^^^^^^^^^^^^^^^^^^^^^
  File "C:\Users\maksk\AppData\Local\Packages\PythonSoftwareFoundation.Python.3.11_qbz5n2kfra8p0\LocalCache\local-packages\Python311\site-packages\django\template\loader_tags.py", line 234, in do_block
    nodelist = parser.parse(("endblock",))
               ^^^^^^^^^^^^^^^^^^^^^^^^^^^
  File "C:\Users\maksk\AppData\Local\Packages\PythonSoftwareFoundation.Python.3.11_qbz5n2kfra8p0\LocalCache\local-packages\Python311\site-packages\django\template\base.py", line 518, in parse
    raise self.error(token, e)
  File "C:\Users\maksk\AppData\Local\Packages\PythonSoftwareFoundation.Python.3.11_qbz5n2kfra8p0\LocalCache\local-packages\Python311\site-packages\django\template\base.py", line 516, in parse
    compiled_result = compile_func(self, token)
                      ^^^^^^^^^^^^^^^^^^^^^^^^^
  File "C:\Users\maksk\AppData\Local\Packages\PythonSoftwareFoundation.Python.3.11_qbz5n2kfra8p0\LocalCache\local-packages\Python311\site-packages\django\template\defaulttags.py", line 862, in do_for
    nodelist_loop = parser.parse(
                    ^^^^^^^^^^^^^
  File "C:\Users\maksk\AppData\Local\Packages\PythonSoftwareFoundation.Python.3.11_qbz5n2kfra8p0\LocalCache\local-packages\Python311\site-packages\django\template\base.py", line 512, in parse
    self.invalid_block_tag(token, command, parse_until)
  File "C:\Users\maksk\AppData\Local\Packages\PythonSoftwareFoundation.Python.3.11_qbz5n2kfra8p0\LocalCache\local-packages\Python311\site-packages\django\template\base.py", line 563, in invalid_block_tag
    raise self.error(
django.template.exceptions.TemplateSyntaxError: Invalid block tag on line 130: 'else', expected 'empty' or 'endfor'. Did you forget to register or load this tag?
2024-09-19 14:24:06,097 - INFO - Вызвана страница всех бонусов
2024-09-19 14:24:08,331 - INFO - Вызвана страница всех бонусов
2024-09-19 14:25:21,780 - INFO - Вызвана страница всех бонусов
2024-09-19 14:25:21,816 - ERROR - Internal Server Error: /all-items/
Traceback (most recent call last):
  File "C:\Users\maksk\AppData\Local\Packages\PythonSoftwareFoundation.Python.3.11_qbz5n2kfra8p0\LocalCache\local-packages\Python311\site-packages\django\template\base.py", line 510, in parse
    compile_func = self.tags[command]
                   ~~~~~~~~~^^^^^^^^^
KeyError: 'empty'

During handling of the above exception, another exception occurred:

Traceback (most recent call last):
  File "C:\Users\maksk\AppData\Local\Packages\PythonSoftwareFoundation.Python.3.11_qbz5n2kfra8p0\LocalCache\local-packages\Python311\site-packages\django\core\handlers\exception.py", line 55, in inner
    response = get_response(request)
               ^^^^^^^^^^^^^^^^^^^^^
  File "C:\Users\maksk\AppData\Local\Packages\PythonSoftwareFoundation.Python.3.11_qbz5n2kfra8p0\LocalCache\local-packages\Python311\site-packages\django\core\handlers\base.py", line 197, in _get_response
    response = wrapped_callback(request, *callback_args, **callback_kwargs)
               ^^^^^^^^^^^^^^^^^^^^^^^^^^^^^^^^^^^^^^^^^^^^^^^^^^^^^^^^^^^^
  File "C:\Users\maksk\Desktop\lab5\rent_cars\users\views.py", line 317, in all_items
    return render(request, 'users/all_items.html', {'penalties': penalties, 'promo_codes': promo_codes, 'discounts': discounts})
           ^^^^^^^^^^^^^^^^^^^^^^^^^^^^^^^^^^^^^^^^^^^^^^^^^^^^^^^^^^^^^^^^^^^^^^^^^^^^^^^^^^^^^^^^^^^^^^^^^^^^^^^^^^^^^^^^^^^^^
  File "C:\Users\maksk\AppData\Local\Packages\PythonSoftwareFoundation.Python.3.11_qbz5n2kfra8p0\LocalCache\local-packages\Python311\site-packages\django\shortcuts.py", line 25, in render
    content = loader.render_to_string(template_name, context, request, using=using)
              ^^^^^^^^^^^^^^^^^^^^^^^^^^^^^^^^^^^^^^^^^^^^^^^^^^^^^^^^^^^^^^^^^^^^^
  File "C:\Users\maksk\AppData\Local\Packages\PythonSoftwareFoundation.Python.3.11_qbz5n2kfra8p0\LocalCache\local-packages\Python311\site-packages\django\template\loader.py", line 61, in render_to_string
    template = get_template(template_name, using=using)
               ^^^^^^^^^^^^^^^^^^^^^^^^^^^^^^^^^^^^^^^^
  File "C:\Users\maksk\AppData\Local\Packages\PythonSoftwareFoundation.Python.3.11_qbz5n2kfra8p0\LocalCache\local-packages\Python311\site-packages\django\template\loader.py", line 15, in get_template
    return engine.get_template(template_name)
           ^^^^^^^^^^^^^^^^^^^^^^^^^^^^^^^^^^
  File "C:\Users\maksk\AppData\Local\Packages\PythonSoftwareFoundation.Python.3.11_qbz5n2kfra8p0\LocalCache\local-packages\Python311\site-packages\django\template\backends\django.py", line 79, in get_template
    return Template(self.engine.get_template(template_name), self)
                    ^^^^^^^^^^^^^^^^^^^^^^^^^^^^^^^^^^^^^^^
  File "C:\Users\maksk\AppData\Local\Packages\PythonSoftwareFoundation.Python.3.11_qbz5n2kfra8p0\LocalCache\local-packages\Python311\site-packages\django\template\engine.py", line 177, in get_template
    template, origin = self.find_template(template_name)
                       ^^^^^^^^^^^^^^^^^^^^^^^^^^^^^^^^^
  File "C:\Users\maksk\AppData\Local\Packages\PythonSoftwareFoundation.Python.3.11_qbz5n2kfra8p0\LocalCache\local-packages\Python311\site-packages\django\template\engine.py", line 159, in find_template
    template = loader.get_template(name, skip=skip)
               ^^^^^^^^^^^^^^^^^^^^^^^^^^^^^^^^^^^^
  File "C:\Users\maksk\AppData\Local\Packages\PythonSoftwareFoundation.Python.3.11_qbz5n2kfra8p0\LocalCache\local-packages\Python311\site-packages\django\template\loaders\cached.py", line 57, in get_template
    template = super().get_template(template_name, skip)
               ^^^^^^^^^^^^^^^^^^^^^^^^^^^^^^^^^^^^^^^^^
  File "C:\Users\maksk\AppData\Local\Packages\PythonSoftwareFoundation.Python.3.11_qbz5n2kfra8p0\LocalCache\local-packages\Python311\site-packages\django\template\loaders\base.py", line 28, in get_template
    return Template(
           ^^^^^^^^^
  File "C:\Users\maksk\AppData\Local\Packages\PythonSoftwareFoundation.Python.3.11_qbz5n2kfra8p0\LocalCache\local-packages\Python311\site-packages\django\template\base.py", line 154, in __init__
    self.nodelist = self.compile_nodelist()
                    ^^^^^^^^^^^^^^^^^^^^^^^
  File "C:\Users\maksk\AppData\Local\Packages\PythonSoftwareFoundation.Python.3.11_qbz5n2kfra8p0\LocalCache\local-packages\Python311\site-packages\django\template\base.py", line 196, in compile_nodelist
    nodelist = parser.parse()
               ^^^^^^^^^^^^^^
  File "C:\Users\maksk\AppData\Local\Packages\PythonSoftwareFoundation.Python.3.11_qbz5n2kfra8p0\LocalCache\local-packages\Python311\site-packages\django\template\base.py", line 518, in parse
    raise self.error(token, e)
  File "C:\Users\maksk\AppData\Local\Packages\PythonSoftwareFoundation.Python.3.11_qbz5n2kfra8p0\LocalCache\local-packages\Python311\site-packages\django\template\base.py", line 516, in parse
    compiled_result = compile_func(self, token)
                      ^^^^^^^^^^^^^^^^^^^^^^^^^
  File "C:\Users\maksk\AppData\Local\Packages\PythonSoftwareFoundation.Python.3.11_qbz5n2kfra8p0\LocalCache\local-packages\Python311\site-packages\django\template\loader_tags.py", line 295, in do_extends
    nodelist = parser.parse()
               ^^^^^^^^^^^^^^
  File "C:\Users\maksk\AppData\Local\Packages\PythonSoftwareFoundation.Python.3.11_qbz5n2kfra8p0\LocalCache\local-packages\Python311\site-packages\django\template\base.py", line 518, in parse
    raise self.error(token, e)
  File "C:\Users\maksk\AppData\Local\Packages\PythonSoftwareFoundation.Python.3.11_qbz5n2kfra8p0\LocalCache\local-packages\Python311\site-packages\django\template\base.py", line 516, in parse
    compiled_result = compile_func(self, token)
                      ^^^^^^^^^^^^^^^^^^^^^^^^^
  File "C:\Users\maksk\AppData\Local\Packages\PythonSoftwareFoundation.Python.3.11_qbz5n2kfra8p0\LocalCache\local-packages\Python311\site-packages\django\template\loader_tags.py", line 234, in do_block
    nodelist = parser.parse(("endblock",))
               ^^^^^^^^^^^^^^^^^^^^^^^^^^^
  File "C:\Users\maksk\AppData\Local\Packages\PythonSoftwareFoundation.Python.3.11_qbz5n2kfra8p0\LocalCache\local-packages\Python311\site-packages\django\template\base.py", line 512, in parse
    self.invalid_block_tag(token, command, parse_until)
  File "C:\Users\maksk\AppData\Local\Packages\PythonSoftwareFoundation.Python.3.11_qbz5n2kfra8p0\LocalCache\local-packages\Python311\site-packages\django\template\base.py", line 563, in invalid_block_tag
    raise self.error(
django.template.exceptions.TemplateSyntaxError: Invalid block tag on line 131: 'empty', expected 'endblock'. Did you forget to register or load this tag?
2024-09-19 14:25:21,912 - WARNING - Not Found: /favicon.ico
2024-09-19 14:25:37,674 - INFO - Вызвана главная страница
2024-09-19 14:25:48,133 - INFO - Вызвана страница всех бонусов
2024-09-19 14:25:48,161 - ERROR - Internal Server Error: /all-items/
Traceback (most recent call last):
  File "C:\Users\maksk\AppData\Local\Packages\PythonSoftwareFoundation.Python.3.11_qbz5n2kfra8p0\LocalCache\local-packages\Python311\site-packages\django\template\base.py", line 510, in parse
    compile_func = self.tags[command]
                   ~~~~~~~~~^^^^^^^^^
KeyError: 'empty'

During handling of the above exception, another exception occurred:

Traceback (most recent call last):
  File "C:\Users\maksk\AppData\Local\Packages\PythonSoftwareFoundation.Python.3.11_qbz5n2kfra8p0\LocalCache\local-packages\Python311\site-packages\django\core\handlers\exception.py", line 55, in inner
    response = get_response(request)
               ^^^^^^^^^^^^^^^^^^^^^
  File "C:\Users\maksk\AppData\Local\Packages\PythonSoftwareFoundation.Python.3.11_qbz5n2kfra8p0\LocalCache\local-packages\Python311\site-packages\django\core\handlers\base.py", line 197, in _get_response
    response = wrapped_callback(request, *callback_args, **callback_kwargs)
               ^^^^^^^^^^^^^^^^^^^^^^^^^^^^^^^^^^^^^^^^^^^^^^^^^^^^^^^^^^^^
  File "C:\Users\maksk\Desktop\lab5\rent_cars\users\views.py", line 317, in all_items
    return render(request, 'users/all_items.html', {'penalties': penalties, 'promo_codes': promo_codes, 'discounts': discounts})
           ^^^^^^^^^^^^^^^^^^^^^^^^^^^^^^^^^^^^^^^^^^^^^^^^^^^^^^^^^^^^^^^^^^^^^^^^^^^^^^^^^^^^^^^^^^^^^^^^^^^^^^^^^^^^^^^^^^^^^
  File "C:\Users\maksk\AppData\Local\Packages\PythonSoftwareFoundation.Python.3.11_qbz5n2kfra8p0\LocalCache\local-packages\Python311\site-packages\django\shortcuts.py", line 25, in render
    content = loader.render_to_string(template_name, context, request, using=using)
              ^^^^^^^^^^^^^^^^^^^^^^^^^^^^^^^^^^^^^^^^^^^^^^^^^^^^^^^^^^^^^^^^^^^^^
  File "C:\Users\maksk\AppData\Local\Packages\PythonSoftwareFoundation.Python.3.11_qbz5n2kfra8p0\LocalCache\local-packages\Python311\site-packages\django\template\loader.py", line 61, in render_to_string
    template = get_template(template_name, using=using)
               ^^^^^^^^^^^^^^^^^^^^^^^^^^^^^^^^^^^^^^^^
  File "C:\Users\maksk\AppData\Local\Packages\PythonSoftwareFoundation.Python.3.11_qbz5n2kfra8p0\LocalCache\local-packages\Python311\site-packages\django\template\loader.py", line 15, in get_template
    return engine.get_template(template_name)
           ^^^^^^^^^^^^^^^^^^^^^^^^^^^^^^^^^^
  File "C:\Users\maksk\AppData\Local\Packages\PythonSoftwareFoundation.Python.3.11_qbz5n2kfra8p0\LocalCache\local-packages\Python311\site-packages\django\template\backends\django.py", line 79, in get_template
    return Template(self.engine.get_template(template_name), self)
                    ^^^^^^^^^^^^^^^^^^^^^^^^^^^^^^^^^^^^^^^
  File "C:\Users\maksk\AppData\Local\Packages\PythonSoftwareFoundation.Python.3.11_qbz5n2kfra8p0\LocalCache\local-packages\Python311\site-packages\django\template\engine.py", line 177, in get_template
    template, origin = self.find_template(template_name)
                       ^^^^^^^^^^^^^^^^^^^^^^^^^^^^^^^^^
  File "C:\Users\maksk\AppData\Local\Packages\PythonSoftwareFoundation.Python.3.11_qbz5n2kfra8p0\LocalCache\local-packages\Python311\site-packages\django\template\engine.py", line 159, in find_template
    template = loader.get_template(name, skip=skip)
               ^^^^^^^^^^^^^^^^^^^^^^^^^^^^^^^^^^^^
  File "C:\Users\maksk\AppData\Local\Packages\PythonSoftwareFoundation.Python.3.11_qbz5n2kfra8p0\LocalCache\local-packages\Python311\site-packages\django\template\loaders\cached.py", line 57, in get_template
    template = super().get_template(template_name, skip)
               ^^^^^^^^^^^^^^^^^^^^^^^^^^^^^^^^^^^^^^^^^
  File "C:\Users\maksk\AppData\Local\Packages\PythonSoftwareFoundation.Python.3.11_qbz5n2kfra8p0\LocalCache\local-packages\Python311\site-packages\django\template\loaders\base.py", line 28, in get_template
    return Template(
           ^^^^^^^^^
  File "C:\Users\maksk\AppData\Local\Packages\PythonSoftwareFoundation.Python.3.11_qbz5n2kfra8p0\LocalCache\local-packages\Python311\site-packages\django\template\base.py", line 154, in __init__
    self.nodelist = self.compile_nodelist()
                    ^^^^^^^^^^^^^^^^^^^^^^^
  File "C:\Users\maksk\AppData\Local\Packages\PythonSoftwareFoundation.Python.3.11_qbz5n2kfra8p0\LocalCache\local-packages\Python311\site-packages\django\template\base.py", line 196, in compile_nodelist
    nodelist = parser.parse()
               ^^^^^^^^^^^^^^
  File "C:\Users\maksk\AppData\Local\Packages\PythonSoftwareFoundation.Python.3.11_qbz5n2kfra8p0\LocalCache\local-packages\Python311\site-packages\django\template\base.py", line 518, in parse
    raise self.error(token, e)
  File "C:\Users\maksk\AppData\Local\Packages\PythonSoftwareFoundation.Python.3.11_qbz5n2kfra8p0\LocalCache\local-packages\Python311\site-packages\django\template\base.py", line 516, in parse
    compiled_result = compile_func(self, token)
                      ^^^^^^^^^^^^^^^^^^^^^^^^^
  File "C:\Users\maksk\AppData\Local\Packages\PythonSoftwareFoundation.Python.3.11_qbz5n2kfra8p0\LocalCache\local-packages\Python311\site-packages\django\template\loader_tags.py", line 295, in do_extends
    nodelist = parser.parse()
               ^^^^^^^^^^^^^^
  File "C:\Users\maksk\AppData\Local\Packages\PythonSoftwareFoundation.Python.3.11_qbz5n2kfra8p0\LocalCache\local-packages\Python311\site-packages\django\template\base.py", line 518, in parse
    raise self.error(token, e)
  File "C:\Users\maksk\AppData\Local\Packages\PythonSoftwareFoundation.Python.3.11_qbz5n2kfra8p0\LocalCache\local-packages\Python311\site-packages\django\template\base.py", line 516, in parse
    compiled_result = compile_func(self, token)
                      ^^^^^^^^^^^^^^^^^^^^^^^^^
  File "C:\Users\maksk\AppData\Local\Packages\PythonSoftwareFoundation.Python.3.11_qbz5n2kfra8p0\LocalCache\local-packages\Python311\site-packages\django\template\loader_tags.py", line 234, in do_block
    nodelist = parser.parse(("endblock",))
               ^^^^^^^^^^^^^^^^^^^^^^^^^^^
  File "C:\Users\maksk\AppData\Local\Packages\PythonSoftwareFoundation.Python.3.11_qbz5n2kfra8p0\LocalCache\local-packages\Python311\site-packages\django\template\base.py", line 512, in parse
    self.invalid_block_tag(token, command, parse_until)
  File "C:\Users\maksk\AppData\Local\Packages\PythonSoftwareFoundation.Python.3.11_qbz5n2kfra8p0\LocalCache\local-packages\Python311\site-packages\django\template\base.py", line 563, in invalid_block_tag
    raise self.error(
django.template.exceptions.TemplateSyntaxError: Invalid block tag on line 131: 'empty', expected 'endblock'. Did you forget to register or load this tag?
2024-09-19 14:25:48,644 - INFO - Вызвана страница всех бонусов
2024-09-19 14:25:48,667 - ERROR - Internal Server Error: /all-items/
Traceback (most recent call last):
  File "C:\Users\maksk\AppData\Local\Packages\PythonSoftwareFoundation.Python.3.11_qbz5n2kfra8p0\LocalCache\local-packages\Python311\site-packages\django\template\base.py", line 510, in parse
    compile_func = self.tags[command]
                   ~~~~~~~~~^^^^^^^^^
KeyError: 'empty'

During handling of the above exception, another exception occurred:

Traceback (most recent call last):
  File "C:\Users\maksk\AppData\Local\Packages\PythonSoftwareFoundation.Python.3.11_qbz5n2kfra8p0\LocalCache\local-packages\Python311\site-packages\django\core\handlers\exception.py", line 55, in inner
    response = get_response(request)
               ^^^^^^^^^^^^^^^^^^^^^
  File "C:\Users\maksk\AppData\Local\Packages\PythonSoftwareFoundation.Python.3.11_qbz5n2kfra8p0\LocalCache\local-packages\Python311\site-packages\django\core\handlers\base.py", line 197, in _get_response
    response = wrapped_callback(request, *callback_args, **callback_kwargs)
               ^^^^^^^^^^^^^^^^^^^^^^^^^^^^^^^^^^^^^^^^^^^^^^^^^^^^^^^^^^^^
  File "C:\Users\maksk\Desktop\lab5\rent_cars\users\views.py", line 317, in all_items
    return render(request, 'users/all_items.html', {'penalties': penalties, 'promo_codes': promo_codes, 'discounts': discounts})
           ^^^^^^^^^^^^^^^^^^^^^^^^^^^^^^^^^^^^^^^^^^^^^^^^^^^^^^^^^^^^^^^^^^^^^^^^^^^^^^^^^^^^^^^^^^^^^^^^^^^^^^^^^^^^^^^^^^^^^
  File "C:\Users\maksk\AppData\Local\Packages\PythonSoftwareFoundation.Python.3.11_qbz5n2kfra8p0\LocalCache\local-packages\Python311\site-packages\django\shortcuts.py", line 25, in render
    content = loader.render_to_string(template_name, context, request, using=using)
              ^^^^^^^^^^^^^^^^^^^^^^^^^^^^^^^^^^^^^^^^^^^^^^^^^^^^^^^^^^^^^^^^^^^^^
  File "C:\Users\maksk\AppData\Local\Packages\PythonSoftwareFoundation.Python.3.11_qbz5n2kfra8p0\LocalCache\local-packages\Python311\site-packages\django\template\loader.py", line 61, in render_to_string
    template = get_template(template_name, using=using)
               ^^^^^^^^^^^^^^^^^^^^^^^^^^^^^^^^^^^^^^^^
  File "C:\Users\maksk\AppData\Local\Packages\PythonSoftwareFoundation.Python.3.11_qbz5n2kfra8p0\LocalCache\local-packages\Python311\site-packages\django\template\loader.py", line 15, in get_template
    return engine.get_template(template_name)
           ^^^^^^^^^^^^^^^^^^^^^^^^^^^^^^^^^^
  File "C:\Users\maksk\AppData\Local\Packages\PythonSoftwareFoundation.Python.3.11_qbz5n2kfra8p0\LocalCache\local-packages\Python311\site-packages\django\template\backends\django.py", line 79, in get_template
    return Template(self.engine.get_template(template_name), self)
                    ^^^^^^^^^^^^^^^^^^^^^^^^^^^^^^^^^^^^^^^
  File "C:\Users\maksk\AppData\Local\Packages\PythonSoftwareFoundation.Python.3.11_qbz5n2kfra8p0\LocalCache\local-packages\Python311\site-packages\django\template\engine.py", line 177, in get_template
    template, origin = self.find_template(template_name)
                       ^^^^^^^^^^^^^^^^^^^^^^^^^^^^^^^^^
  File "C:\Users\maksk\AppData\Local\Packages\PythonSoftwareFoundation.Python.3.11_qbz5n2kfra8p0\LocalCache\local-packages\Python311\site-packages\django\template\engine.py", line 159, in find_template
    template = loader.get_template(name, skip=skip)
               ^^^^^^^^^^^^^^^^^^^^^^^^^^^^^^^^^^^^
  File "C:\Users\maksk\AppData\Local\Packages\PythonSoftwareFoundation.Python.3.11_qbz5n2kfra8p0\LocalCache\local-packages\Python311\site-packages\django\template\loaders\cached.py", line 57, in get_template
    template = super().get_template(template_name, skip)
               ^^^^^^^^^^^^^^^^^^^^^^^^^^^^^^^^^^^^^^^^^
  File "C:\Users\maksk\AppData\Local\Packages\PythonSoftwareFoundation.Python.3.11_qbz5n2kfra8p0\LocalCache\local-packages\Python311\site-packages\django\template\loaders\base.py", line 28, in get_template
    return Template(
           ^^^^^^^^^
  File "C:\Users\maksk\AppData\Local\Packages\PythonSoftwareFoundation.Python.3.11_qbz5n2kfra8p0\LocalCache\local-packages\Python311\site-packages\django\template\base.py", line 154, in __init__
    self.nodelist = self.compile_nodelist()
                    ^^^^^^^^^^^^^^^^^^^^^^^
  File "C:\Users\maksk\AppData\Local\Packages\PythonSoftwareFoundation.Python.3.11_qbz5n2kfra8p0\LocalCache\local-packages\Python311\site-packages\django\template\base.py", line 196, in compile_nodelist
    nodelist = parser.parse()
               ^^^^^^^^^^^^^^
  File "C:\Users\maksk\AppData\Local\Packages\PythonSoftwareFoundation.Python.3.11_qbz5n2kfra8p0\LocalCache\local-packages\Python311\site-packages\django\template\base.py", line 518, in parse
    raise self.error(token, e)
  File "C:\Users\maksk\AppData\Local\Packages\PythonSoftwareFoundation.Python.3.11_qbz5n2kfra8p0\LocalCache\local-packages\Python311\site-packages\django\template\base.py", line 516, in parse
    compiled_result = compile_func(self, token)
                      ^^^^^^^^^^^^^^^^^^^^^^^^^
  File "C:\Users\maksk\AppData\Local\Packages\PythonSoftwareFoundation.Python.3.11_qbz5n2kfra8p0\LocalCache\local-packages\Python311\site-packages\django\template\loader_tags.py", line 295, in do_extends
    nodelist = parser.parse()
               ^^^^^^^^^^^^^^
  File "C:\Users\maksk\AppData\Local\Packages\PythonSoftwareFoundation.Python.3.11_qbz5n2kfra8p0\LocalCache\local-packages\Python311\site-packages\django\template\base.py", line 518, in parse
    raise self.error(token, e)
  File "C:\Users\maksk\AppData\Local\Packages\PythonSoftwareFoundation.Python.3.11_qbz5n2kfra8p0\LocalCache\local-packages\Python311\site-packages\django\template\base.py", line 516, in parse
    compiled_result = compile_func(self, token)
                      ^^^^^^^^^^^^^^^^^^^^^^^^^
  File "C:\Users\maksk\AppData\Local\Packages\PythonSoftwareFoundation.Python.3.11_qbz5n2kfra8p0\LocalCache\local-packages\Python311\site-packages\django\template\loader_tags.py", line 234, in do_block
    nodelist = parser.parse(("endblock",))
               ^^^^^^^^^^^^^^^^^^^^^^^^^^^
  File "C:\Users\maksk\AppData\Local\Packages\PythonSoftwareFoundation.Python.3.11_qbz5n2kfra8p0\LocalCache\local-packages\Python311\site-packages\django\template\base.py", line 512, in parse
    self.invalid_block_tag(token, command, parse_until)
  File "C:\Users\maksk\AppData\Local\Packages\PythonSoftwareFoundation.Python.3.11_qbz5n2kfra8p0\LocalCache\local-packages\Python311\site-packages\django\template\base.py", line 563, in invalid_block_tag
    raise self.error(
django.template.exceptions.TemplateSyntaxError: Invalid block tag on line 131: 'empty', expected 'endblock'. Did you forget to register or load this tag?
2024-09-19 14:25:48,794 - INFO - Вызвана страница всех бонусов
2024-09-19 14:25:48,816 - ERROR - Internal Server Error: /all-items/
Traceback (most recent call last):
  File "C:\Users\maksk\AppData\Local\Packages\PythonSoftwareFoundation.Python.3.11_qbz5n2kfra8p0\LocalCache\local-packages\Python311\site-packages\django\template\base.py", line 510, in parse
    compile_func = self.tags[command]
                   ~~~~~~~~~^^^^^^^^^
KeyError: 'empty'

During handling of the above exception, another exception occurred:

Traceback (most recent call last):
  File "C:\Users\maksk\AppData\Local\Packages\PythonSoftwareFoundation.Python.3.11_qbz5n2kfra8p0\LocalCache\local-packages\Python311\site-packages\django\core\handlers\exception.py", line 55, in inner
    response = get_response(request)
               ^^^^^^^^^^^^^^^^^^^^^
  File "C:\Users\maksk\AppData\Local\Packages\PythonSoftwareFoundation.Python.3.11_qbz5n2kfra8p0\LocalCache\local-packages\Python311\site-packages\django\core\handlers\base.py", line 197, in _get_response
    response = wrapped_callback(request, *callback_args, **callback_kwargs)
               ^^^^^^^^^^^^^^^^^^^^^^^^^^^^^^^^^^^^^^^^^^^^^^^^^^^^^^^^^^^^
  File "C:\Users\maksk\Desktop\lab5\rent_cars\users\views.py", line 317, in all_items
    return render(request, 'users/all_items.html', {'penalties': penalties, 'promo_codes': promo_codes, 'discounts': discounts})
           ^^^^^^^^^^^^^^^^^^^^^^^^^^^^^^^^^^^^^^^^^^^^^^^^^^^^^^^^^^^^^^^^^^^^^^^^^^^^^^^^^^^^^^^^^^^^^^^^^^^^^^^^^^^^^^^^^^^^^
  File "C:\Users\maksk\AppData\Local\Packages\PythonSoftwareFoundation.Python.3.11_qbz5n2kfra8p0\LocalCache\local-packages\Python311\site-packages\django\shortcuts.py", line 25, in render
    content = loader.render_to_string(template_name, context, request, using=using)
              ^^^^^^^^^^^^^^^^^^^^^^^^^^^^^^^^^^^^^^^^^^^^^^^^^^^^^^^^^^^^^^^^^^^^^
  File "C:\Users\maksk\AppData\Local\Packages\PythonSoftwareFoundation.Python.3.11_qbz5n2kfra8p0\LocalCache\local-packages\Python311\site-packages\django\template\loader.py", line 61, in render_to_string
    template = get_template(template_name, using=using)
               ^^^^^^^^^^^^^^^^^^^^^^^^^^^^^^^^^^^^^^^^
  File "C:\Users\maksk\AppData\Local\Packages\PythonSoftwareFoundation.Python.3.11_qbz5n2kfra8p0\LocalCache\local-packages\Python311\site-packages\django\template\loader.py", line 15, in get_template
    return engine.get_template(template_name)
           ^^^^^^^^^^^^^^^^^^^^^^^^^^^^^^^^^^
  File "C:\Users\maksk\AppData\Local\Packages\PythonSoftwareFoundation.Python.3.11_qbz5n2kfra8p0\LocalCache\local-packages\Python311\site-packages\django\template\backends\django.py", line 79, in get_template
    return Template(self.engine.get_template(template_name), self)
                    ^^^^^^^^^^^^^^^^^^^^^^^^^^^^^^^^^^^^^^^
  File "C:\Users\maksk\AppData\Local\Packages\PythonSoftwareFoundation.Python.3.11_qbz5n2kfra8p0\LocalCache\local-packages\Python311\site-packages\django\template\engine.py", line 177, in get_template
    template, origin = self.find_template(template_name)
                       ^^^^^^^^^^^^^^^^^^^^^^^^^^^^^^^^^
  File "C:\Users\maksk\AppData\Local\Packages\PythonSoftwareFoundation.Python.3.11_qbz5n2kfra8p0\LocalCache\local-packages\Python311\site-packages\django\template\engine.py", line 159, in find_template
    template = loader.get_template(name, skip=skip)
               ^^^^^^^^^^^^^^^^^^^^^^^^^^^^^^^^^^^^
  File "C:\Users\maksk\AppData\Local\Packages\PythonSoftwareFoundation.Python.3.11_qbz5n2kfra8p0\LocalCache\local-packages\Python311\site-packages\django\template\loaders\cached.py", line 57, in get_template
    template = super().get_template(template_name, skip)
               ^^^^^^^^^^^^^^^^^^^^^^^^^^^^^^^^^^^^^^^^^
  File "C:\Users\maksk\AppData\Local\Packages\PythonSoftwareFoundation.Python.3.11_qbz5n2kfra8p0\LocalCache\local-packages\Python311\site-packages\django\template\loaders\base.py", line 28, in get_template
    return Template(
           ^^^^^^^^^
  File "C:\Users\maksk\AppData\Local\Packages\PythonSoftwareFoundation.Python.3.11_qbz5n2kfra8p0\LocalCache\local-packages\Python311\site-packages\django\template\base.py", line 154, in __init__
    self.nodelist = self.compile_nodelist()
                    ^^^^^^^^^^^^^^^^^^^^^^^
  File "C:\Users\maksk\AppData\Local\Packages\PythonSoftwareFoundation.Python.3.11_qbz5n2kfra8p0\LocalCache\local-packages\Python311\site-packages\django\template\base.py", line 196, in compile_nodelist
    nodelist = parser.parse()
               ^^^^^^^^^^^^^^
  File "C:\Users\maksk\AppData\Local\Packages\PythonSoftwareFoundation.Python.3.11_qbz5n2kfra8p0\LocalCache\local-packages\Python311\site-packages\django\template\base.py", line 518, in parse
    raise self.error(token, e)
  File "C:\Users\maksk\AppData\Local\Packages\PythonSoftwareFoundation.Python.3.11_qbz5n2kfra8p0\LocalCache\local-packages\Python311\site-packages\django\template\base.py", line 516, in parse
    compiled_result = compile_func(self, token)
                      ^^^^^^^^^^^^^^^^^^^^^^^^^
  File "C:\Users\maksk\AppData\Local\Packages\PythonSoftwareFoundation.Python.3.11_qbz5n2kfra8p0\LocalCache\local-packages\Python311\site-packages\django\template\loader_tags.py", line 295, in do_extends
    nodelist = parser.parse()
               ^^^^^^^^^^^^^^
  File "C:\Users\maksk\AppData\Local\Packages\PythonSoftwareFoundation.Python.3.11_qbz5n2kfra8p0\LocalCache\local-packages\Python311\site-packages\django\template\base.py", line 518, in parse
    raise self.error(token, e)
  File "C:\Users\maksk\AppData\Local\Packages\PythonSoftwareFoundation.Python.3.11_qbz5n2kfra8p0\LocalCache\local-packages\Python311\site-packages\django\template\base.py", line 516, in parse
    compiled_result = compile_func(self, token)
                      ^^^^^^^^^^^^^^^^^^^^^^^^^
  File "C:\Users\maksk\AppData\Local\Packages\PythonSoftwareFoundation.Python.3.11_qbz5n2kfra8p0\LocalCache\local-packages\Python311\site-packages\django\template\loader_tags.py", line 234, in do_block
    nodelist = parser.parse(("endblock",))
               ^^^^^^^^^^^^^^^^^^^^^^^^^^^
  File "C:\Users\maksk\AppData\Local\Packages\PythonSoftwareFoundation.Python.3.11_qbz5n2kfra8p0\LocalCache\local-packages\Python311\site-packages\django\template\base.py", line 512, in parse
    self.invalid_block_tag(token, command, parse_until)
  File "C:\Users\maksk\AppData\Local\Packages\PythonSoftwareFoundation.Python.3.11_qbz5n2kfra8p0\LocalCache\local-packages\Python311\site-packages\django\template\base.py", line 563, in invalid_block_tag
    raise self.error(
django.template.exceptions.TemplateSyntaxError: Invalid block tag on line 131: 'empty', expected 'endblock'. Did you forget to register or load this tag?
2024-09-19 14:25:48,945 - INFO - Вызвана страница всех бонусов
2024-09-19 14:25:48,968 - ERROR - Internal Server Error: /all-items/
Traceback (most recent call last):
  File "C:\Users\maksk\AppData\Local\Packages\PythonSoftwareFoundation.Python.3.11_qbz5n2kfra8p0\LocalCache\local-packages\Python311\site-packages\django\template\base.py", line 510, in parse
    compile_func = self.tags[command]
                   ~~~~~~~~~^^^^^^^^^
KeyError: 'empty'

During handling of the above exception, another exception occurred:

Traceback (most recent call last):
  File "C:\Users\maksk\AppData\Local\Packages\PythonSoftwareFoundation.Python.3.11_qbz5n2kfra8p0\LocalCache\local-packages\Python311\site-packages\django\core\handlers\exception.py", line 55, in inner
    response = get_response(request)
               ^^^^^^^^^^^^^^^^^^^^^
  File "C:\Users\maksk\AppData\Local\Packages\PythonSoftwareFoundation.Python.3.11_qbz5n2kfra8p0\LocalCache\local-packages\Python311\site-packages\django\core\handlers\base.py", line 197, in _get_response
    response = wrapped_callback(request, *callback_args, **callback_kwargs)
               ^^^^^^^^^^^^^^^^^^^^^^^^^^^^^^^^^^^^^^^^^^^^^^^^^^^^^^^^^^^^
  File "C:\Users\maksk\Desktop\lab5\rent_cars\users\views.py", line 317, in all_items
    return render(request, 'users/all_items.html', {'penalties': penalties, 'promo_codes': promo_codes, 'discounts': discounts})
           ^^^^^^^^^^^^^^^^^^^^^^^^^^^^^^^^^^^^^^^^^^^^^^^^^^^^^^^^^^^^^^^^^^^^^^^^^^^^^^^^^^^^^^^^^^^^^^^^^^^^^^^^^^^^^^^^^^^^^
  File "C:\Users\maksk\AppData\Local\Packages\PythonSoftwareFoundation.Python.3.11_qbz5n2kfra8p0\LocalCache\local-packages\Python311\site-packages\django\shortcuts.py", line 25, in render
    content = loader.render_to_string(template_name, context, request, using=using)
              ^^^^^^^^^^^^^^^^^^^^^^^^^^^^^^^^^^^^^^^^^^^^^^^^^^^^^^^^^^^^^^^^^^^^^
  File "C:\Users\maksk\AppData\Local\Packages\PythonSoftwareFoundation.Python.3.11_qbz5n2kfra8p0\LocalCache\local-packages\Python311\site-packages\django\template\loader.py", line 61, in render_to_string
    template = get_template(template_name, using=using)
               ^^^^^^^^^^^^^^^^^^^^^^^^^^^^^^^^^^^^^^^^
  File "C:\Users\maksk\AppData\Local\Packages\PythonSoftwareFoundation.Python.3.11_qbz5n2kfra8p0\LocalCache\local-packages\Python311\site-packages\django\template\loader.py", line 15, in get_template
    return engine.get_template(template_name)
           ^^^^^^^^^^^^^^^^^^^^^^^^^^^^^^^^^^
  File "C:\Users\maksk\AppData\Local\Packages\PythonSoftwareFoundation.Python.3.11_qbz5n2kfra8p0\LocalCache\local-packages\Python311\site-packages\django\template\backends\django.py", line 79, in get_template
    return Template(self.engine.get_template(template_name), self)
                    ^^^^^^^^^^^^^^^^^^^^^^^^^^^^^^^^^^^^^^^
  File "C:\Users\maksk\AppData\Local\Packages\PythonSoftwareFoundation.Python.3.11_qbz5n2kfra8p0\LocalCache\local-packages\Python311\site-packages\django\template\engine.py", line 177, in get_template
    template, origin = self.find_template(template_name)
                       ^^^^^^^^^^^^^^^^^^^^^^^^^^^^^^^^^
  File "C:\Users\maksk\AppData\Local\Packages\PythonSoftwareFoundation.Python.3.11_qbz5n2kfra8p0\LocalCache\local-packages\Python311\site-packages\django\template\engine.py", line 159, in find_template
    template = loader.get_template(name, skip=skip)
               ^^^^^^^^^^^^^^^^^^^^^^^^^^^^^^^^^^^^
  File "C:\Users\maksk\AppData\Local\Packages\PythonSoftwareFoundation.Python.3.11_qbz5n2kfra8p0\LocalCache\local-packages\Python311\site-packages\django\template\loaders\cached.py", line 57, in get_template
    template = super().get_template(template_name, skip)
               ^^^^^^^^^^^^^^^^^^^^^^^^^^^^^^^^^^^^^^^^^
  File "C:\Users\maksk\AppData\Local\Packages\PythonSoftwareFoundation.Python.3.11_qbz5n2kfra8p0\LocalCache\local-packages\Python311\site-packages\django\template\loaders\base.py", line 28, in get_template
    return Template(
           ^^^^^^^^^
  File "C:\Users\maksk\AppData\Local\Packages\PythonSoftwareFoundation.Python.3.11_qbz5n2kfra8p0\LocalCache\local-packages\Python311\site-packages\django\template\base.py", line 154, in __init__
    self.nodelist = self.compile_nodelist()
                    ^^^^^^^^^^^^^^^^^^^^^^^
  File "C:\Users\maksk\AppData\Local\Packages\PythonSoftwareFoundation.Python.3.11_qbz5n2kfra8p0\LocalCache\local-packages\Python311\site-packages\django\template\base.py", line 196, in compile_nodelist
    nodelist = parser.parse()
               ^^^^^^^^^^^^^^
  File "C:\Users\maksk\AppData\Local\Packages\PythonSoftwareFoundation.Python.3.11_qbz5n2kfra8p0\LocalCache\local-packages\Python311\site-packages\django\template\base.py", line 518, in parse
    raise self.error(token, e)
  File "C:\Users\maksk\AppData\Local\Packages\PythonSoftwareFoundation.Python.3.11_qbz5n2kfra8p0\LocalCache\local-packages\Python311\site-packages\django\template\base.py", line 516, in parse
    compiled_result = compile_func(self, token)
                      ^^^^^^^^^^^^^^^^^^^^^^^^^
  File "C:\Users\maksk\AppData\Local\Packages\PythonSoftwareFoundation.Python.3.11_qbz5n2kfra8p0\LocalCache\local-packages\Python311\site-packages\django\template\loader_tags.py", line 295, in do_extends
    nodelist = parser.parse()
               ^^^^^^^^^^^^^^
  File "C:\Users\maksk\AppData\Local\Packages\PythonSoftwareFoundation.Python.3.11_qbz5n2kfra8p0\LocalCache\local-packages\Python311\site-packages\django\template\base.py", line 518, in parse
    raise self.error(token, e)
  File "C:\Users\maksk\AppData\Local\Packages\PythonSoftwareFoundation.Python.3.11_qbz5n2kfra8p0\LocalCache\local-packages\Python311\site-packages\django\template\base.py", line 516, in parse
    compiled_result = compile_func(self, token)
                      ^^^^^^^^^^^^^^^^^^^^^^^^^
  File "C:\Users\maksk\AppData\Local\Packages\PythonSoftwareFoundation.Python.3.11_qbz5n2kfra8p0\LocalCache\local-packages\Python311\site-packages\django\template\loader_tags.py", line 234, in do_block
    nodelist = parser.parse(("endblock",))
               ^^^^^^^^^^^^^^^^^^^^^^^^^^^
  File "C:\Users\maksk\AppData\Local\Packages\PythonSoftwareFoundation.Python.3.11_qbz5n2kfra8p0\LocalCache\local-packages\Python311\site-packages\django\template\base.py", line 512, in parse
    self.invalid_block_tag(token, command, parse_until)
  File "C:\Users\maksk\AppData\Local\Packages\PythonSoftwareFoundation.Python.3.11_qbz5n2kfra8p0\LocalCache\local-packages\Python311\site-packages\django\template\base.py", line 563, in invalid_block_tag
    raise self.error(
django.template.exceptions.TemplateSyntaxError: Invalid block tag on line 131: 'empty', expected 'endblock'. Did you forget to register or load this tag?
2024-09-19 14:26:18,859 - INFO - Вызвана страница всех бонусов
2024-09-19 14:26:18,903 - ERROR - Internal Server Error: /all-items/
Traceback (most recent call last):
  File "C:\Users\maksk\AppData\Local\Packages\PythonSoftwareFoundation.Python.3.11_qbz5n2kfra8p0\LocalCache\local-packages\Python311\site-packages\django\template\smartif.py", line 180, in translate_token
    op = OPERATORS[token]
         ~~~~~~~~~^^^^^^^
KeyError: 'discounts|filter(active=False)|length'

During handling of the above exception, another exception occurred:

Traceback (most recent call last):
  File "C:\Users\maksk\AppData\Local\Packages\PythonSoftwareFoundation.Python.3.11_qbz5n2kfra8p0\LocalCache\local-packages\Python311\site-packages\django\core\handlers\exception.py", line 55, in inner
    response = get_response(request)
               ^^^^^^^^^^^^^^^^^^^^^
  File "C:\Users\maksk\AppData\Local\Packages\PythonSoftwareFoundation.Python.3.11_qbz5n2kfra8p0\LocalCache\local-packages\Python311\site-packages\django\core\handlers\base.py", line 197, in _get_response
    response = wrapped_callback(request, *callback_args, **callback_kwargs)
               ^^^^^^^^^^^^^^^^^^^^^^^^^^^^^^^^^^^^^^^^^^^^^^^^^^^^^^^^^^^^
  File "C:\Users\maksk\Desktop\lab5\rent_cars\users\views.py", line 317, in all_items
    return render(request, 'users/all_items.html', {'penalties': penalties, 'promo_codes': promo_codes, 'discounts': discounts})
           ^^^^^^^^^^^^^^^^^^^^^^^^^^^^^^^^^^^^^^^^^^^^^^^^^^^^^^^^^^^^^^^^^^^^^^^^^^^^^^^^^^^^^^^^^^^^^^^^^^^^^^^^^^^^^^^^^^^^^
  File "C:\Users\maksk\AppData\Local\Packages\PythonSoftwareFoundation.Python.3.11_qbz5n2kfra8p0\LocalCache\local-packages\Python311\site-packages\django\shortcuts.py", line 25, in render
    content = loader.render_to_string(template_name, context, request, using=using)
              ^^^^^^^^^^^^^^^^^^^^^^^^^^^^^^^^^^^^^^^^^^^^^^^^^^^^^^^^^^^^^^^^^^^^^
  File "C:\Users\maksk\AppData\Local\Packages\PythonSoftwareFoundation.Python.3.11_qbz5n2kfra8p0\LocalCache\local-packages\Python311\site-packages\django\template\loader.py", line 61, in render_to_string
    template = get_template(template_name, using=using)
               ^^^^^^^^^^^^^^^^^^^^^^^^^^^^^^^^^^^^^^^^
  File "C:\Users\maksk\AppData\Local\Packages\PythonSoftwareFoundation.Python.3.11_qbz5n2kfra8p0\LocalCache\local-packages\Python311\site-packages\django\template\loader.py", line 15, in get_template
    return engine.get_template(template_name)
           ^^^^^^^^^^^^^^^^^^^^^^^^^^^^^^^^^^
  File "C:\Users\maksk\AppData\Local\Packages\PythonSoftwareFoundation.Python.3.11_qbz5n2kfra8p0\LocalCache\local-packages\Python311\site-packages\django\template\backends\django.py", line 79, in get_template
    return Template(self.engine.get_template(template_name), self)
                    ^^^^^^^^^^^^^^^^^^^^^^^^^^^^^^^^^^^^^^^
  File "C:\Users\maksk\AppData\Local\Packages\PythonSoftwareFoundation.Python.3.11_qbz5n2kfra8p0\LocalCache\local-packages\Python311\site-packages\django\template\engine.py", line 177, in get_template
    template, origin = self.find_template(template_name)
                       ^^^^^^^^^^^^^^^^^^^^^^^^^^^^^^^^^
  File "C:\Users\maksk\AppData\Local\Packages\PythonSoftwareFoundation.Python.3.11_qbz5n2kfra8p0\LocalCache\local-packages\Python311\site-packages\django\template\engine.py", line 159, in find_template
    template = loader.get_template(name, skip=skip)
               ^^^^^^^^^^^^^^^^^^^^^^^^^^^^^^^^^^^^
  File "C:\Users\maksk\AppData\Local\Packages\PythonSoftwareFoundation.Python.3.11_qbz5n2kfra8p0\LocalCache\local-packages\Python311\site-packages\django\template\loaders\cached.py", line 57, in get_template
    template = super().get_template(template_name, skip)
               ^^^^^^^^^^^^^^^^^^^^^^^^^^^^^^^^^^^^^^^^^
  File "C:\Users\maksk\AppData\Local\Packages\PythonSoftwareFoundation.Python.3.11_qbz5n2kfra8p0\LocalCache\local-packages\Python311\site-packages\django\template\loaders\base.py", line 28, in get_template
    return Template(
           ^^^^^^^^^
  File "C:\Users\maksk\AppData\Local\Packages\PythonSoftwareFoundation.Python.3.11_qbz5n2kfra8p0\LocalCache\local-packages\Python311\site-packages\django\template\base.py", line 154, in __init__
    self.nodelist = self.compile_nodelist()
                    ^^^^^^^^^^^^^^^^^^^^^^^
  File "C:\Users\maksk\AppData\Local\Packages\PythonSoftwareFoundation.Python.3.11_qbz5n2kfra8p0\LocalCache\local-packages\Python311\site-packages\django\template\base.py", line 196, in compile_nodelist
    nodelist = parser.parse()
               ^^^^^^^^^^^^^^
  File "C:\Users\maksk\AppData\Local\Packages\PythonSoftwareFoundation.Python.3.11_qbz5n2kfra8p0\LocalCache\local-packages\Python311\site-packages\django\template\base.py", line 518, in parse
    raise self.error(token, e)
  File "C:\Users\maksk\AppData\Local\Packages\PythonSoftwareFoundation.Python.3.11_qbz5n2kfra8p0\LocalCache\local-packages\Python311\site-packages\django\template\base.py", line 516, in parse
    compiled_result = compile_func(self, token)
                      ^^^^^^^^^^^^^^^^^^^^^^^^^
  File "C:\Users\maksk\AppData\Local\Packages\PythonSoftwareFoundation.Python.3.11_qbz5n2kfra8p0\LocalCache\local-packages\Python311\site-packages\django\template\loader_tags.py", line 295, in do_extends
    nodelist = parser.parse()
               ^^^^^^^^^^^^^^
  File "C:\Users\maksk\AppData\Local\Packages\PythonSoftwareFoundation.Python.3.11_qbz5n2kfra8p0\LocalCache\local-packages\Python311\site-packages\django\template\base.py", line 518, in parse
    raise self.error(token, e)
  File "C:\Users\maksk\AppData\Local\Packages\PythonSoftwareFoundation.Python.3.11_qbz5n2kfra8p0\LocalCache\local-packages\Python311\site-packages\django\template\base.py", line 516, in parse
    compiled_result = compile_func(self, token)
                      ^^^^^^^^^^^^^^^^^^^^^^^^^
  File "C:\Users\maksk\AppData\Local\Packages\PythonSoftwareFoundation.Python.3.11_qbz5n2kfra8p0\LocalCache\local-packages\Python311\site-packages\django\template\loader_tags.py", line 234, in do_block
    nodelist = parser.parse(("endblock",))
               ^^^^^^^^^^^^^^^^^^^^^^^^^^^
  File "C:\Users\maksk\AppData\Local\Packages\PythonSoftwareFoundation.Python.3.11_qbz5n2kfra8p0\LocalCache\local-packages\Python311\site-packages\django\template\base.py", line 518, in parse
    raise self.error(token, e)
  File "C:\Users\maksk\AppData\Local\Packages\PythonSoftwareFoundation.Python.3.11_qbz5n2kfra8p0\LocalCache\local-packages\Python311\site-packages\django\template\base.py", line 516, in parse
    compiled_result = compile_func(self, token)
                      ^^^^^^^^^^^^^^^^^^^^^^^^^
  File "C:\Users\maksk\AppData\Local\Packages\PythonSoftwareFoundation.Python.3.11_qbz5n2kfra8p0\LocalCache\local-packages\Python311\site-packages\django\template\defaulttags.py", line 961, in do_if
    condition = TemplateIfParser(parser, bits).parse()
                ^^^^^^^^^^^^^^^^^^^^^^^^^^^^^^
  File "C:\Users\maksk\AppData\Local\Packages\PythonSoftwareFoundation.Python.3.11_qbz5n2kfra8p0\LocalCache\local-packages\Python311\site-packages\django\template\defaulttags.py", line 894, in __init__
    super().__init__(*args, **kwargs)
  File "C:\Users\maksk\AppData\Local\Packages\PythonSoftwareFoundation.Python.3.11_qbz5n2kfra8p0\LocalCache\local-packages\Python311\site-packages\django\template\smartif.py", line 171, in __init__
    mapped_tokens.append(self.translate_token(token))
                         ^^^^^^^^^^^^^^^^^^^^^^^^^^^
  File "C:\Users\maksk\AppData\Local\Packages\PythonSoftwareFoundation.Python.3.11_qbz5n2kfra8p0\LocalCache\local-packages\Python311\site-packages\django\template\smartif.py", line 182, in translate_token
    return self.create_var(token)
           ^^^^^^^^^^^^^^^^^^^^^^
  File "C:\Users\maksk\AppData\Local\Packages\PythonSoftwareFoundation.Python.3.11_qbz5n2kfra8p0\LocalCache\local-packages\Python311\site-packages\django\template\defaulttags.py", line 897, in create_var
    return TemplateLiteral(self.template_parser.compile_filter(value), value)
                           ^^^^^^^^^^^^^^^^^^^^^^^^^^^^^^^^^^^^^^^^^^
  File "C:\Users\maksk\AppData\Local\Packages\PythonSoftwareFoundation.Python.3.11_qbz5n2kfra8p0\LocalCache\local-packages\Python311\site-packages\django\template\base.py", line 605, in compile_filter
    return FilterExpression(token, self)
           ^^^^^^^^^^^^^^^^^^^^^^^^^^^^^
  File "C:\Users\maksk\AppData\Local\Packages\PythonSoftwareFoundation.Python.3.11_qbz5n2kfra8p0\LocalCache\local-packages\Python311\site-packages\django\template\base.py", line 701, in __init__
    filter_func = parser.find_filter(filter_name)
                  ^^^^^^^^^^^^^^^^^^^^^^^^^^^^^^^
  File "C:\Users\maksk\AppData\Local\Packages\PythonSoftwareFoundation.Python.3.11_qbz5n2kfra8p0\LocalCache\local-packages\Python311\site-packages\django\template\base.py", line 611, in find_filter
    raise TemplateSyntaxError("Invalid filter: '%s'" % filter_name)
django.template.exceptions.TemplateSyntaxError: Invalid filter: 'filter'
2024-09-19 14:26:19,426 - INFO - Вызвана страница всех бонусов
2024-09-19 14:26:19,451 - ERROR - Internal Server Error: /all-items/
Traceback (most recent call last):
  File "C:\Users\maksk\AppData\Local\Packages\PythonSoftwareFoundation.Python.3.11_qbz5n2kfra8p0\LocalCache\local-packages\Python311\site-packages\django\template\smartif.py", line 180, in translate_token
    op = OPERATORS[token]
         ~~~~~~~~~^^^^^^^
KeyError: 'discounts|filter(active=False)|length'

During handling of the above exception, another exception occurred:

Traceback (most recent call last):
  File "C:\Users\maksk\AppData\Local\Packages\PythonSoftwareFoundation.Python.3.11_qbz5n2kfra8p0\LocalCache\local-packages\Python311\site-packages\django\core\handlers\exception.py", line 55, in inner
    response = get_response(request)
               ^^^^^^^^^^^^^^^^^^^^^
  File "C:\Users\maksk\AppData\Local\Packages\PythonSoftwareFoundation.Python.3.11_qbz5n2kfra8p0\LocalCache\local-packages\Python311\site-packages\django\core\handlers\base.py", line 197, in _get_response
    response = wrapped_callback(request, *callback_args, **callback_kwargs)
               ^^^^^^^^^^^^^^^^^^^^^^^^^^^^^^^^^^^^^^^^^^^^^^^^^^^^^^^^^^^^
  File "C:\Users\maksk\Desktop\lab5\rent_cars\users\views.py", line 317, in all_items
    return render(request, 'users/all_items.html', {'penalties': penalties, 'promo_codes': promo_codes, 'discounts': discounts})
           ^^^^^^^^^^^^^^^^^^^^^^^^^^^^^^^^^^^^^^^^^^^^^^^^^^^^^^^^^^^^^^^^^^^^^^^^^^^^^^^^^^^^^^^^^^^^^^^^^^^^^^^^^^^^^^^^^^^^^
  File "C:\Users\maksk\AppData\Local\Packages\PythonSoftwareFoundation.Python.3.11_qbz5n2kfra8p0\LocalCache\local-packages\Python311\site-packages\django\shortcuts.py", line 25, in render
    content = loader.render_to_string(template_name, context, request, using=using)
              ^^^^^^^^^^^^^^^^^^^^^^^^^^^^^^^^^^^^^^^^^^^^^^^^^^^^^^^^^^^^^^^^^^^^^
  File "C:\Users\maksk\AppData\Local\Packages\PythonSoftwareFoundation.Python.3.11_qbz5n2kfra8p0\LocalCache\local-packages\Python311\site-packages\django\template\loader.py", line 61, in render_to_string
    template = get_template(template_name, using=using)
               ^^^^^^^^^^^^^^^^^^^^^^^^^^^^^^^^^^^^^^^^
  File "C:\Users\maksk\AppData\Local\Packages\PythonSoftwareFoundation.Python.3.11_qbz5n2kfra8p0\LocalCache\local-packages\Python311\site-packages\django\template\loader.py", line 15, in get_template
    return engine.get_template(template_name)
           ^^^^^^^^^^^^^^^^^^^^^^^^^^^^^^^^^^
  File "C:\Users\maksk\AppData\Local\Packages\PythonSoftwareFoundation.Python.3.11_qbz5n2kfra8p0\LocalCache\local-packages\Python311\site-packages\django\template\backends\django.py", line 79, in get_template
    return Template(self.engine.get_template(template_name), self)
                    ^^^^^^^^^^^^^^^^^^^^^^^^^^^^^^^^^^^^^^^
  File "C:\Users\maksk\AppData\Local\Packages\PythonSoftwareFoundation.Python.3.11_qbz5n2kfra8p0\LocalCache\local-packages\Python311\site-packages\django\template\engine.py", line 177, in get_template
    template, origin = self.find_template(template_name)
                       ^^^^^^^^^^^^^^^^^^^^^^^^^^^^^^^^^
  File "C:\Users\maksk\AppData\Local\Packages\PythonSoftwareFoundation.Python.3.11_qbz5n2kfra8p0\LocalCache\local-packages\Python311\site-packages\django\template\engine.py", line 159, in find_template
    template = loader.get_template(name, skip=skip)
               ^^^^^^^^^^^^^^^^^^^^^^^^^^^^^^^^^^^^
  File "C:\Users\maksk\AppData\Local\Packages\PythonSoftwareFoundation.Python.3.11_qbz5n2kfra8p0\LocalCache\local-packages\Python311\site-packages\django\template\loaders\cached.py", line 57, in get_template
    template = super().get_template(template_name, skip)
               ^^^^^^^^^^^^^^^^^^^^^^^^^^^^^^^^^^^^^^^^^
  File "C:\Users\maksk\AppData\Local\Packages\PythonSoftwareFoundation.Python.3.11_qbz5n2kfra8p0\LocalCache\local-packages\Python311\site-packages\django\template\loaders\base.py", line 28, in get_template
    return Template(
           ^^^^^^^^^
  File "C:\Users\maksk\AppData\Local\Packages\PythonSoftwareFoundation.Python.3.11_qbz5n2kfra8p0\LocalCache\local-packages\Python311\site-packages\django\template\base.py", line 154, in __init__
    self.nodelist = self.compile_nodelist()
                    ^^^^^^^^^^^^^^^^^^^^^^^
  File "C:\Users\maksk\AppData\Local\Packages\PythonSoftwareFoundation.Python.3.11_qbz5n2kfra8p0\LocalCache\local-packages\Python311\site-packages\django\template\base.py", line 196, in compile_nodelist
    nodelist = parser.parse()
               ^^^^^^^^^^^^^^
  File "C:\Users\maksk\AppData\Local\Packages\PythonSoftwareFoundation.Python.3.11_qbz5n2kfra8p0\LocalCache\local-packages\Python311\site-packages\django\template\base.py", line 518, in parse
    raise self.error(token, e)
  File "C:\Users\maksk\AppData\Local\Packages\PythonSoftwareFoundation.Python.3.11_qbz5n2kfra8p0\LocalCache\local-packages\Python311\site-packages\django\template\base.py", line 516, in parse
    compiled_result = compile_func(self, token)
                      ^^^^^^^^^^^^^^^^^^^^^^^^^
  File "C:\Users\maksk\AppData\Local\Packages\PythonSoftwareFoundation.Python.3.11_qbz5n2kfra8p0\LocalCache\local-packages\Python311\site-packages\django\template\loader_tags.py", line 295, in do_extends
    nodelist = parser.parse()
               ^^^^^^^^^^^^^^
  File "C:\Users\maksk\AppData\Local\Packages\PythonSoftwareFoundation.Python.3.11_qbz5n2kfra8p0\LocalCache\local-packages\Python311\site-packages\django\template\base.py", line 518, in parse
    raise self.error(token, e)
  File "C:\Users\maksk\AppData\Local\Packages\PythonSoftwareFoundation.Python.3.11_qbz5n2kfra8p0\LocalCache\local-packages\Python311\site-packages\django\template\base.py", line 516, in parse
    compiled_result = compile_func(self, token)
                      ^^^^^^^^^^^^^^^^^^^^^^^^^
  File "C:\Users\maksk\AppData\Local\Packages\PythonSoftwareFoundation.Python.3.11_qbz5n2kfra8p0\LocalCache\local-packages\Python311\site-packages\django\template\loader_tags.py", line 234, in do_block
    nodelist = parser.parse(("endblock",))
               ^^^^^^^^^^^^^^^^^^^^^^^^^^^
  File "C:\Users\maksk\AppData\Local\Packages\PythonSoftwareFoundation.Python.3.11_qbz5n2kfra8p0\LocalCache\local-packages\Python311\site-packages\django\template\base.py", line 518, in parse
    raise self.error(token, e)
  File "C:\Users\maksk\AppData\Local\Packages\PythonSoftwareFoundation.Python.3.11_qbz5n2kfra8p0\LocalCache\local-packages\Python311\site-packages\django\template\base.py", line 516, in parse
    compiled_result = compile_func(self, token)
                      ^^^^^^^^^^^^^^^^^^^^^^^^^
  File "C:\Users\maksk\AppData\Local\Packages\PythonSoftwareFoundation.Python.3.11_qbz5n2kfra8p0\LocalCache\local-packages\Python311\site-packages\django\template\defaulttags.py", line 961, in do_if
    condition = TemplateIfParser(parser, bits).parse()
                ^^^^^^^^^^^^^^^^^^^^^^^^^^^^^^
  File "C:\Users\maksk\AppData\Local\Packages\PythonSoftwareFoundation.Python.3.11_qbz5n2kfra8p0\LocalCache\local-packages\Python311\site-packages\django\template\defaulttags.py", line 894, in __init__
    super().__init__(*args, **kwargs)
  File "C:\Users\maksk\AppData\Local\Packages\PythonSoftwareFoundation.Python.3.11_qbz5n2kfra8p0\LocalCache\local-packages\Python311\site-packages\django\template\smartif.py", line 171, in __init__
    mapped_tokens.append(self.translate_token(token))
                         ^^^^^^^^^^^^^^^^^^^^^^^^^^^
  File "C:\Users\maksk\AppData\Local\Packages\PythonSoftwareFoundation.Python.3.11_qbz5n2kfra8p0\LocalCache\local-packages\Python311\site-packages\django\template\smartif.py", line 182, in translate_token
    return self.create_var(token)
           ^^^^^^^^^^^^^^^^^^^^^^
  File "C:\Users\maksk\AppData\Local\Packages\PythonSoftwareFoundation.Python.3.11_qbz5n2kfra8p0\LocalCache\local-packages\Python311\site-packages\django\template\defaulttags.py", line 897, in create_var
    return TemplateLiteral(self.template_parser.compile_filter(value), value)
                           ^^^^^^^^^^^^^^^^^^^^^^^^^^^^^^^^^^^^^^^^^^
  File "C:\Users\maksk\AppData\Local\Packages\PythonSoftwareFoundation.Python.3.11_qbz5n2kfra8p0\LocalCache\local-packages\Python311\site-packages\django\template\base.py", line 605, in compile_filter
    return FilterExpression(token, self)
           ^^^^^^^^^^^^^^^^^^^^^^^^^^^^^
  File "C:\Users\maksk\AppData\Local\Packages\PythonSoftwareFoundation.Python.3.11_qbz5n2kfra8p0\LocalCache\local-packages\Python311\site-packages\django\template\base.py", line 701, in __init__
    filter_func = parser.find_filter(filter_name)
                  ^^^^^^^^^^^^^^^^^^^^^^^^^^^^^^^
  File "C:\Users\maksk\AppData\Local\Packages\PythonSoftwareFoundation.Python.3.11_qbz5n2kfra8p0\LocalCache\local-packages\Python311\site-packages\django\template\base.py", line 611, in find_filter
    raise TemplateSyntaxError("Invalid filter: '%s'" % filter_name)
django.template.exceptions.TemplateSyntaxError: Invalid filter: 'filter'
2024-09-19 14:27:39,557 - INFO - Вызвана страница всех бонусов
2024-09-19 14:27:39,583 - ERROR - Internal Server Error: /all-items/
Traceback (most recent call last):
  File "C:\Users\maksk\AppData\Local\Packages\PythonSoftwareFoundation.Python.3.11_qbz5n2kfra8p0\LocalCache\local-packages\Python311\site-packages\django\template\smartif.py", line 180, in translate_token
    op = OPERATORS[token]
         ~~~~~~~~~^^^^^^^
KeyError: 'discounts|filter(active=False)|length'

During handling of the above exception, another exception occurred:

Traceback (most recent call last):
  File "C:\Users\maksk\AppData\Local\Packages\PythonSoftwareFoundation.Python.3.11_qbz5n2kfra8p0\LocalCache\local-packages\Python311\site-packages\django\core\handlers\exception.py", line 55, in inner
    response = get_response(request)
               ^^^^^^^^^^^^^^^^^^^^^
  File "C:\Users\maksk\AppData\Local\Packages\PythonSoftwareFoundation.Python.3.11_qbz5n2kfra8p0\LocalCache\local-packages\Python311\site-packages\django\core\handlers\base.py", line 197, in _get_response
    response = wrapped_callback(request, *callback_args, **callback_kwargs)
               ^^^^^^^^^^^^^^^^^^^^^^^^^^^^^^^^^^^^^^^^^^^^^^^^^^^^^^^^^^^^
  File "C:\Users\maksk\Desktop\lab5\rent_cars\users\views.py", line 317, in all_items
    return render(request, 'users/all_items.html', {'penalties': penalties, 'promo_codes': promo_codes, 'discounts': discounts})
           ^^^^^^^^^^^^^^^^^^^^^^^^^^^^^^^^^^^^^^^^^^^^^^^^^^^^^^^^^^^^^^^^^^^^^^^^^^^^^^^^^^^^^^^^^^^^^^^^^^^^^^^^^^^^^^^^^^^^^
  File "C:\Users\maksk\AppData\Local\Packages\PythonSoftwareFoundation.Python.3.11_qbz5n2kfra8p0\LocalCache\local-packages\Python311\site-packages\django\shortcuts.py", line 25, in render
    content = loader.render_to_string(template_name, context, request, using=using)
              ^^^^^^^^^^^^^^^^^^^^^^^^^^^^^^^^^^^^^^^^^^^^^^^^^^^^^^^^^^^^^^^^^^^^^
  File "C:\Users\maksk\AppData\Local\Packages\PythonSoftwareFoundation.Python.3.11_qbz5n2kfra8p0\LocalCache\local-packages\Python311\site-packages\django\template\loader.py", line 61, in render_to_string
    template = get_template(template_name, using=using)
               ^^^^^^^^^^^^^^^^^^^^^^^^^^^^^^^^^^^^^^^^
  File "C:\Users\maksk\AppData\Local\Packages\PythonSoftwareFoundation.Python.3.11_qbz5n2kfra8p0\LocalCache\local-packages\Python311\site-packages\django\template\loader.py", line 15, in get_template
    return engine.get_template(template_name)
           ^^^^^^^^^^^^^^^^^^^^^^^^^^^^^^^^^^
  File "C:\Users\maksk\AppData\Local\Packages\PythonSoftwareFoundation.Python.3.11_qbz5n2kfra8p0\LocalCache\local-packages\Python311\site-packages\django\template\backends\django.py", line 79, in get_template
    return Template(self.engine.get_template(template_name), self)
                    ^^^^^^^^^^^^^^^^^^^^^^^^^^^^^^^^^^^^^^^
  File "C:\Users\maksk\AppData\Local\Packages\PythonSoftwareFoundation.Python.3.11_qbz5n2kfra8p0\LocalCache\local-packages\Python311\site-packages\django\template\engine.py", line 177, in get_template
    template, origin = self.find_template(template_name)
                       ^^^^^^^^^^^^^^^^^^^^^^^^^^^^^^^^^
  File "C:\Users\maksk\AppData\Local\Packages\PythonSoftwareFoundation.Python.3.11_qbz5n2kfra8p0\LocalCache\local-packages\Python311\site-packages\django\template\engine.py", line 159, in find_template
    template = loader.get_template(name, skip=skip)
               ^^^^^^^^^^^^^^^^^^^^^^^^^^^^^^^^^^^^
  File "C:\Users\maksk\AppData\Local\Packages\PythonSoftwareFoundation.Python.3.11_qbz5n2kfra8p0\LocalCache\local-packages\Python311\site-packages\django\template\loaders\cached.py", line 57, in get_template
    template = super().get_template(template_name, skip)
               ^^^^^^^^^^^^^^^^^^^^^^^^^^^^^^^^^^^^^^^^^
  File "C:\Users\maksk\AppData\Local\Packages\PythonSoftwareFoundation.Python.3.11_qbz5n2kfra8p0\LocalCache\local-packages\Python311\site-packages\django\template\loaders\base.py", line 28, in get_template
    return Template(
           ^^^^^^^^^
  File "C:\Users\maksk\AppData\Local\Packages\PythonSoftwareFoundation.Python.3.11_qbz5n2kfra8p0\LocalCache\local-packages\Python311\site-packages\django\template\base.py", line 154, in __init__
    self.nodelist = self.compile_nodelist()
                    ^^^^^^^^^^^^^^^^^^^^^^^
  File "C:\Users\maksk\AppData\Local\Packages\PythonSoftwareFoundation.Python.3.11_qbz5n2kfra8p0\LocalCache\local-packages\Python311\site-packages\django\template\base.py", line 196, in compile_nodelist
    nodelist = parser.parse()
               ^^^^^^^^^^^^^^
  File "C:\Users\maksk\AppData\Local\Packages\PythonSoftwareFoundation.Python.3.11_qbz5n2kfra8p0\LocalCache\local-packages\Python311\site-packages\django\template\base.py", line 518, in parse
    raise self.error(token, e)
  File "C:\Users\maksk\AppData\Local\Packages\PythonSoftwareFoundation.Python.3.11_qbz5n2kfra8p0\LocalCache\local-packages\Python311\site-packages\django\template\base.py", line 516, in parse
    compiled_result = compile_func(self, token)
                      ^^^^^^^^^^^^^^^^^^^^^^^^^
  File "C:\Users\maksk\AppData\Local\Packages\PythonSoftwareFoundation.Python.3.11_qbz5n2kfra8p0\LocalCache\local-packages\Python311\site-packages\django\template\loader_tags.py", line 295, in do_extends
    nodelist = parser.parse()
               ^^^^^^^^^^^^^^
  File "C:\Users\maksk\AppData\Local\Packages\PythonSoftwareFoundation.Python.3.11_qbz5n2kfra8p0\LocalCache\local-packages\Python311\site-packages\django\template\base.py", line 518, in parse
    raise self.error(token, e)
  File "C:\Users\maksk\AppData\Local\Packages\PythonSoftwareFoundation.Python.3.11_qbz5n2kfra8p0\LocalCache\local-packages\Python311\site-packages\django\template\base.py", line 516, in parse
    compiled_result = compile_func(self, token)
                      ^^^^^^^^^^^^^^^^^^^^^^^^^
  File "C:\Users\maksk\AppData\Local\Packages\PythonSoftwareFoundation.Python.3.11_qbz5n2kfra8p0\LocalCache\local-packages\Python311\site-packages\django\template\loader_tags.py", line 234, in do_block
    nodelist = parser.parse(("endblock",))
               ^^^^^^^^^^^^^^^^^^^^^^^^^^^
  File "C:\Users\maksk\AppData\Local\Packages\PythonSoftwareFoundation.Python.3.11_qbz5n2kfra8p0\LocalCache\local-packages\Python311\site-packages\django\template\base.py", line 518, in parse
    raise self.error(token, e)
  File "C:\Users\maksk\AppData\Local\Packages\PythonSoftwareFoundation.Python.3.11_qbz5n2kfra8p0\LocalCache\local-packages\Python311\site-packages\django\template\base.py", line 516, in parse
    compiled_result = compile_func(self, token)
                      ^^^^^^^^^^^^^^^^^^^^^^^^^
  File "C:\Users\maksk\AppData\Local\Packages\PythonSoftwareFoundation.Python.3.11_qbz5n2kfra8p0\LocalCache\local-packages\Python311\site-packages\django\template\defaulttags.py", line 961, in do_if
    condition = TemplateIfParser(parser, bits).parse()
                ^^^^^^^^^^^^^^^^^^^^^^^^^^^^^^
  File "C:\Users\maksk\AppData\Local\Packages\PythonSoftwareFoundation.Python.3.11_qbz5n2kfra8p0\LocalCache\local-packages\Python311\site-packages\django\template\defaulttags.py", line 894, in __init__
    super().__init__(*args, **kwargs)
  File "C:\Users\maksk\AppData\Local\Packages\PythonSoftwareFoundation.Python.3.11_qbz5n2kfra8p0\LocalCache\local-packages\Python311\site-packages\django\template\smartif.py", line 171, in __init__
    mapped_tokens.append(self.translate_token(token))
                         ^^^^^^^^^^^^^^^^^^^^^^^^^^^
  File "C:\Users\maksk\AppData\Local\Packages\PythonSoftwareFoundation.Python.3.11_qbz5n2kfra8p0\LocalCache\local-packages\Python311\site-packages\django\template\smartif.py", line 182, in translate_token
    return self.create_var(token)
           ^^^^^^^^^^^^^^^^^^^^^^
  File "C:\Users\maksk\AppData\Local\Packages\PythonSoftwareFoundation.Python.3.11_qbz5n2kfra8p0\LocalCache\local-packages\Python311\site-packages\django\template\defaulttags.py", line 897, in create_var
    return TemplateLiteral(self.template_parser.compile_filter(value), value)
                           ^^^^^^^^^^^^^^^^^^^^^^^^^^^^^^^^^^^^^^^^^^
  File "C:\Users\maksk\AppData\Local\Packages\PythonSoftwareFoundation.Python.3.11_qbz5n2kfra8p0\LocalCache\local-packages\Python311\site-packages\django\template\base.py", line 605, in compile_filter
    return FilterExpression(token, self)
           ^^^^^^^^^^^^^^^^^^^^^^^^^^^^^
  File "C:\Users\maksk\AppData\Local\Packages\PythonSoftwareFoundation.Python.3.11_qbz5n2kfra8p0\LocalCache\local-packages\Python311\site-packages\django\template\base.py", line 701, in __init__
    filter_func = parser.find_filter(filter_name)
                  ^^^^^^^^^^^^^^^^^^^^^^^^^^^^^^^
  File "C:\Users\maksk\AppData\Local\Packages\PythonSoftwareFoundation.Python.3.11_qbz5n2kfra8p0\LocalCache\local-packages\Python311\site-packages\django\template\base.py", line 611, in find_filter
    raise TemplateSyntaxError("Invalid filter: '%s'" % filter_name)
django.template.exceptions.TemplateSyntaxError: Invalid filter: 'filter'
2024-09-19 14:27:55,996 - INFO - Вызвана страница всех бонусов
2024-09-19 14:27:57,884 - INFO - Вызвана страница всех бонусов
2024-09-19 14:27:58,131 - INFO - Вызвана страница всех бонусов
2024-09-19 14:27:58,920 - INFO - Вызвана страница всех бонусов
2024-09-19 14:27:59,186 - INFO - Вызвана страница всех бонусов
2024-09-19 14:27:59,390 - INFO - Вызвана страница всех бонусов
2024-09-19 14:27:59,564 - INFO - Вызвана страница всех бонусов
2024-09-19 14:28:08,860 - INFO - Вызвана страница всех бонусов
2024-09-19 14:28:09,254 - INFO - Вызвана страница всех бонусов
2024-09-19 14:28:09,451 - INFO - Вызвана страница всех бонусов
2024-09-19 14:28:09,591 - INFO - Вызвана страница всех бонусов
2024-09-19 14:28:09,786 - INFO - Вызвана страница всех бонусов
2024-09-19 14:28:09,946 - INFO - Вызвана страница всех бонусов
2024-09-19 14:28:10,693 - INFO - Вызвана страница всех бонусов
2024-09-19 14:28:10,876 - INFO - Вызвана страница всех бонусов
2024-09-19 14:28:11,046 - INFO - Вызвана страница всех бонусов
2024-09-19 14:28:25,399 - INFO - Вызвана страница всех бонусов
2024-09-19 14:28:26,307 - INFO - Вызвана страница всех бонусов
2024-09-19 14:28:26,338 - ERROR - Internal Server Error: /all-items/
Traceback (most recent call last):
  File "C:\Users\maksk\AppData\Local\Packages\PythonSoftwareFoundation.Python.3.11_qbz5n2kfra8p0\LocalCache\local-packages\Python311\site-packages\django\template\base.py", line 510, in parse
    compile_func = self.tags[command]
                   ~~~~~~~~~^^^^^^^^^
KeyError: 'else'

During handling of the above exception, another exception occurred:

Traceback (most recent call last):
  File "C:\Users\maksk\AppData\Local\Packages\PythonSoftwareFoundation.Python.3.11_qbz5n2kfra8p0\LocalCache\local-packages\Python311\site-packages\django\core\handlers\exception.py", line 55, in inner
    response = get_response(request)
               ^^^^^^^^^^^^^^^^^^^^^
  File "C:\Users\maksk\AppData\Local\Packages\PythonSoftwareFoundation.Python.3.11_qbz5n2kfra8p0\LocalCache\local-packages\Python311\site-packages\django\core\handlers\base.py", line 197, in _get_response
    response = wrapped_callback(request, *callback_args, **callback_kwargs)
               ^^^^^^^^^^^^^^^^^^^^^^^^^^^^^^^^^^^^^^^^^^^^^^^^^^^^^^^^^^^^
  File "C:\Users\maksk\Desktop\lab5\rent_cars\users\views.py", line 317, in all_items
    return render(request, 'users/all_items.html', {'penalties': penalties, 'promo_codes': promo_codes, 'discounts': discounts})
           ^^^^^^^^^^^^^^^^^^^^^^^^^^^^^^^^^^^^^^^^^^^^^^^^^^^^^^^^^^^^^^^^^^^^^^^^^^^^^^^^^^^^^^^^^^^^^^^^^^^^^^^^^^^^^^^^^^^^^
  File "C:\Users\maksk\AppData\Local\Packages\PythonSoftwareFoundation.Python.3.11_qbz5n2kfra8p0\LocalCache\local-packages\Python311\site-packages\django\shortcuts.py", line 25, in render
    content = loader.render_to_string(template_name, context, request, using=using)
              ^^^^^^^^^^^^^^^^^^^^^^^^^^^^^^^^^^^^^^^^^^^^^^^^^^^^^^^^^^^^^^^^^^^^^
  File "C:\Users\maksk\AppData\Local\Packages\PythonSoftwareFoundation.Python.3.11_qbz5n2kfra8p0\LocalCache\local-packages\Python311\site-packages\django\template\loader.py", line 61, in render_to_string
    template = get_template(template_name, using=using)
               ^^^^^^^^^^^^^^^^^^^^^^^^^^^^^^^^^^^^^^^^
  File "C:\Users\maksk\AppData\Local\Packages\PythonSoftwareFoundation.Python.3.11_qbz5n2kfra8p0\LocalCache\local-packages\Python311\site-packages\django\template\loader.py", line 15, in get_template
    return engine.get_template(template_name)
           ^^^^^^^^^^^^^^^^^^^^^^^^^^^^^^^^^^
  File "C:\Users\maksk\AppData\Local\Packages\PythonSoftwareFoundation.Python.3.11_qbz5n2kfra8p0\LocalCache\local-packages\Python311\site-packages\django\template\backends\django.py", line 79, in get_template
    return Template(self.engine.get_template(template_name), self)
                    ^^^^^^^^^^^^^^^^^^^^^^^^^^^^^^^^^^^^^^^
  File "C:\Users\maksk\AppData\Local\Packages\PythonSoftwareFoundation.Python.3.11_qbz5n2kfra8p0\LocalCache\local-packages\Python311\site-packages\django\template\engine.py", line 177, in get_template
    template, origin = self.find_template(template_name)
                       ^^^^^^^^^^^^^^^^^^^^^^^^^^^^^^^^^
  File "C:\Users\maksk\AppData\Local\Packages\PythonSoftwareFoundation.Python.3.11_qbz5n2kfra8p0\LocalCache\local-packages\Python311\site-packages\django\template\engine.py", line 159, in find_template
    template = loader.get_template(name, skip=skip)
               ^^^^^^^^^^^^^^^^^^^^^^^^^^^^^^^^^^^^
  File "C:\Users\maksk\AppData\Local\Packages\PythonSoftwareFoundation.Python.3.11_qbz5n2kfra8p0\LocalCache\local-packages\Python311\site-packages\django\template\loaders\cached.py", line 57, in get_template
    template = super().get_template(template_name, skip)
               ^^^^^^^^^^^^^^^^^^^^^^^^^^^^^^^^^^^^^^^^^
  File "C:\Users\maksk\AppData\Local\Packages\PythonSoftwareFoundation.Python.3.11_qbz5n2kfra8p0\LocalCache\local-packages\Python311\site-packages\django\template\loaders\base.py", line 28, in get_template
    return Template(
           ^^^^^^^^^
  File "C:\Users\maksk\AppData\Local\Packages\PythonSoftwareFoundation.Python.3.11_qbz5n2kfra8p0\LocalCache\local-packages\Python311\site-packages\django\template\base.py", line 154, in __init__
    self.nodelist = self.compile_nodelist()
                    ^^^^^^^^^^^^^^^^^^^^^^^
  File "C:\Users\maksk\AppData\Local\Packages\PythonSoftwareFoundation.Python.3.11_qbz5n2kfra8p0\LocalCache\local-packages\Python311\site-packages\django\template\base.py", line 196, in compile_nodelist
    nodelist = parser.parse()
               ^^^^^^^^^^^^^^
  File "C:\Users\maksk\AppData\Local\Packages\PythonSoftwareFoundation.Python.3.11_qbz5n2kfra8p0\LocalCache\local-packages\Python311\site-packages\django\template\base.py", line 518, in parse
    raise self.error(token, e)
  File "C:\Users\maksk\AppData\Local\Packages\PythonSoftwareFoundation.Python.3.11_qbz5n2kfra8p0\LocalCache\local-packages\Python311\site-packages\django\template\base.py", line 516, in parse
    compiled_result = compile_func(self, token)
                      ^^^^^^^^^^^^^^^^^^^^^^^^^
  File "C:\Users\maksk\AppData\Local\Packages\PythonSoftwareFoundation.Python.3.11_qbz5n2kfra8p0\LocalCache\local-packages\Python311\site-packages\django\template\loader_tags.py", line 295, in do_extends
    nodelist = parser.parse()
               ^^^^^^^^^^^^^^
  File "C:\Users\maksk\AppData\Local\Packages\PythonSoftwareFoundation.Python.3.11_qbz5n2kfra8p0\LocalCache\local-packages\Python311\site-packages\django\template\base.py", line 518, in parse
    raise self.error(token, e)
  File "C:\Users\maksk\AppData\Local\Packages\PythonSoftwareFoundation.Python.3.11_qbz5n2kfra8p0\LocalCache\local-packages\Python311\site-packages\django\template\base.py", line 516, in parse
    compiled_result = compile_func(self, token)
                      ^^^^^^^^^^^^^^^^^^^^^^^^^
  File "C:\Users\maksk\AppData\Local\Packages\PythonSoftwareFoundation.Python.3.11_qbz5n2kfra8p0\LocalCache\local-packages\Python311\site-packages\django\template\loader_tags.py", line 234, in do_block
    nodelist = parser.parse(("endblock",))
               ^^^^^^^^^^^^^^^^^^^^^^^^^^^
  File "C:\Users\maksk\AppData\Local\Packages\PythonSoftwareFoundation.Python.3.11_qbz5n2kfra8p0\LocalCache\local-packages\Python311\site-packages\django\template\base.py", line 518, in parse
    raise self.error(token, e)
  File "C:\Users\maksk\AppData\Local\Packages\PythonSoftwareFoundation.Python.3.11_qbz5n2kfra8p0\LocalCache\local-packages\Python311\site-packages\django\template\base.py", line 516, in parse
    compiled_result = compile_func(self, token)
                      ^^^^^^^^^^^^^^^^^^^^^^^^^
  File "C:\Users\maksk\AppData\Local\Packages\PythonSoftwareFoundation.Python.3.11_qbz5n2kfra8p0\LocalCache\local-packages\Python311\site-packages\django\template\defaulttags.py", line 862, in do_for
    nodelist_loop = parser.parse(
                    ^^^^^^^^^^^^^
  File "C:\Users\maksk\AppData\Local\Packages\PythonSoftwareFoundation.Python.3.11_qbz5n2kfra8p0\LocalCache\local-packages\Python311\site-packages\django\template\base.py", line 512, in parse
    self.invalid_block_tag(token, command, parse_until)
  File "C:\Users\maksk\AppData\Local\Packages\PythonSoftwareFoundation.Python.3.11_qbz5n2kfra8p0\LocalCache\local-packages\Python311\site-packages\django\template\base.py", line 563, in invalid_block_tag
    raise self.error(
django.template.exceptions.TemplateSyntaxError: Invalid block tag on line 130: 'else', expected 'empty' or 'endfor'. Did you forget to register or load this tag?
2024-09-19 14:28:26,438 - WARNING - Not Found: /favicon.ico
2024-09-19 14:30:01,508 - INFO - Вызвана страница всех бонусов
2024-09-19 14:30:06,719 - INFO - Вызвана страница всех бонусов
2024-09-19 14:30:07,344 - INFO - Вызвана страница всех бонусов
2024-09-19 14:30:07,718 - INFO - Вызвана страница всех бонусов
2024-09-19 14:30:08,221 - INFO - Вызвана страница всех бонусов
2024-09-19 14:30:08,596 - INFO - Вызвана страница всех бонусов
2024-09-19 14:30:08,821 - INFO - Вызвана страница всех бонусов
2024-09-19 14:30:08,972 - INFO - Вызвана страница всех бонусов
2024-09-19 14:30:38,537 - INFO - Вызвана главная страница
2024-09-19 14:31:11,538 - INFO - Вызвана страница всех бонусов
2024-09-19 14:31:12,077 - INFO - Вызвана страница всех бонусов
2024-09-19 14:31:12,355 - INFO - Вызвана страница всех бонусов
2024-09-19 14:31:23,910 - INFO - Вызвана страница всех бонусов
2024-09-19 14:31:24,599 - INFO - Вызвана страница всех бонусов
2024-09-19 14:31:25,064 - INFO - Вызвана страница всех бонусов
2024-09-19 14:31:25,220 - INFO - Вызвана страница всех бонусов
2024-09-19 14:31:25,387 - INFO - Вызвана страница всех бонусов
2024-09-19 14:31:25,578 - INFO - Вызвана страница всех бонусов
2024-09-19 14:31:25,726 - INFO - Вызвана страница всех бонусов
2024-09-19 14:31:25,916 - INFO - Вызвана страница всех бонусов
2024-09-19 14:31:30,024 - INFO - Вызвана страница всех бонусов
2024-09-19 14:31:30,220 - INFO - Вызвана страница всех бонусов
2024-09-19 14:31:30,353 - INFO - Вызвана страница всех бонусов
2024-09-19 14:31:30,978 - INFO - Вызвана страница всех бонусов
2024-09-19 14:31:31,277 - INFO - Вызвана страница всех бонусов
2024-09-19 14:31:31,426 - INFO - Вызвана страница всех бонусов
2024-09-19 14:31:31,637 - INFO - Вызвана страница всех бонусов
2024-09-19 14:31:31,809 - INFO - Вызвана страница всех бонусов
2024-09-19 14:31:32,023 - INFO - Вызвана страница всех бонусов
2024-09-19 14:32:24,800 - INFO - Вызвана страница всех бонусов
2024-09-19 14:32:25,183 - INFO - Вызвана страница всех бонусов
2024-09-19 14:32:25,654 - INFO - Вызвана страница всех бонусов
2024-09-19 14:32:25,991 - INFO - Вызвана страница всех бонусов
2024-09-19 14:32:26,144 - INFO - Вызвана страница всех бонусов
2024-09-19 14:32:26,406 - INFO - Вызвана страница всех бонусов
2024-09-19 14:32:26,520 - INFO - Вызвана страница всех бонусов
2024-09-19 14:33:22,059 - INFO - Вызвана страница всех бонусов
2024-09-19 14:33:22,092 - ERROR - Internal Server Error: /all-items/
Traceback (most recent call last):
  File "C:\Users\maksk\AppData\Local\Packages\PythonSoftwareFoundation.Python.3.11_qbz5n2kfra8p0\LocalCache\local-packages\Python311\site-packages\django\template\smartif.py", line 180, in translate_token
    op = OPERATORS[token]
         ~~~~~~~~~^^^^^^^
KeyError: 'discounts|filter(active=False)|length'

During handling of the above exception, another exception occurred:

Traceback (most recent call last):
  File "C:\Users\maksk\AppData\Local\Packages\PythonSoftwareFoundation.Python.3.11_qbz5n2kfra8p0\LocalCache\local-packages\Python311\site-packages\django\core\handlers\exception.py", line 55, in inner
    response = get_response(request)
               ^^^^^^^^^^^^^^^^^^^^^
  File "C:\Users\maksk\AppData\Local\Packages\PythonSoftwareFoundation.Python.3.11_qbz5n2kfra8p0\LocalCache\local-packages\Python311\site-packages\django\core\handlers\base.py", line 197, in _get_response
    response = wrapped_callback(request, *callback_args, **callback_kwargs)
               ^^^^^^^^^^^^^^^^^^^^^^^^^^^^^^^^^^^^^^^^^^^^^^^^^^^^^^^^^^^^
  File "C:\Users\maksk\Desktop\lab5\rent_cars\users\views.py", line 317, in all_items
    return render(request, 'users/all_items.html', {'penalties': penalties, 'promo_codes': promo_codes, 'discounts': discounts})
           ^^^^^^^^^^^^^^^^^^^^^^^^^^^^^^^^^^^^^^^^^^^^^^^^^^^^^^^^^^^^^^^^^^^^^^^^^^^^^^^^^^^^^^^^^^^^^^^^^^^^^^^^^^^^^^^^^^^^^
  File "C:\Users\maksk\AppData\Local\Packages\PythonSoftwareFoundation.Python.3.11_qbz5n2kfra8p0\LocalCache\local-packages\Python311\site-packages\django\shortcuts.py", line 25, in render
    content = loader.render_to_string(template_name, context, request, using=using)
              ^^^^^^^^^^^^^^^^^^^^^^^^^^^^^^^^^^^^^^^^^^^^^^^^^^^^^^^^^^^^^^^^^^^^^
  File "C:\Users\maksk\AppData\Local\Packages\PythonSoftwareFoundation.Python.3.11_qbz5n2kfra8p0\LocalCache\local-packages\Python311\site-packages\django\template\loader.py", line 61, in render_to_string
    template = get_template(template_name, using=using)
               ^^^^^^^^^^^^^^^^^^^^^^^^^^^^^^^^^^^^^^^^
  File "C:\Users\maksk\AppData\Local\Packages\PythonSoftwareFoundation.Python.3.11_qbz5n2kfra8p0\LocalCache\local-packages\Python311\site-packages\django\template\loader.py", line 15, in get_template
    return engine.get_template(template_name)
           ^^^^^^^^^^^^^^^^^^^^^^^^^^^^^^^^^^
  File "C:\Users\maksk\AppData\Local\Packages\PythonSoftwareFoundation.Python.3.11_qbz5n2kfra8p0\LocalCache\local-packages\Python311\site-packages\django\template\backends\django.py", line 79, in get_template
    return Template(self.engine.get_template(template_name), self)
                    ^^^^^^^^^^^^^^^^^^^^^^^^^^^^^^^^^^^^^^^
  File "C:\Users\maksk\AppData\Local\Packages\PythonSoftwareFoundation.Python.3.11_qbz5n2kfra8p0\LocalCache\local-packages\Python311\site-packages\django\template\engine.py", line 177, in get_template
    template, origin = self.find_template(template_name)
                       ^^^^^^^^^^^^^^^^^^^^^^^^^^^^^^^^^
  File "C:\Users\maksk\AppData\Local\Packages\PythonSoftwareFoundation.Python.3.11_qbz5n2kfra8p0\LocalCache\local-packages\Python311\site-packages\django\template\engine.py", line 159, in find_template
    template = loader.get_template(name, skip=skip)
               ^^^^^^^^^^^^^^^^^^^^^^^^^^^^^^^^^^^^
  File "C:\Users\maksk\AppData\Local\Packages\PythonSoftwareFoundation.Python.3.11_qbz5n2kfra8p0\LocalCache\local-packages\Python311\site-packages\django\template\loaders\cached.py", line 57, in get_template
    template = super().get_template(template_name, skip)
               ^^^^^^^^^^^^^^^^^^^^^^^^^^^^^^^^^^^^^^^^^
  File "C:\Users\maksk\AppData\Local\Packages\PythonSoftwareFoundation.Python.3.11_qbz5n2kfra8p0\LocalCache\local-packages\Python311\site-packages\django\template\loaders\base.py", line 28, in get_template
    return Template(
           ^^^^^^^^^
  File "C:\Users\maksk\AppData\Local\Packages\PythonSoftwareFoundation.Python.3.11_qbz5n2kfra8p0\LocalCache\local-packages\Python311\site-packages\django\template\base.py", line 154, in __init__
    self.nodelist = self.compile_nodelist()
                    ^^^^^^^^^^^^^^^^^^^^^^^
  File "C:\Users\maksk\AppData\Local\Packages\PythonSoftwareFoundation.Python.3.11_qbz5n2kfra8p0\LocalCache\local-packages\Python311\site-packages\django\template\base.py", line 196, in compile_nodelist
    nodelist = parser.parse()
               ^^^^^^^^^^^^^^
  File "C:\Users\maksk\AppData\Local\Packages\PythonSoftwareFoundation.Python.3.11_qbz5n2kfra8p0\LocalCache\local-packages\Python311\site-packages\django\template\base.py", line 518, in parse
    raise self.error(token, e)
  File "C:\Users\maksk\AppData\Local\Packages\PythonSoftwareFoundation.Python.3.11_qbz5n2kfra8p0\LocalCache\local-packages\Python311\site-packages\django\template\base.py", line 516, in parse
    compiled_result = compile_func(self, token)
                      ^^^^^^^^^^^^^^^^^^^^^^^^^
  File "C:\Users\maksk\AppData\Local\Packages\PythonSoftwareFoundation.Python.3.11_qbz5n2kfra8p0\LocalCache\local-packages\Python311\site-packages\django\template\loader_tags.py", line 295, in do_extends
    nodelist = parser.parse()
               ^^^^^^^^^^^^^^
  File "C:\Users\maksk\AppData\Local\Packages\PythonSoftwareFoundation.Python.3.11_qbz5n2kfra8p0\LocalCache\local-packages\Python311\site-packages\django\template\base.py", line 518, in parse
    raise self.error(token, e)
  File "C:\Users\maksk\AppData\Local\Packages\PythonSoftwareFoundation.Python.3.11_qbz5n2kfra8p0\LocalCache\local-packages\Python311\site-packages\django\template\base.py", line 516, in parse
    compiled_result = compile_func(self, token)
                      ^^^^^^^^^^^^^^^^^^^^^^^^^
  File "C:\Users\maksk\AppData\Local\Packages\PythonSoftwareFoundation.Python.3.11_qbz5n2kfra8p0\LocalCache\local-packages\Python311\site-packages\django\template\loader_tags.py", line 234, in do_block
    nodelist = parser.parse(("endblock",))
               ^^^^^^^^^^^^^^^^^^^^^^^^^^^
  File "C:\Users\maksk\AppData\Local\Packages\PythonSoftwareFoundation.Python.3.11_qbz5n2kfra8p0\LocalCache\local-packages\Python311\site-packages\django\template\base.py", line 518, in parse
    raise self.error(token, e)
  File "C:\Users\maksk\AppData\Local\Packages\PythonSoftwareFoundation.Python.3.11_qbz5n2kfra8p0\LocalCache\local-packages\Python311\site-packages\django\template\base.py", line 516, in parse
    compiled_result = compile_func(self, token)
                      ^^^^^^^^^^^^^^^^^^^^^^^^^
  File "C:\Users\maksk\AppData\Local\Packages\PythonSoftwareFoundation.Python.3.11_qbz5n2kfra8p0\LocalCache\local-packages\Python311\site-packages\django\template\defaulttags.py", line 961, in do_if
    condition = TemplateIfParser(parser, bits).parse()
                ^^^^^^^^^^^^^^^^^^^^^^^^^^^^^^
  File "C:\Users\maksk\AppData\Local\Packages\PythonSoftwareFoundation.Python.3.11_qbz5n2kfra8p0\LocalCache\local-packages\Python311\site-packages\django\template\defaulttags.py", line 894, in __init__
    super().__init__(*args, **kwargs)
  File "C:\Users\maksk\AppData\Local\Packages\PythonSoftwareFoundation.Python.3.11_qbz5n2kfra8p0\LocalCache\local-packages\Python311\site-packages\django\template\smartif.py", line 171, in __init__
    mapped_tokens.append(self.translate_token(token))
                         ^^^^^^^^^^^^^^^^^^^^^^^^^^^
  File "C:\Users\maksk\AppData\Local\Packages\PythonSoftwareFoundation.Python.3.11_qbz5n2kfra8p0\LocalCache\local-packages\Python311\site-packages\django\template\smartif.py", line 182, in translate_token
    return self.create_var(token)
           ^^^^^^^^^^^^^^^^^^^^^^
  File "C:\Users\maksk\AppData\Local\Packages\PythonSoftwareFoundation.Python.3.11_qbz5n2kfra8p0\LocalCache\local-packages\Python311\site-packages\django\template\defaulttags.py", line 897, in create_var
    return TemplateLiteral(self.template_parser.compile_filter(value), value)
                           ^^^^^^^^^^^^^^^^^^^^^^^^^^^^^^^^^^^^^^^^^^
  File "C:\Users\maksk\AppData\Local\Packages\PythonSoftwareFoundation.Python.3.11_qbz5n2kfra8p0\LocalCache\local-packages\Python311\site-packages\django\template\base.py", line 605, in compile_filter
    return FilterExpression(token, self)
           ^^^^^^^^^^^^^^^^^^^^^^^^^^^^^
  File "C:\Users\maksk\AppData\Local\Packages\PythonSoftwareFoundation.Python.3.11_qbz5n2kfra8p0\LocalCache\local-packages\Python311\site-packages\django\template\base.py", line 701, in __init__
    filter_func = parser.find_filter(filter_name)
                  ^^^^^^^^^^^^^^^^^^^^^^^^^^^^^^^
  File "C:\Users\maksk\AppData\Local\Packages\PythonSoftwareFoundation.Python.3.11_qbz5n2kfra8p0\LocalCache\local-packages\Python311\site-packages\django\template\base.py", line 611, in find_filter
    raise TemplateSyntaxError("Invalid filter: '%s'" % filter_name)
django.template.exceptions.TemplateSyntaxError: Invalid filter: 'filter'
2024-09-19 14:33:22,193 - WARNING - Not Found: /favicon.ico
2024-09-19 14:33:22,604 - INFO - Вызвана страница всех бонусов
2024-09-19 14:33:22,631 - ERROR - Internal Server Error: /all-items/
Traceback (most recent call last):
  File "C:\Users\maksk\AppData\Local\Packages\PythonSoftwareFoundation.Python.3.11_qbz5n2kfra8p0\LocalCache\local-packages\Python311\site-packages\django\template\smartif.py", line 180, in translate_token
    op = OPERATORS[token]
         ~~~~~~~~~^^^^^^^
KeyError: 'discounts|filter(active=False)|length'

During handling of the above exception, another exception occurred:

Traceback (most recent call last):
  File "C:\Users\maksk\AppData\Local\Packages\PythonSoftwareFoundation.Python.3.11_qbz5n2kfra8p0\LocalCache\local-packages\Python311\site-packages\django\core\handlers\exception.py", line 55, in inner
    response = get_response(request)
               ^^^^^^^^^^^^^^^^^^^^^
  File "C:\Users\maksk\AppData\Local\Packages\PythonSoftwareFoundation.Python.3.11_qbz5n2kfra8p0\LocalCache\local-packages\Python311\site-packages\django\core\handlers\base.py", line 197, in _get_response
    response = wrapped_callback(request, *callback_args, **callback_kwargs)
               ^^^^^^^^^^^^^^^^^^^^^^^^^^^^^^^^^^^^^^^^^^^^^^^^^^^^^^^^^^^^
  File "C:\Users\maksk\Desktop\lab5\rent_cars\users\views.py", line 317, in all_items
    return render(request, 'users/all_items.html', {'penalties': penalties, 'promo_codes': promo_codes, 'discounts': discounts})
           ^^^^^^^^^^^^^^^^^^^^^^^^^^^^^^^^^^^^^^^^^^^^^^^^^^^^^^^^^^^^^^^^^^^^^^^^^^^^^^^^^^^^^^^^^^^^^^^^^^^^^^^^^^^^^^^^^^^^^
  File "C:\Users\maksk\AppData\Local\Packages\PythonSoftwareFoundation.Python.3.11_qbz5n2kfra8p0\LocalCache\local-packages\Python311\site-packages\django\shortcuts.py", line 25, in render
    content = loader.render_to_string(template_name, context, request, using=using)
              ^^^^^^^^^^^^^^^^^^^^^^^^^^^^^^^^^^^^^^^^^^^^^^^^^^^^^^^^^^^^^^^^^^^^^
  File "C:\Users\maksk\AppData\Local\Packages\PythonSoftwareFoundation.Python.3.11_qbz5n2kfra8p0\LocalCache\local-packages\Python311\site-packages\django\template\loader.py", line 61, in render_to_string
    template = get_template(template_name, using=using)
               ^^^^^^^^^^^^^^^^^^^^^^^^^^^^^^^^^^^^^^^^
  File "C:\Users\maksk\AppData\Local\Packages\PythonSoftwareFoundation.Python.3.11_qbz5n2kfra8p0\LocalCache\local-packages\Python311\site-packages\django\template\loader.py", line 15, in get_template
    return engine.get_template(template_name)
           ^^^^^^^^^^^^^^^^^^^^^^^^^^^^^^^^^^
  File "C:\Users\maksk\AppData\Local\Packages\PythonSoftwareFoundation.Python.3.11_qbz5n2kfra8p0\LocalCache\local-packages\Python311\site-packages\django\template\backends\django.py", line 79, in get_template
    return Template(self.engine.get_template(template_name), self)
                    ^^^^^^^^^^^^^^^^^^^^^^^^^^^^^^^^^^^^^^^
  File "C:\Users\maksk\AppData\Local\Packages\PythonSoftwareFoundation.Python.3.11_qbz5n2kfra8p0\LocalCache\local-packages\Python311\site-packages\django\template\engine.py", line 177, in get_template
    template, origin = self.find_template(template_name)
                       ^^^^^^^^^^^^^^^^^^^^^^^^^^^^^^^^^
  File "C:\Users\maksk\AppData\Local\Packages\PythonSoftwareFoundation.Python.3.11_qbz5n2kfra8p0\LocalCache\local-packages\Python311\site-packages\django\template\engine.py", line 159, in find_template
    template = loader.get_template(name, skip=skip)
               ^^^^^^^^^^^^^^^^^^^^^^^^^^^^^^^^^^^^
  File "C:\Users\maksk\AppData\Local\Packages\PythonSoftwareFoundation.Python.3.11_qbz5n2kfra8p0\LocalCache\local-packages\Python311\site-packages\django\template\loaders\cached.py", line 57, in get_template
    template = super().get_template(template_name, skip)
               ^^^^^^^^^^^^^^^^^^^^^^^^^^^^^^^^^^^^^^^^^
  File "C:\Users\maksk\AppData\Local\Packages\PythonSoftwareFoundation.Python.3.11_qbz5n2kfra8p0\LocalCache\local-packages\Python311\site-packages\django\template\loaders\base.py", line 28, in get_template
    return Template(
           ^^^^^^^^^
  File "C:\Users\maksk\AppData\Local\Packages\PythonSoftwareFoundation.Python.3.11_qbz5n2kfra8p0\LocalCache\local-packages\Python311\site-packages\django\template\base.py", line 154, in __init__
    self.nodelist = self.compile_nodelist()
                    ^^^^^^^^^^^^^^^^^^^^^^^
  File "C:\Users\maksk\AppData\Local\Packages\PythonSoftwareFoundation.Python.3.11_qbz5n2kfra8p0\LocalCache\local-packages\Python311\site-packages\django\template\base.py", line 196, in compile_nodelist
    nodelist = parser.parse()
               ^^^^^^^^^^^^^^
  File "C:\Users\maksk\AppData\Local\Packages\PythonSoftwareFoundation.Python.3.11_qbz5n2kfra8p0\LocalCache\local-packages\Python311\site-packages\django\template\base.py", line 518, in parse
    raise self.error(token, e)
  File "C:\Users\maksk\AppData\Local\Packages\PythonSoftwareFoundation.Python.3.11_qbz5n2kfra8p0\LocalCache\local-packages\Python311\site-packages\django\template\base.py", line 516, in parse
    compiled_result = compile_func(self, token)
                      ^^^^^^^^^^^^^^^^^^^^^^^^^
  File "C:\Users\maksk\AppData\Local\Packages\PythonSoftwareFoundation.Python.3.11_qbz5n2kfra8p0\LocalCache\local-packages\Python311\site-packages\django\template\loader_tags.py", line 295, in do_extends
    nodelist = parser.parse()
               ^^^^^^^^^^^^^^
  File "C:\Users\maksk\AppData\Local\Packages\PythonSoftwareFoundation.Python.3.11_qbz5n2kfra8p0\LocalCache\local-packages\Python311\site-packages\django\template\base.py", line 518, in parse
    raise self.error(token, e)
  File "C:\Users\maksk\AppData\Local\Packages\PythonSoftwareFoundation.Python.3.11_qbz5n2kfra8p0\LocalCache\local-packages\Python311\site-packages\django\template\base.py", line 516, in parse
    compiled_result = compile_func(self, token)
                      ^^^^^^^^^^^^^^^^^^^^^^^^^
  File "C:\Users\maksk\AppData\Local\Packages\PythonSoftwareFoundation.Python.3.11_qbz5n2kfra8p0\LocalCache\local-packages\Python311\site-packages\django\template\loader_tags.py", line 234, in do_block
    nodelist = parser.parse(("endblock",))
               ^^^^^^^^^^^^^^^^^^^^^^^^^^^
  File "C:\Users\maksk\AppData\Local\Packages\PythonSoftwareFoundation.Python.3.11_qbz5n2kfra8p0\LocalCache\local-packages\Python311\site-packages\django\template\base.py", line 518, in parse
    raise self.error(token, e)
  File "C:\Users\maksk\AppData\Local\Packages\PythonSoftwareFoundation.Python.3.11_qbz5n2kfra8p0\LocalCache\local-packages\Python311\site-packages\django\template\base.py", line 516, in parse
    compiled_result = compile_func(self, token)
                      ^^^^^^^^^^^^^^^^^^^^^^^^^
  File "C:\Users\maksk\AppData\Local\Packages\PythonSoftwareFoundation.Python.3.11_qbz5n2kfra8p0\LocalCache\local-packages\Python311\site-packages\django\template\defaulttags.py", line 961, in do_if
    condition = TemplateIfParser(parser, bits).parse()
                ^^^^^^^^^^^^^^^^^^^^^^^^^^^^^^
  File "C:\Users\maksk\AppData\Local\Packages\PythonSoftwareFoundation.Python.3.11_qbz5n2kfra8p0\LocalCache\local-packages\Python311\site-packages\django\template\defaulttags.py", line 894, in __init__
    super().__init__(*args, **kwargs)
  File "C:\Users\maksk\AppData\Local\Packages\PythonSoftwareFoundation.Python.3.11_qbz5n2kfra8p0\LocalCache\local-packages\Python311\site-packages\django\template\smartif.py", line 171, in __init__
    mapped_tokens.append(self.translate_token(token))
                         ^^^^^^^^^^^^^^^^^^^^^^^^^^^
  File "C:\Users\maksk\AppData\Local\Packages\PythonSoftwareFoundation.Python.3.11_qbz5n2kfra8p0\LocalCache\local-packages\Python311\site-packages\django\template\smartif.py", line 182, in translate_token
    return self.create_var(token)
           ^^^^^^^^^^^^^^^^^^^^^^
  File "C:\Users\maksk\AppData\Local\Packages\PythonSoftwareFoundation.Python.3.11_qbz5n2kfra8p0\LocalCache\local-packages\Python311\site-packages\django\template\defaulttags.py", line 897, in create_var
    return TemplateLiteral(self.template_parser.compile_filter(value), value)
                           ^^^^^^^^^^^^^^^^^^^^^^^^^^^^^^^^^^^^^^^^^^
  File "C:\Users\maksk\AppData\Local\Packages\PythonSoftwareFoundation.Python.3.11_qbz5n2kfra8p0\LocalCache\local-packages\Python311\site-packages\django\template\base.py", line 605, in compile_filter
    return FilterExpression(token, self)
           ^^^^^^^^^^^^^^^^^^^^^^^^^^^^^
  File "C:\Users\maksk\AppData\Local\Packages\PythonSoftwareFoundation.Python.3.11_qbz5n2kfra8p0\LocalCache\local-packages\Python311\site-packages\django\template\base.py", line 701, in __init__
    filter_func = parser.find_filter(filter_name)
                  ^^^^^^^^^^^^^^^^^^^^^^^^^^^^^^^
  File "C:\Users\maksk\AppData\Local\Packages\PythonSoftwareFoundation.Python.3.11_qbz5n2kfra8p0\LocalCache\local-packages\Python311\site-packages\django\template\base.py", line 611, in find_filter
    raise TemplateSyntaxError("Invalid filter: '%s'" % filter_name)
django.template.exceptions.TemplateSyntaxError: Invalid filter: 'filter'
2024-09-19 14:33:22,756 - INFO - Вызвана страница всех бонусов
2024-09-19 14:33:22,781 - ERROR - Internal Server Error: /all-items/
Traceback (most recent call last):
  File "C:\Users\maksk\AppData\Local\Packages\PythonSoftwareFoundation.Python.3.11_qbz5n2kfra8p0\LocalCache\local-packages\Python311\site-packages\django\template\smartif.py", line 180, in translate_token
    op = OPERATORS[token]
         ~~~~~~~~~^^^^^^^
KeyError: 'discounts|filter(active=False)|length'

During handling of the above exception, another exception occurred:

Traceback (most recent call last):
  File "C:\Users\maksk\AppData\Local\Packages\PythonSoftwareFoundation.Python.3.11_qbz5n2kfra8p0\LocalCache\local-packages\Python311\site-packages\django\core\handlers\exception.py", line 55, in inner
    response = get_response(request)
               ^^^^^^^^^^^^^^^^^^^^^
  File "C:\Users\maksk\AppData\Local\Packages\PythonSoftwareFoundation.Python.3.11_qbz5n2kfra8p0\LocalCache\local-packages\Python311\site-packages\django\core\handlers\base.py", line 197, in _get_response
    response = wrapped_callback(request, *callback_args, **callback_kwargs)
               ^^^^^^^^^^^^^^^^^^^^^^^^^^^^^^^^^^^^^^^^^^^^^^^^^^^^^^^^^^^^
  File "C:\Users\maksk\Desktop\lab5\rent_cars\users\views.py", line 317, in all_items
    return render(request, 'users/all_items.html', {'penalties': penalties, 'promo_codes': promo_codes, 'discounts': discounts})
           ^^^^^^^^^^^^^^^^^^^^^^^^^^^^^^^^^^^^^^^^^^^^^^^^^^^^^^^^^^^^^^^^^^^^^^^^^^^^^^^^^^^^^^^^^^^^^^^^^^^^^^^^^^^^^^^^^^^^^
  File "C:\Users\maksk\AppData\Local\Packages\PythonSoftwareFoundation.Python.3.11_qbz5n2kfra8p0\LocalCache\local-packages\Python311\site-packages\django\shortcuts.py", line 25, in render
    content = loader.render_to_string(template_name, context, request, using=using)
              ^^^^^^^^^^^^^^^^^^^^^^^^^^^^^^^^^^^^^^^^^^^^^^^^^^^^^^^^^^^^^^^^^^^^^
  File "C:\Users\maksk\AppData\Local\Packages\PythonSoftwareFoundation.Python.3.11_qbz5n2kfra8p0\LocalCache\local-packages\Python311\site-packages\django\template\loader.py", line 61, in render_to_string
    template = get_template(template_name, using=using)
               ^^^^^^^^^^^^^^^^^^^^^^^^^^^^^^^^^^^^^^^^
  File "C:\Users\maksk\AppData\Local\Packages\PythonSoftwareFoundation.Python.3.11_qbz5n2kfra8p0\LocalCache\local-packages\Python311\site-packages\django\template\loader.py", line 15, in get_template
    return engine.get_template(template_name)
           ^^^^^^^^^^^^^^^^^^^^^^^^^^^^^^^^^^
  File "C:\Users\maksk\AppData\Local\Packages\PythonSoftwareFoundation.Python.3.11_qbz5n2kfra8p0\LocalCache\local-packages\Python311\site-packages\django\template\backends\django.py", line 79, in get_template
    return Template(self.engine.get_template(template_name), self)
                    ^^^^^^^^^^^^^^^^^^^^^^^^^^^^^^^^^^^^^^^
  File "C:\Users\maksk\AppData\Local\Packages\PythonSoftwareFoundation.Python.3.11_qbz5n2kfra8p0\LocalCache\local-packages\Python311\site-packages\django\template\engine.py", line 177, in get_template
    template, origin = self.find_template(template_name)
                       ^^^^^^^^^^^^^^^^^^^^^^^^^^^^^^^^^
  File "C:\Users\maksk\AppData\Local\Packages\PythonSoftwareFoundation.Python.3.11_qbz5n2kfra8p0\LocalCache\local-packages\Python311\site-packages\django\template\engine.py", line 159, in find_template
    template = loader.get_template(name, skip=skip)
               ^^^^^^^^^^^^^^^^^^^^^^^^^^^^^^^^^^^^
  File "C:\Users\maksk\AppData\Local\Packages\PythonSoftwareFoundation.Python.3.11_qbz5n2kfra8p0\LocalCache\local-packages\Python311\site-packages\django\template\loaders\cached.py", line 57, in get_template
    template = super().get_template(template_name, skip)
               ^^^^^^^^^^^^^^^^^^^^^^^^^^^^^^^^^^^^^^^^^
  File "C:\Users\maksk\AppData\Local\Packages\PythonSoftwareFoundation.Python.3.11_qbz5n2kfra8p0\LocalCache\local-packages\Python311\site-packages\django\template\loaders\base.py", line 28, in get_template
    return Template(
           ^^^^^^^^^
  File "C:\Users\maksk\AppData\Local\Packages\PythonSoftwareFoundation.Python.3.11_qbz5n2kfra8p0\LocalCache\local-packages\Python311\site-packages\django\template\base.py", line 154, in __init__
    self.nodelist = self.compile_nodelist()
                    ^^^^^^^^^^^^^^^^^^^^^^^
  File "C:\Users\maksk\AppData\Local\Packages\PythonSoftwareFoundation.Python.3.11_qbz5n2kfra8p0\LocalCache\local-packages\Python311\site-packages\django\template\base.py", line 196, in compile_nodelist
    nodelist = parser.parse()
               ^^^^^^^^^^^^^^
  File "C:\Users\maksk\AppData\Local\Packages\PythonSoftwareFoundation.Python.3.11_qbz5n2kfra8p0\LocalCache\local-packages\Python311\site-packages\django\template\base.py", line 518, in parse
    raise self.error(token, e)
  File "C:\Users\maksk\AppData\Local\Packages\PythonSoftwareFoundation.Python.3.11_qbz5n2kfra8p0\LocalCache\local-packages\Python311\site-packages\django\template\base.py", line 516, in parse
    compiled_result = compile_func(self, token)
                      ^^^^^^^^^^^^^^^^^^^^^^^^^
  File "C:\Users\maksk\AppData\Local\Packages\PythonSoftwareFoundation.Python.3.11_qbz5n2kfra8p0\LocalCache\local-packages\Python311\site-packages\django\template\loader_tags.py", line 295, in do_extends
    nodelist = parser.parse()
               ^^^^^^^^^^^^^^
  File "C:\Users\maksk\AppData\Local\Packages\PythonSoftwareFoundation.Python.3.11_qbz5n2kfra8p0\LocalCache\local-packages\Python311\site-packages\django\template\base.py", line 518, in parse
    raise self.error(token, e)
  File "C:\Users\maksk\AppData\Local\Packages\PythonSoftwareFoundation.Python.3.11_qbz5n2kfra8p0\LocalCache\local-packages\Python311\site-packages\django\template\base.py", line 516, in parse
    compiled_result = compile_func(self, token)
                      ^^^^^^^^^^^^^^^^^^^^^^^^^
  File "C:\Users\maksk\AppData\Local\Packages\PythonSoftwareFoundation.Python.3.11_qbz5n2kfra8p0\LocalCache\local-packages\Python311\site-packages\django\template\loader_tags.py", line 234, in do_block
    nodelist = parser.parse(("endblock",))
               ^^^^^^^^^^^^^^^^^^^^^^^^^^^
  File "C:\Users\maksk\AppData\Local\Packages\PythonSoftwareFoundation.Python.3.11_qbz5n2kfra8p0\LocalCache\local-packages\Python311\site-packages\django\template\base.py", line 518, in parse
    raise self.error(token, e)
  File "C:\Users\maksk\AppData\Local\Packages\PythonSoftwareFoundation.Python.3.11_qbz5n2kfra8p0\LocalCache\local-packages\Python311\site-packages\django\template\base.py", line 516, in parse
    compiled_result = compile_func(self, token)
                      ^^^^^^^^^^^^^^^^^^^^^^^^^
  File "C:\Users\maksk\AppData\Local\Packages\PythonSoftwareFoundation.Python.3.11_qbz5n2kfra8p0\LocalCache\local-packages\Python311\site-packages\django\template\defaulttags.py", line 961, in do_if
    condition = TemplateIfParser(parser, bits).parse()
                ^^^^^^^^^^^^^^^^^^^^^^^^^^^^^^
  File "C:\Users\maksk\AppData\Local\Packages\PythonSoftwareFoundation.Python.3.11_qbz5n2kfra8p0\LocalCache\local-packages\Python311\site-packages\django\template\defaulttags.py", line 894, in __init__
    super().__init__(*args, **kwargs)
  File "C:\Users\maksk\AppData\Local\Packages\PythonSoftwareFoundation.Python.3.11_qbz5n2kfra8p0\LocalCache\local-packages\Python311\site-packages\django\template\smartif.py", line 171, in __init__
    mapped_tokens.append(self.translate_token(token))
                         ^^^^^^^^^^^^^^^^^^^^^^^^^^^
  File "C:\Users\maksk\AppData\Local\Packages\PythonSoftwareFoundation.Python.3.11_qbz5n2kfra8p0\LocalCache\local-packages\Python311\site-packages\django\template\smartif.py", line 182, in translate_token
    return self.create_var(token)
           ^^^^^^^^^^^^^^^^^^^^^^
  File "C:\Users\maksk\AppData\Local\Packages\PythonSoftwareFoundation.Python.3.11_qbz5n2kfra8p0\LocalCache\local-packages\Python311\site-packages\django\template\defaulttags.py", line 897, in create_var
    return TemplateLiteral(self.template_parser.compile_filter(value), value)
                           ^^^^^^^^^^^^^^^^^^^^^^^^^^^^^^^^^^^^^^^^^^
  File "C:\Users\maksk\AppData\Local\Packages\PythonSoftwareFoundation.Python.3.11_qbz5n2kfra8p0\LocalCache\local-packages\Python311\site-packages\django\template\base.py", line 605, in compile_filter
    return FilterExpression(token, self)
           ^^^^^^^^^^^^^^^^^^^^^^^^^^^^^
  File "C:\Users\maksk\AppData\Local\Packages\PythonSoftwareFoundation.Python.3.11_qbz5n2kfra8p0\LocalCache\local-packages\Python311\site-packages\django\template\base.py", line 701, in __init__
    filter_func = parser.find_filter(filter_name)
                  ^^^^^^^^^^^^^^^^^^^^^^^^^^^^^^^
  File "C:\Users\maksk\AppData\Local\Packages\PythonSoftwareFoundation.Python.3.11_qbz5n2kfra8p0\LocalCache\local-packages\Python311\site-packages\django\template\base.py", line 611, in find_filter
    raise TemplateSyntaxError("Invalid filter: '%s'" % filter_name)
django.template.exceptions.TemplateSyntaxError: Invalid filter: 'filter'
2024-09-19 14:33:22,945 - INFO - Вызвана страница всех бонусов
2024-09-19 14:33:22,975 - ERROR - Internal Server Error: /all-items/
Traceback (most recent call last):
  File "C:\Users\maksk\AppData\Local\Packages\PythonSoftwareFoundation.Python.3.11_qbz5n2kfra8p0\LocalCache\local-packages\Python311\site-packages\django\template\smartif.py", line 180, in translate_token
    op = OPERATORS[token]
         ~~~~~~~~~^^^^^^^
KeyError: 'discounts|filter(active=False)|length'

During handling of the above exception, another exception occurred:

Traceback (most recent call last):
  File "C:\Users\maksk\AppData\Local\Packages\PythonSoftwareFoundation.Python.3.11_qbz5n2kfra8p0\LocalCache\local-packages\Python311\site-packages\django\core\handlers\exception.py", line 55, in inner
    response = get_response(request)
               ^^^^^^^^^^^^^^^^^^^^^
  File "C:\Users\maksk\AppData\Local\Packages\PythonSoftwareFoundation.Python.3.11_qbz5n2kfra8p0\LocalCache\local-packages\Python311\site-packages\django\core\handlers\base.py", line 197, in _get_response
    response = wrapped_callback(request, *callback_args, **callback_kwargs)
               ^^^^^^^^^^^^^^^^^^^^^^^^^^^^^^^^^^^^^^^^^^^^^^^^^^^^^^^^^^^^
  File "C:\Users\maksk\Desktop\lab5\rent_cars\users\views.py", line 317, in all_items
    return render(request, 'users/all_items.html', {'penalties': penalties, 'promo_codes': promo_codes, 'discounts': discounts})
           ^^^^^^^^^^^^^^^^^^^^^^^^^^^^^^^^^^^^^^^^^^^^^^^^^^^^^^^^^^^^^^^^^^^^^^^^^^^^^^^^^^^^^^^^^^^^^^^^^^^^^^^^^^^^^^^^^^^^^
  File "C:\Users\maksk\AppData\Local\Packages\PythonSoftwareFoundation.Python.3.11_qbz5n2kfra8p0\LocalCache\local-packages\Python311\site-packages\django\shortcuts.py", line 25, in render
    content = loader.render_to_string(template_name, context, request, using=using)
              ^^^^^^^^^^^^^^^^^^^^^^^^^^^^^^^^^^^^^^^^^^^^^^^^^^^^^^^^^^^^^^^^^^^^^
  File "C:\Users\maksk\AppData\Local\Packages\PythonSoftwareFoundation.Python.3.11_qbz5n2kfra8p0\LocalCache\local-packages\Python311\site-packages\django\template\loader.py", line 61, in render_to_string
    template = get_template(template_name, using=using)
               ^^^^^^^^^^^^^^^^^^^^^^^^^^^^^^^^^^^^^^^^
  File "C:\Users\maksk\AppData\Local\Packages\PythonSoftwareFoundation.Python.3.11_qbz5n2kfra8p0\LocalCache\local-packages\Python311\site-packages\django\template\loader.py", line 15, in get_template
    return engine.get_template(template_name)
           ^^^^^^^^^^^^^^^^^^^^^^^^^^^^^^^^^^
  File "C:\Users\maksk\AppData\Local\Packages\PythonSoftwareFoundation.Python.3.11_qbz5n2kfra8p0\LocalCache\local-packages\Python311\site-packages\django\template\backends\django.py", line 79, in get_template
    return Template(self.engine.get_template(template_name), self)
                    ^^^^^^^^^^^^^^^^^^^^^^^^^^^^^^^^^^^^^^^
  File "C:\Users\maksk\AppData\Local\Packages\PythonSoftwareFoundation.Python.3.11_qbz5n2kfra8p0\LocalCache\local-packages\Python311\site-packages\django\template\engine.py", line 177, in get_template
    template, origin = self.find_template(template_name)
                       ^^^^^^^^^^^^^^^^^^^^^^^^^^^^^^^^^
  File "C:\Users\maksk\AppData\Local\Packages\PythonSoftwareFoundation.Python.3.11_qbz5n2kfra8p0\LocalCache\local-packages\Python311\site-packages\django\template\engine.py", line 159, in find_template
    template = loader.get_template(name, skip=skip)
               ^^^^^^^^^^^^^^^^^^^^^^^^^^^^^^^^^^^^
  File "C:\Users\maksk\AppData\Local\Packages\PythonSoftwareFoundation.Python.3.11_qbz5n2kfra8p0\LocalCache\local-packages\Python311\site-packages\django\template\loaders\cached.py", line 57, in get_template
    template = super().get_template(template_name, skip)
               ^^^^^^^^^^^^^^^^^^^^^^^^^^^^^^^^^^^^^^^^^
  File "C:\Users\maksk\AppData\Local\Packages\PythonSoftwareFoundation.Python.3.11_qbz5n2kfra8p0\LocalCache\local-packages\Python311\site-packages\django\template\loaders\base.py", line 28, in get_template
    return Template(
           ^^^^^^^^^
  File "C:\Users\maksk\AppData\Local\Packages\PythonSoftwareFoundation.Python.3.11_qbz5n2kfra8p0\LocalCache\local-packages\Python311\site-packages\django\template\base.py", line 154, in __init__
    self.nodelist = self.compile_nodelist()
                    ^^^^^^^^^^^^^^^^^^^^^^^
  File "C:\Users\maksk\AppData\Local\Packages\PythonSoftwareFoundation.Python.3.11_qbz5n2kfra8p0\LocalCache\local-packages\Python311\site-packages\django\template\base.py", line 196, in compile_nodelist
    nodelist = parser.parse()
               ^^^^^^^^^^^^^^
  File "C:\Users\maksk\AppData\Local\Packages\PythonSoftwareFoundation.Python.3.11_qbz5n2kfra8p0\LocalCache\local-packages\Python311\site-packages\django\template\base.py", line 518, in parse
    raise self.error(token, e)
  File "C:\Users\maksk\AppData\Local\Packages\PythonSoftwareFoundation.Python.3.11_qbz5n2kfra8p0\LocalCache\local-packages\Python311\site-packages\django\template\base.py", line 516, in parse
    compiled_result = compile_func(self, token)
                      ^^^^^^^^^^^^^^^^^^^^^^^^^
  File "C:\Users\maksk\AppData\Local\Packages\PythonSoftwareFoundation.Python.3.11_qbz5n2kfra8p0\LocalCache\local-packages\Python311\site-packages\django\template\loader_tags.py", line 295, in do_extends
    nodelist = parser.parse()
               ^^^^^^^^^^^^^^
  File "C:\Users\maksk\AppData\Local\Packages\PythonSoftwareFoundation.Python.3.11_qbz5n2kfra8p0\LocalCache\local-packages\Python311\site-packages\django\template\base.py", line 518, in parse
    raise self.error(token, e)
  File "C:\Users\maksk\AppData\Local\Packages\PythonSoftwareFoundation.Python.3.11_qbz5n2kfra8p0\LocalCache\local-packages\Python311\site-packages\django\template\base.py", line 516, in parse
    compiled_result = compile_func(self, token)
                      ^^^^^^^^^^^^^^^^^^^^^^^^^
  File "C:\Users\maksk\AppData\Local\Packages\PythonSoftwareFoundation.Python.3.11_qbz5n2kfra8p0\LocalCache\local-packages\Python311\site-packages\django\template\loader_tags.py", line 234, in do_block
    nodelist = parser.parse(("endblock",))
               ^^^^^^^^^^^^^^^^^^^^^^^^^^^
  File "C:\Users\maksk\AppData\Local\Packages\PythonSoftwareFoundation.Python.3.11_qbz5n2kfra8p0\LocalCache\local-packages\Python311\site-packages\django\template\base.py", line 518, in parse
    raise self.error(token, e)
  File "C:\Users\maksk\AppData\Local\Packages\PythonSoftwareFoundation.Python.3.11_qbz5n2kfra8p0\LocalCache\local-packages\Python311\site-packages\django\template\base.py", line 516, in parse
    compiled_result = compile_func(self, token)
                      ^^^^^^^^^^^^^^^^^^^^^^^^^
  File "C:\Users\maksk\AppData\Local\Packages\PythonSoftwareFoundation.Python.3.11_qbz5n2kfra8p0\LocalCache\local-packages\Python311\site-packages\django\template\defaulttags.py", line 961, in do_if
    condition = TemplateIfParser(parser, bits).parse()
                ^^^^^^^^^^^^^^^^^^^^^^^^^^^^^^
  File "C:\Users\maksk\AppData\Local\Packages\PythonSoftwareFoundation.Python.3.11_qbz5n2kfra8p0\LocalCache\local-packages\Python311\site-packages\django\template\defaulttags.py", line 894, in __init__
    super().__init__(*args, **kwargs)
  File "C:\Users\maksk\AppData\Local\Packages\PythonSoftwareFoundation.Python.3.11_qbz5n2kfra8p0\LocalCache\local-packages\Python311\site-packages\django\template\smartif.py", line 171, in __init__
    mapped_tokens.append(self.translate_token(token))
                         ^^^^^^^^^^^^^^^^^^^^^^^^^^^
  File "C:\Users\maksk\AppData\Local\Packages\PythonSoftwareFoundation.Python.3.11_qbz5n2kfra8p0\LocalCache\local-packages\Python311\site-packages\django\template\smartif.py", line 182, in translate_token
    return self.create_var(token)
           ^^^^^^^^^^^^^^^^^^^^^^
  File "C:\Users\maksk\AppData\Local\Packages\PythonSoftwareFoundation.Python.3.11_qbz5n2kfra8p0\LocalCache\local-packages\Python311\site-packages\django\template\defaulttags.py", line 897, in create_var
    return TemplateLiteral(self.template_parser.compile_filter(value), value)
                           ^^^^^^^^^^^^^^^^^^^^^^^^^^^^^^^^^^^^^^^^^^
  File "C:\Users\maksk\AppData\Local\Packages\PythonSoftwareFoundation.Python.3.11_qbz5n2kfra8p0\LocalCache\local-packages\Python311\site-packages\django\template\base.py", line 605, in compile_filter
    return FilterExpression(token, self)
           ^^^^^^^^^^^^^^^^^^^^^^^^^^^^^
  File "C:\Users\maksk\AppData\Local\Packages\PythonSoftwareFoundation.Python.3.11_qbz5n2kfra8p0\LocalCache\local-packages\Python311\site-packages\django\template\base.py", line 701, in __init__
    filter_func = parser.find_filter(filter_name)
                  ^^^^^^^^^^^^^^^^^^^^^^^^^^^^^^^
  File "C:\Users\maksk\AppData\Local\Packages\PythonSoftwareFoundation.Python.3.11_qbz5n2kfra8p0\LocalCache\local-packages\Python311\site-packages\django\template\base.py", line 611, in find_filter
    raise TemplateSyntaxError("Invalid filter: '%s'" % filter_name)
django.template.exceptions.TemplateSyntaxError: Invalid filter: 'filter'
2024-09-19 14:34:53,770 - INFO - Вызвана страница всех бонусов
2024-09-19 14:35:38,849 - INFO - Вызвана главная страница
2024-09-19 14:37:52,385 - INFO - Вызвана страница всех бонусов
2024-09-19 14:37:53,853 - INFO - Вызвана страница всех бонусов
2024-09-19 14:38:28,408 - INFO - Вызвана страница всех бонусов
2024-09-19 14:38:28,445 - ERROR - Internal Server Error: /all-items/
Traceback (most recent call last):
  File "C:\Users\maksk\AppData\Local\Packages\PythonSoftwareFoundation.Python.3.11_qbz5n2kfra8p0\LocalCache\local-packages\Python311\site-packages\django\template\base.py", line 510, in parse
    compile_func = self.tags[command]
                   ~~~~~~~~~^^^^^^^^^
KeyError: 'endif'

During handling of the above exception, another exception occurred:

Traceback (most recent call last):
  File "C:\Users\maksk\AppData\Local\Packages\PythonSoftwareFoundation.Python.3.11_qbz5n2kfra8p0\LocalCache\local-packages\Python311\site-packages\django\core\handlers\exception.py", line 55, in inner
    response = get_response(request)
               ^^^^^^^^^^^^^^^^^^^^^
  File "C:\Users\maksk\AppData\Local\Packages\PythonSoftwareFoundation.Python.3.11_qbz5n2kfra8p0\LocalCache\local-packages\Python311\site-packages\django\core\handlers\base.py", line 197, in _get_response
    response = wrapped_callback(request, *callback_args, **callback_kwargs)
               ^^^^^^^^^^^^^^^^^^^^^^^^^^^^^^^^^^^^^^^^^^^^^^^^^^^^^^^^^^^^
  File "C:\Users\maksk\Desktop\lab5\rent_cars\users\views.py", line 317, in all_items
    return render(request, 'users/all_items.html', {'penalties': penalties, 'promo_codes': promo_codes, 'discounts': discounts})
           ^^^^^^^^^^^^^^^^^^^^^^^^^^^^^^^^^^^^^^^^^^^^^^^^^^^^^^^^^^^^^^^^^^^^^^^^^^^^^^^^^^^^^^^^^^^^^^^^^^^^^^^^^^^^^^^^^^^^^
  File "C:\Users\maksk\AppData\Local\Packages\PythonSoftwareFoundation.Python.3.11_qbz5n2kfra8p0\LocalCache\local-packages\Python311\site-packages\django\shortcuts.py", line 25, in render
    content = loader.render_to_string(template_name, context, request, using=using)
              ^^^^^^^^^^^^^^^^^^^^^^^^^^^^^^^^^^^^^^^^^^^^^^^^^^^^^^^^^^^^^^^^^^^^^
  File "C:\Users\maksk\AppData\Local\Packages\PythonSoftwareFoundation.Python.3.11_qbz5n2kfra8p0\LocalCache\local-packages\Python311\site-packages\django\template\loader.py", line 61, in render_to_string
    template = get_template(template_name, using=using)
               ^^^^^^^^^^^^^^^^^^^^^^^^^^^^^^^^^^^^^^^^
  File "C:\Users\maksk\AppData\Local\Packages\PythonSoftwareFoundation.Python.3.11_qbz5n2kfra8p0\LocalCache\local-packages\Python311\site-packages\django\template\loader.py", line 15, in get_template
    return engine.get_template(template_name)
           ^^^^^^^^^^^^^^^^^^^^^^^^^^^^^^^^^^
  File "C:\Users\maksk\AppData\Local\Packages\PythonSoftwareFoundation.Python.3.11_qbz5n2kfra8p0\LocalCache\local-packages\Python311\site-packages\django\template\backends\django.py", line 79, in get_template
    return Template(self.engine.get_template(template_name), self)
                    ^^^^^^^^^^^^^^^^^^^^^^^^^^^^^^^^^^^^^^^
  File "C:\Users\maksk\AppData\Local\Packages\PythonSoftwareFoundation.Python.3.11_qbz5n2kfra8p0\LocalCache\local-packages\Python311\site-packages\django\template\engine.py", line 177, in get_template
    template, origin = self.find_template(template_name)
                       ^^^^^^^^^^^^^^^^^^^^^^^^^^^^^^^^^
  File "C:\Users\maksk\AppData\Local\Packages\PythonSoftwareFoundation.Python.3.11_qbz5n2kfra8p0\LocalCache\local-packages\Python311\site-packages\django\template\engine.py", line 159, in find_template
    template = loader.get_template(name, skip=skip)
               ^^^^^^^^^^^^^^^^^^^^^^^^^^^^^^^^^^^^
  File "C:\Users\maksk\AppData\Local\Packages\PythonSoftwareFoundation.Python.3.11_qbz5n2kfra8p0\LocalCache\local-packages\Python311\site-packages\django\template\loaders\cached.py", line 57, in get_template
    template = super().get_template(template_name, skip)
               ^^^^^^^^^^^^^^^^^^^^^^^^^^^^^^^^^^^^^^^^^
  File "C:\Users\maksk\AppData\Local\Packages\PythonSoftwareFoundation.Python.3.11_qbz5n2kfra8p0\LocalCache\local-packages\Python311\site-packages\django\template\loaders\base.py", line 28, in get_template
    return Template(
           ^^^^^^^^^
  File "C:\Users\maksk\AppData\Local\Packages\PythonSoftwareFoundation.Python.3.11_qbz5n2kfra8p0\LocalCache\local-packages\Python311\site-packages\django\template\base.py", line 154, in __init__
    self.nodelist = self.compile_nodelist()
                    ^^^^^^^^^^^^^^^^^^^^^^^
  File "C:\Users\maksk\AppData\Local\Packages\PythonSoftwareFoundation.Python.3.11_qbz5n2kfra8p0\LocalCache\local-packages\Python311\site-packages\django\template\base.py", line 196, in compile_nodelist
    nodelist = parser.parse()
               ^^^^^^^^^^^^^^
  File "C:\Users\maksk\AppData\Local\Packages\PythonSoftwareFoundation.Python.3.11_qbz5n2kfra8p0\LocalCache\local-packages\Python311\site-packages\django\template\base.py", line 518, in parse
    raise self.error(token, e)
  File "C:\Users\maksk\AppData\Local\Packages\PythonSoftwareFoundation.Python.3.11_qbz5n2kfra8p0\LocalCache\local-packages\Python311\site-packages\django\template\base.py", line 516, in parse
    compiled_result = compile_func(self, token)
                      ^^^^^^^^^^^^^^^^^^^^^^^^^
  File "C:\Users\maksk\AppData\Local\Packages\PythonSoftwareFoundation.Python.3.11_qbz5n2kfra8p0\LocalCache\local-packages\Python311\site-packages\django\template\loader_tags.py", line 295, in do_extends
    nodelist = parser.parse()
               ^^^^^^^^^^^^^^
  File "C:\Users\maksk\AppData\Local\Packages\PythonSoftwareFoundation.Python.3.11_qbz5n2kfra8p0\LocalCache\local-packages\Python311\site-packages\django\template\base.py", line 518, in parse
    raise self.error(token, e)
  File "C:\Users\maksk\AppData\Local\Packages\PythonSoftwareFoundation.Python.3.11_qbz5n2kfra8p0\LocalCache\local-packages\Python311\site-packages\django\template\base.py", line 516, in parse
    compiled_result = compile_func(self, token)
                      ^^^^^^^^^^^^^^^^^^^^^^^^^
  File "C:\Users\maksk\AppData\Local\Packages\PythonSoftwareFoundation.Python.3.11_qbz5n2kfra8p0\LocalCache\local-packages\Python311\site-packages\django\template\loader_tags.py", line 234, in do_block
    nodelist = parser.parse(("endblock",))
               ^^^^^^^^^^^^^^^^^^^^^^^^^^^
  File "C:\Users\maksk\AppData\Local\Packages\PythonSoftwareFoundation.Python.3.11_qbz5n2kfra8p0\LocalCache\local-packages\Python311\site-packages\django\template\base.py", line 518, in parse
    raise self.error(token, e)
  File "C:\Users\maksk\AppData\Local\Packages\PythonSoftwareFoundation.Python.3.11_qbz5n2kfra8p0\LocalCache\local-packages\Python311\site-packages\django\template\base.py", line 516, in parse
    compiled_result = compile_func(self, token)
                      ^^^^^^^^^^^^^^^^^^^^^^^^^
  File "C:\Users\maksk\AppData\Local\Packages\PythonSoftwareFoundation.Python.3.11_qbz5n2kfra8p0\LocalCache\local-packages\Python311\site-packages\django\template\defaulttags.py", line 1540, in do_with
    nodelist = parser.parse(("endwith",))
               ^^^^^^^^^^^^^^^^^^^^^^^^^^
  File "C:\Users\maksk\AppData\Local\Packages\PythonSoftwareFoundation.Python.3.11_qbz5n2kfra8p0\LocalCache\local-packages\Python311\site-packages\django\template\base.py", line 518, in parse
    raise self.error(token, e)
  File "C:\Users\maksk\AppData\Local\Packages\PythonSoftwareFoundation.Python.3.11_qbz5n2kfra8p0\LocalCache\local-packages\Python311\site-packages\django\template\base.py", line 516, in parse
    compiled_result = compile_func(self, token)
                      ^^^^^^^^^^^^^^^^^^^^^^^^^
  File "C:\Users\maksk\AppData\Local\Packages\PythonSoftwareFoundation.Python.3.11_qbz5n2kfra8p0\LocalCache\local-packages\Python311\site-packages\django\template\defaulttags.py", line 862, in do_for
    nodelist_loop = parser.parse(
                    ^^^^^^^^^^^^^
  File "C:\Users\maksk\AppData\Local\Packages\PythonSoftwareFoundation.Python.3.11_qbz5n2kfra8p0\LocalCache\local-packages\Python311\site-packages\django\template\base.py", line 518, in parse
    raise self.error(token, e)
  File "C:\Users\maksk\AppData\Local\Packages\PythonSoftwareFoundation.Python.3.11_qbz5n2kfra8p0\LocalCache\local-packages\Python311\site-packages\django\template\base.py", line 516, in parse
    compiled_result = compile_func(self, token)
                      ^^^^^^^^^^^^^^^^^^^^^^^^^
  File "C:\Users\maksk\AppData\Local\Packages\PythonSoftwareFoundation.Python.3.11_qbz5n2kfra8p0\LocalCache\local-packages\Python311\site-packages\django\template\defaulttags.py", line 962, in do_if
    nodelist = parser.parse(("elif", "else", "endif"))
               ^^^^^^^^^^^^^^^^^^^^^^^^^^^^^^^^^^^^^^^
  File "C:\Users\maksk\AppData\Local\Packages\PythonSoftwareFoundation.Python.3.11_qbz5n2kfra8p0\LocalCache\local-packages\Python311\site-packages\django\template\base.py", line 518, in parse
    raise self.error(token, e)
  File "C:\Users\maksk\AppData\Local\Packages\PythonSoftwareFoundation.Python.3.11_qbz5n2kfra8p0\LocalCache\local-packages\Python311\site-packages\django\template\base.py", line 516, in parse
    compiled_result = compile_func(self, token)
                      ^^^^^^^^^^^^^^^^^^^^^^^^^
  File "C:\Users\maksk\AppData\Local\Packages\PythonSoftwareFoundation.Python.3.11_qbz5n2kfra8p0\LocalCache\local-packages\Python311\site-packages\django\template\defaulttags.py", line 1540, in do_with
    nodelist = parser.parse(("endwith",))
               ^^^^^^^^^^^^^^^^^^^^^^^^^^
  File "C:\Users\maksk\AppData\Local\Packages\PythonSoftwareFoundation.Python.3.11_qbz5n2kfra8p0\LocalCache\local-packages\Python311\site-packages\django\template\base.py", line 512, in parse
    self.invalid_block_tag(token, command, parse_until)
  File "C:\Users\maksk\AppData\Local\Packages\PythonSoftwareFoundation.Python.3.11_qbz5n2kfra8p0\LocalCache\local-packages\Python311\site-packages\django\template\base.py", line 563, in invalid_block_tag
    raise self.error(
django.template.exceptions.TemplateSyntaxError: Invalid block tag on line 146: 'endif', expected 'endwith'. Did you forget to register or load this tag?
2024-09-19 14:38:52,976 - INFO - Вызвана страница всех бонусов
2024-09-19 14:39:07,364 - INFO - Вызвана страница всех бонусов
2024-09-19 14:39:07,961 - INFO - Вызвана страница всех бонусов
2024-09-19 14:39:18,416 - INFO - Вызвана страница всех бонусов
2024-09-19 14:39:25,108 - INFO - Вызвана страница всех бонусов
2024-09-19 14:40:01,459 - INFO - Вызвана страница всех бонусов
2024-09-19 14:40:01,697 - INFO - Вызвана страница всех бонусов
2024-09-19 14:40:01,898 - INFO - Вызвана страница всех бонусов
2024-09-19 14:40:02,029 - INFO - Вызвана страница всех бонусов
2024-09-19 14:40:02,228 - INFO - Вызвана страница всех бонусов
2024-09-19 14:40:02,888 - INFO - Вызвана страница всех бонусов
2024-09-19 14:40:39,274 - INFO - Вызвана главная страница
2024-09-19 14:42:11,604 - INFO - Вызвана страница всех бонусов
2024-09-19 14:42:12,148 - INFO - Вызвана страница всех бонусов
2024-09-19 14:42:13,472 - INFO - Вызвана страница всех бонусов
2024-09-19 14:42:13,673 - INFO - Вызвана страница всех бонусов
2024-09-19 14:42:58,161 - INFO - Вызвана страница всех бонусов
2024-09-19 14:45:39,551 - INFO - Вызвана главная страница
2024-09-19 14:45:56,756 - INFO - Вызвана страница всех бонусов
2024-09-19 14:46:23,626 - INFO - Вызвана страница всех бонусов
2024-09-19 14:47:04,855 - INFO - Вызвана страница всех бонусов
2024-09-19 14:47:05,444 - INFO - Вызвана страница всех бонусов
2024-09-19 14:47:27,014 - INFO - Вызвана страница всех бонусов
2024-09-19 14:47:27,049 - ERROR - Internal Server Error: /all-items/
Traceback (most recent call last):
  File "C:\Users\maksk\AppData\Local\Packages\PythonSoftwareFoundation.Python.3.11_qbz5n2kfra8p0\LocalCache\local-packages\Python311\site-packages\django\template\smartif.py", line 180, in translate_token
    op = OPERATORS[token]
         ~~~~~~~~~^^^^^^^
KeyError: 'has_active=True'

During handling of the above exception, another exception occurred:

Traceback (most recent call last):
  File "C:\Users\maksk\AppData\Local\Packages\PythonSoftwareFoundation.Python.3.11_qbz5n2kfra8p0\LocalCache\local-packages\Python311\site-packages\django\core\handlers\exception.py", line 55, in inner
    response = get_response(request)
               ^^^^^^^^^^^^^^^^^^^^^
  File "C:\Users\maksk\AppData\Local\Packages\PythonSoftwareFoundation.Python.3.11_qbz5n2kfra8p0\LocalCache\local-packages\Python311\site-packages\django\core\handlers\base.py", line 197, in _get_response
    response = wrapped_callback(request, *callback_args, **callback_kwargs)
               ^^^^^^^^^^^^^^^^^^^^^^^^^^^^^^^^^^^^^^^^^^^^^^^^^^^^^^^^^^^^
  File "C:\Users\maksk\Desktop\lab5\rent_cars\users\views.py", line 317, in all_items
    return render(request, 'users/all_items.html', {'penalties': penalties, 'promo_codes': promo_codes, 'discounts': discounts})
           ^^^^^^^^^^^^^^^^^^^^^^^^^^^^^^^^^^^^^^^^^^^^^^^^^^^^^^^^^^^^^^^^^^^^^^^^^^^^^^^^^^^^^^^^^^^^^^^^^^^^^^^^^^^^^^^^^^^^^
  File "C:\Users\maksk\AppData\Local\Packages\PythonSoftwareFoundation.Python.3.11_qbz5n2kfra8p0\LocalCache\local-packages\Python311\site-packages\django\shortcuts.py", line 25, in render
    content = loader.render_to_string(template_name, context, request, using=using)
              ^^^^^^^^^^^^^^^^^^^^^^^^^^^^^^^^^^^^^^^^^^^^^^^^^^^^^^^^^^^^^^^^^^^^^
  File "C:\Users\maksk\AppData\Local\Packages\PythonSoftwareFoundation.Python.3.11_qbz5n2kfra8p0\LocalCache\local-packages\Python311\site-packages\django\template\loader.py", line 61, in render_to_string
    template = get_template(template_name, using=using)
               ^^^^^^^^^^^^^^^^^^^^^^^^^^^^^^^^^^^^^^^^
  File "C:\Users\maksk\AppData\Local\Packages\PythonSoftwareFoundation.Python.3.11_qbz5n2kfra8p0\LocalCache\local-packages\Python311\site-packages\django\template\loader.py", line 15, in get_template
    return engine.get_template(template_name)
           ^^^^^^^^^^^^^^^^^^^^^^^^^^^^^^^^^^
  File "C:\Users\maksk\AppData\Local\Packages\PythonSoftwareFoundation.Python.3.11_qbz5n2kfra8p0\LocalCache\local-packages\Python311\site-packages\django\template\backends\django.py", line 79, in get_template
    return Template(self.engine.get_template(template_name), self)
                    ^^^^^^^^^^^^^^^^^^^^^^^^^^^^^^^^^^^^^^^
  File "C:\Users\maksk\AppData\Local\Packages\PythonSoftwareFoundation.Python.3.11_qbz5n2kfra8p0\LocalCache\local-packages\Python311\site-packages\django\template\engine.py", line 177, in get_template
    template, origin = self.find_template(template_name)
                       ^^^^^^^^^^^^^^^^^^^^^^^^^^^^^^^^^
  File "C:\Users\maksk\AppData\Local\Packages\PythonSoftwareFoundation.Python.3.11_qbz5n2kfra8p0\LocalCache\local-packages\Python311\site-packages\django\template\engine.py", line 159, in find_template
    template = loader.get_template(name, skip=skip)
               ^^^^^^^^^^^^^^^^^^^^^^^^^^^^^^^^^^^^
  File "C:\Users\maksk\AppData\Local\Packages\PythonSoftwareFoundation.Python.3.11_qbz5n2kfra8p0\LocalCache\local-packages\Python311\site-packages\django\template\loaders\cached.py", line 57, in get_template
    template = super().get_template(template_name, skip)
               ^^^^^^^^^^^^^^^^^^^^^^^^^^^^^^^^^^^^^^^^^
  File "C:\Users\maksk\AppData\Local\Packages\PythonSoftwareFoundation.Python.3.11_qbz5n2kfra8p0\LocalCache\local-packages\Python311\site-packages\django\template\loaders\base.py", line 28, in get_template
    return Template(
           ^^^^^^^^^
  File "C:\Users\maksk\AppData\Local\Packages\PythonSoftwareFoundation.Python.3.11_qbz5n2kfra8p0\LocalCache\local-packages\Python311\site-packages\django\template\base.py", line 154, in __init__
    self.nodelist = self.compile_nodelist()
                    ^^^^^^^^^^^^^^^^^^^^^^^
  File "C:\Users\maksk\AppData\Local\Packages\PythonSoftwareFoundation.Python.3.11_qbz5n2kfra8p0\LocalCache\local-packages\Python311\site-packages\django\template\base.py", line 196, in compile_nodelist
    nodelist = parser.parse()
               ^^^^^^^^^^^^^^
  File "C:\Users\maksk\AppData\Local\Packages\PythonSoftwareFoundation.Python.3.11_qbz5n2kfra8p0\LocalCache\local-packages\Python311\site-packages\django\template\base.py", line 518, in parse
    raise self.error(token, e)
  File "C:\Users\maksk\AppData\Local\Packages\PythonSoftwareFoundation.Python.3.11_qbz5n2kfra8p0\LocalCache\local-packages\Python311\site-packages\django\template\base.py", line 516, in parse
    compiled_result = compile_func(self, token)
                      ^^^^^^^^^^^^^^^^^^^^^^^^^
  File "C:\Users\maksk\AppData\Local\Packages\PythonSoftwareFoundation.Python.3.11_qbz5n2kfra8p0\LocalCache\local-packages\Python311\site-packages\django\template\loader_tags.py", line 295, in do_extends
    nodelist = parser.parse()
               ^^^^^^^^^^^^^^
  File "C:\Users\maksk\AppData\Local\Packages\PythonSoftwareFoundation.Python.3.11_qbz5n2kfra8p0\LocalCache\local-packages\Python311\site-packages\django\template\base.py", line 518, in parse
    raise self.error(token, e)
  File "C:\Users\maksk\AppData\Local\Packages\PythonSoftwareFoundation.Python.3.11_qbz5n2kfra8p0\LocalCache\local-packages\Python311\site-packages\django\template\base.py", line 516, in parse
    compiled_result = compile_func(self, token)
                      ^^^^^^^^^^^^^^^^^^^^^^^^^
  File "C:\Users\maksk\AppData\Local\Packages\PythonSoftwareFoundation.Python.3.11_qbz5n2kfra8p0\LocalCache\local-packages\Python311\site-packages\django\template\loader_tags.py", line 234, in do_block
    nodelist = parser.parse(("endblock",))
               ^^^^^^^^^^^^^^^^^^^^^^^^^^^
  File "C:\Users\maksk\AppData\Local\Packages\PythonSoftwareFoundation.Python.3.11_qbz5n2kfra8p0\LocalCache\local-packages\Python311\site-packages\django\template\base.py", line 518, in parse
    raise self.error(token, e)
  File "C:\Users\maksk\AppData\Local\Packages\PythonSoftwareFoundation.Python.3.11_qbz5n2kfra8p0\LocalCache\local-packages\Python311\site-packages\django\template\base.py", line 516, in parse
    compiled_result = compile_func(self, token)
                      ^^^^^^^^^^^^^^^^^^^^^^^^^
  File "C:\Users\maksk\AppData\Local\Packages\PythonSoftwareFoundation.Python.3.11_qbz5n2kfra8p0\LocalCache\local-packages\Python311\site-packages\django\template\defaulttags.py", line 1540, in do_with
    nodelist = parser.parse(("endwith",))
               ^^^^^^^^^^^^^^^^^^^^^^^^^^
  File "C:\Users\maksk\AppData\Local\Packages\PythonSoftwareFoundation.Python.3.11_qbz5n2kfra8p0\LocalCache\local-packages\Python311\site-packages\django\template\base.py", line 518, in parse
    raise self.error(token, e)
  File "C:\Users\maksk\AppData\Local\Packages\PythonSoftwareFoundation.Python.3.11_qbz5n2kfra8p0\LocalCache\local-packages\Python311\site-packages\django\template\base.py", line 516, in parse
    compiled_result = compile_func(self, token)
                      ^^^^^^^^^^^^^^^^^^^^^^^^^
  File "C:\Users\maksk\AppData\Local\Packages\PythonSoftwareFoundation.Python.3.11_qbz5n2kfra8p0\LocalCache\local-packages\Python311\site-packages\django\template\defaulttags.py", line 961, in do_if
    condition = TemplateIfParser(parser, bits).parse()
                ^^^^^^^^^^^^^^^^^^^^^^^^^^^^^^
  File "C:\Users\maksk\AppData\Local\Packages\PythonSoftwareFoundation.Python.3.11_qbz5n2kfra8p0\LocalCache\local-packages\Python311\site-packages\django\template\defaulttags.py", line 894, in __init__
    super().__init__(*args, **kwargs)
  File "C:\Users\maksk\AppData\Local\Packages\PythonSoftwareFoundation.Python.3.11_qbz5n2kfra8p0\LocalCache\local-packages\Python311\site-packages\django\template\smartif.py", line 171, in __init__
    mapped_tokens.append(self.translate_token(token))
                         ^^^^^^^^^^^^^^^^^^^^^^^^^^^
  File "C:\Users\maksk\AppData\Local\Packages\PythonSoftwareFoundation.Python.3.11_qbz5n2kfra8p0\LocalCache\local-packages\Python311\site-packages\django\template\smartif.py", line 182, in translate_token
    return self.create_var(token)
           ^^^^^^^^^^^^^^^^^^^^^^
  File "C:\Users\maksk\AppData\Local\Packages\PythonSoftwareFoundation.Python.3.11_qbz5n2kfra8p0\LocalCache\local-packages\Python311\site-packages\django\template\defaulttags.py", line 897, in create_var
    return TemplateLiteral(self.template_parser.compile_filter(value), value)
                           ^^^^^^^^^^^^^^^^^^^^^^^^^^^^^^^^^^^^^^^^^^
  File "C:\Users\maksk\AppData\Local\Packages\PythonSoftwareFoundation.Python.3.11_qbz5n2kfra8p0\LocalCache\local-packages\Python311\site-packages\django\template\base.py", line 605, in compile_filter
    return FilterExpression(token, self)
           ^^^^^^^^^^^^^^^^^^^^^^^^^^^^^
  File "C:\Users\maksk\AppData\Local\Packages\PythonSoftwareFoundation.Python.3.11_qbz5n2kfra8p0\LocalCache\local-packages\Python311\site-packages\django\template\base.py", line 706, in __init__
    raise TemplateSyntaxError(
django.template.exceptions.TemplateSyntaxError: Could not parse the remainder: '=True' from 'has_active=True'
2024-09-19 14:47:27,140 - WARNING - Not Found: /favicon.ico
2024-09-19 14:47:34,455 - INFO - Вызвана страница всех бонусов
2024-09-19 14:49:13,308 - INFO - Вызвана страница всех бонусов
2024-09-19 14:49:13,346 - ERROR - Internal Server Error: /all-items/
Traceback (most recent call last):
  File "C:\Users\maksk\AppData\Local\Packages\PythonSoftwareFoundation.Python.3.11_qbz5n2kfra8p0\LocalCache\local-packages\Python311\site-packages\django\template\base.py", line 510, in parse
    compile_func = self.tags[command]
                   ~~~~~~~~~^^^^^^^^^
KeyError: 'endif'

During handling of the above exception, another exception occurred:

Traceback (most recent call last):
  File "C:\Users\maksk\AppData\Local\Packages\PythonSoftwareFoundation.Python.3.11_qbz5n2kfra8p0\LocalCache\local-packages\Python311\site-packages\django\core\handlers\exception.py", line 55, in inner
    response = get_response(request)
               ^^^^^^^^^^^^^^^^^^^^^
  File "C:\Users\maksk\AppData\Local\Packages\PythonSoftwareFoundation.Python.3.11_qbz5n2kfra8p0\LocalCache\local-packages\Python311\site-packages\django\core\handlers\base.py", line 197, in _get_response
    response = wrapped_callback(request, *callback_args, **callback_kwargs)
               ^^^^^^^^^^^^^^^^^^^^^^^^^^^^^^^^^^^^^^^^^^^^^^^^^^^^^^^^^^^^
  File "C:\Users\maksk\Desktop\lab5\rent_cars\users\views.py", line 317, in all_items
    return render(request, 'users/all_items.html', {'penalties': penalties, 'promo_codes': promo_codes, 'discounts': discounts})
           ^^^^^^^^^^^^^^^^^^^^^^^^^^^^^^^^^^^^^^^^^^^^^^^^^^^^^^^^^^^^^^^^^^^^^^^^^^^^^^^^^^^^^^^^^^^^^^^^^^^^^^^^^^^^^^^^^^^^^
  File "C:\Users\maksk\AppData\Local\Packages\PythonSoftwareFoundation.Python.3.11_qbz5n2kfra8p0\LocalCache\local-packages\Python311\site-packages\django\shortcuts.py", line 25, in render
    content = loader.render_to_string(template_name, context, request, using=using)
              ^^^^^^^^^^^^^^^^^^^^^^^^^^^^^^^^^^^^^^^^^^^^^^^^^^^^^^^^^^^^^^^^^^^^^
  File "C:\Users\maksk\AppData\Local\Packages\PythonSoftwareFoundation.Python.3.11_qbz5n2kfra8p0\LocalCache\local-packages\Python311\site-packages\django\template\loader.py", line 61, in render_to_string
    template = get_template(template_name, using=using)
               ^^^^^^^^^^^^^^^^^^^^^^^^^^^^^^^^^^^^^^^^
  File "C:\Users\maksk\AppData\Local\Packages\PythonSoftwareFoundation.Python.3.11_qbz5n2kfra8p0\LocalCache\local-packages\Python311\site-packages\django\template\loader.py", line 15, in get_template
    return engine.get_template(template_name)
           ^^^^^^^^^^^^^^^^^^^^^^^^^^^^^^^^^^
  File "C:\Users\maksk\AppData\Local\Packages\PythonSoftwareFoundation.Python.3.11_qbz5n2kfra8p0\LocalCache\local-packages\Python311\site-packages\django\template\backends\django.py", line 79, in get_template
    return Template(self.engine.get_template(template_name), self)
                    ^^^^^^^^^^^^^^^^^^^^^^^^^^^^^^^^^^^^^^^
  File "C:\Users\maksk\AppData\Local\Packages\PythonSoftwareFoundation.Python.3.11_qbz5n2kfra8p0\LocalCache\local-packages\Python311\site-packages\django\template\engine.py", line 177, in get_template
    template, origin = self.find_template(template_name)
                       ^^^^^^^^^^^^^^^^^^^^^^^^^^^^^^^^^
  File "C:\Users\maksk\AppData\Local\Packages\PythonSoftwareFoundation.Python.3.11_qbz5n2kfra8p0\LocalCache\local-packages\Python311\site-packages\django\template\engine.py", line 159, in find_template
    template = loader.get_template(name, skip=skip)
               ^^^^^^^^^^^^^^^^^^^^^^^^^^^^^^^^^^^^
  File "C:\Users\maksk\AppData\Local\Packages\PythonSoftwareFoundation.Python.3.11_qbz5n2kfra8p0\LocalCache\local-packages\Python311\site-packages\django\template\loaders\cached.py", line 57, in get_template
    template = super().get_template(template_name, skip)
               ^^^^^^^^^^^^^^^^^^^^^^^^^^^^^^^^^^^^^^^^^
  File "C:\Users\maksk\AppData\Local\Packages\PythonSoftwareFoundation.Python.3.11_qbz5n2kfra8p0\LocalCache\local-packages\Python311\site-packages\django\template\loaders\base.py", line 28, in get_template
    return Template(
           ^^^^^^^^^
  File "C:\Users\maksk\AppData\Local\Packages\PythonSoftwareFoundation.Python.3.11_qbz5n2kfra8p0\LocalCache\local-packages\Python311\site-packages\django\template\base.py", line 154, in __init__
    self.nodelist = self.compile_nodelist()
                    ^^^^^^^^^^^^^^^^^^^^^^^
  File "C:\Users\maksk\AppData\Local\Packages\PythonSoftwareFoundation.Python.3.11_qbz5n2kfra8p0\LocalCache\local-packages\Python311\site-packages\django\template\base.py", line 196, in compile_nodelist
    nodelist = parser.parse()
               ^^^^^^^^^^^^^^
  File "C:\Users\maksk\AppData\Local\Packages\PythonSoftwareFoundation.Python.3.11_qbz5n2kfra8p0\LocalCache\local-packages\Python311\site-packages\django\template\base.py", line 518, in parse
    raise self.error(token, e)
  File "C:\Users\maksk\AppData\Local\Packages\PythonSoftwareFoundation.Python.3.11_qbz5n2kfra8p0\LocalCache\local-packages\Python311\site-packages\django\template\base.py", line 516, in parse
    compiled_result = compile_func(self, token)
                      ^^^^^^^^^^^^^^^^^^^^^^^^^
  File "C:\Users\maksk\AppData\Local\Packages\PythonSoftwareFoundation.Python.3.11_qbz5n2kfra8p0\LocalCache\local-packages\Python311\site-packages\django\template\loader_tags.py", line 295, in do_extends
    nodelist = parser.parse()
               ^^^^^^^^^^^^^^
  File "C:\Users\maksk\AppData\Local\Packages\PythonSoftwareFoundation.Python.3.11_qbz5n2kfra8p0\LocalCache\local-packages\Python311\site-packages\django\template\base.py", line 518, in parse
    raise self.error(token, e)
  File "C:\Users\maksk\AppData\Local\Packages\PythonSoftwareFoundation.Python.3.11_qbz5n2kfra8p0\LocalCache\local-packages\Python311\site-packages\django\template\base.py", line 516, in parse
    compiled_result = compile_func(self, token)
                      ^^^^^^^^^^^^^^^^^^^^^^^^^
  File "C:\Users\maksk\AppData\Local\Packages\PythonSoftwareFoundation.Python.3.11_qbz5n2kfra8p0\LocalCache\local-packages\Python311\site-packages\django\template\loader_tags.py", line 234, in do_block
    nodelist = parser.parse(("endblock",))
               ^^^^^^^^^^^^^^^^^^^^^^^^^^^
  File "C:\Users\maksk\AppData\Local\Packages\PythonSoftwareFoundation.Python.3.11_qbz5n2kfra8p0\LocalCache\local-packages\Python311\site-packages\django\template\base.py", line 518, in parse
    raise self.error(token, e)
  File "C:\Users\maksk\AppData\Local\Packages\PythonSoftwareFoundation.Python.3.11_qbz5n2kfra8p0\LocalCache\local-packages\Python311\site-packages\django\template\base.py", line 516, in parse
    compiled_result = compile_func(self, token)
                      ^^^^^^^^^^^^^^^^^^^^^^^^^
  File "C:\Users\maksk\AppData\Local\Packages\PythonSoftwareFoundation.Python.3.11_qbz5n2kfra8p0\LocalCache\local-packages\Python311\site-packages\django\template\defaulttags.py", line 862, in do_for
    nodelist_loop = parser.parse(
                    ^^^^^^^^^^^^^
  File "C:\Users\maksk\AppData\Local\Packages\PythonSoftwareFoundation.Python.3.11_qbz5n2kfra8p0\LocalCache\local-packages\Python311\site-packages\django\template\base.py", line 518, in parse
    raise self.error(token, e)
  File "C:\Users\maksk\AppData\Local\Packages\PythonSoftwareFoundation.Python.3.11_qbz5n2kfra8p0\LocalCache\local-packages\Python311\site-packages\django\template\base.py", line 516, in parse
    compiled_result = compile_func(self, token)
                      ^^^^^^^^^^^^^^^^^^^^^^^^^
  File "C:\Users\maksk\AppData\Local\Packages\PythonSoftwareFoundation.Python.3.11_qbz5n2kfra8p0\LocalCache\local-packages\Python311\site-packages\django\template\defaulttags.py", line 962, in do_if
    nodelist = parser.parse(("elif", "else", "endif"))
               ^^^^^^^^^^^^^^^^^^^^^^^^^^^^^^^^^^^^^^^
  File "C:\Users\maksk\AppData\Local\Packages\PythonSoftwareFoundation.Python.3.11_qbz5n2kfra8p0\LocalCache\local-packages\Python311\site-packages\django\template\base.py", line 518, in parse
    raise self.error(token, e)
  File "C:\Users\maksk\AppData\Local\Packages\PythonSoftwareFoundation.Python.3.11_qbz5n2kfra8p0\LocalCache\local-packages\Python311\site-packages\django\template\base.py", line 516, in parse
    compiled_result = compile_func(self, token)
                      ^^^^^^^^^^^^^^^^^^^^^^^^^
  File "C:\Users\maksk\AppData\Local\Packages\PythonSoftwareFoundation.Python.3.11_qbz5n2kfra8p0\LocalCache\local-packages\Python311\site-packages\django\template\defaulttags.py", line 1540, in do_with
    nodelist = parser.parse(("endwith",))
               ^^^^^^^^^^^^^^^^^^^^^^^^^^
  File "C:\Users\maksk\AppData\Local\Packages\PythonSoftwareFoundation.Python.3.11_qbz5n2kfra8p0\LocalCache\local-packages\Python311\site-packages\django\template\base.py", line 512, in parse
    self.invalid_block_tag(token, command, parse_until)
  File "C:\Users\maksk\AppData\Local\Packages\PythonSoftwareFoundation.Python.3.11_qbz5n2kfra8p0\LocalCache\local-packages\Python311\site-packages\django\template\base.py", line 563, in invalid_block_tag
    raise self.error(
django.template.exceptions.TemplateSyntaxError: Invalid block tag on line 145: 'endif', expected 'endwith'. Did you forget to register or load this tag?
2024-09-19 14:50:40,155 - INFO - Вызвана главная страница
2024-09-19 14:52:04,173 - INFO - Вызвана страница всех бонусов
2024-09-19 14:52:04,207 - ERROR - Internal Server Error: /all-items/
Traceback (most recent call last):
  File "C:\Users\maksk\AppData\Local\Packages\PythonSoftwareFoundation.Python.3.11_qbz5n2kfra8p0\LocalCache\local-packages\Python311\site-packages\django\template\base.py", line 510, in parse
    compile_func = self.tags[command]
                   ~~~~~~~~~^^^^^^^^^
KeyError: 'endif'

During handling of the above exception, another exception occurred:

Traceback (most recent call last):
  File "C:\Users\maksk\AppData\Local\Packages\PythonSoftwareFoundation.Python.3.11_qbz5n2kfra8p0\LocalCache\local-packages\Python311\site-packages\django\core\handlers\exception.py", line 55, in inner
    response = get_response(request)
               ^^^^^^^^^^^^^^^^^^^^^
  File "C:\Users\maksk\AppData\Local\Packages\PythonSoftwareFoundation.Python.3.11_qbz5n2kfra8p0\LocalCache\local-packages\Python311\site-packages\django\core\handlers\base.py", line 197, in _get_response
    response = wrapped_callback(request, *callback_args, **callback_kwargs)
               ^^^^^^^^^^^^^^^^^^^^^^^^^^^^^^^^^^^^^^^^^^^^^^^^^^^^^^^^^^^^
  File "C:\Users\maksk\Desktop\lab5\rent_cars\users\views.py", line 317, in all_items
    return render(request, 'users/all_items.html', {'penalties': penalties, 'promo_codes': promo_codes, 'discounts': discounts})
           ^^^^^^^^^^^^^^^^^^^^^^^^^^^^^^^^^^^^^^^^^^^^^^^^^^^^^^^^^^^^^^^^^^^^^^^^^^^^^^^^^^^^^^^^^^^^^^^^^^^^^^^^^^^^^^^^^^^^^
  File "C:\Users\maksk\AppData\Local\Packages\PythonSoftwareFoundation.Python.3.11_qbz5n2kfra8p0\LocalCache\local-packages\Python311\site-packages\django\shortcuts.py", line 25, in render
    content = loader.render_to_string(template_name, context, request, using=using)
              ^^^^^^^^^^^^^^^^^^^^^^^^^^^^^^^^^^^^^^^^^^^^^^^^^^^^^^^^^^^^^^^^^^^^^
  File "C:\Users\maksk\AppData\Local\Packages\PythonSoftwareFoundation.Python.3.11_qbz5n2kfra8p0\LocalCache\local-packages\Python311\site-packages\django\template\loader.py", line 61, in render_to_string
    template = get_template(template_name, using=using)
               ^^^^^^^^^^^^^^^^^^^^^^^^^^^^^^^^^^^^^^^^
  File "C:\Users\maksk\AppData\Local\Packages\PythonSoftwareFoundation.Python.3.11_qbz5n2kfra8p0\LocalCache\local-packages\Python311\site-packages\django\template\loader.py", line 15, in get_template
    return engine.get_template(template_name)
           ^^^^^^^^^^^^^^^^^^^^^^^^^^^^^^^^^^
  File "C:\Users\maksk\AppData\Local\Packages\PythonSoftwareFoundation.Python.3.11_qbz5n2kfra8p0\LocalCache\local-packages\Python311\site-packages\django\template\backends\django.py", line 79, in get_template
    return Template(self.engine.get_template(template_name), self)
                    ^^^^^^^^^^^^^^^^^^^^^^^^^^^^^^^^^^^^^^^
  File "C:\Users\maksk\AppData\Local\Packages\PythonSoftwareFoundation.Python.3.11_qbz5n2kfra8p0\LocalCache\local-packages\Python311\site-packages\django\template\engine.py", line 177, in get_template
    template, origin = self.find_template(template_name)
                       ^^^^^^^^^^^^^^^^^^^^^^^^^^^^^^^^^
  File "C:\Users\maksk\AppData\Local\Packages\PythonSoftwareFoundation.Python.3.11_qbz5n2kfra8p0\LocalCache\local-packages\Python311\site-packages\django\template\engine.py", line 159, in find_template
    template = loader.get_template(name, skip=skip)
               ^^^^^^^^^^^^^^^^^^^^^^^^^^^^^^^^^^^^
  File "C:\Users\maksk\AppData\Local\Packages\PythonSoftwareFoundation.Python.3.11_qbz5n2kfra8p0\LocalCache\local-packages\Python311\site-packages\django\template\loaders\cached.py", line 57, in get_template
    template = super().get_template(template_name, skip)
               ^^^^^^^^^^^^^^^^^^^^^^^^^^^^^^^^^^^^^^^^^
  File "C:\Users\maksk\AppData\Local\Packages\PythonSoftwareFoundation.Python.3.11_qbz5n2kfra8p0\LocalCache\local-packages\Python311\site-packages\django\template\loaders\base.py", line 28, in get_template
    return Template(
           ^^^^^^^^^
  File "C:\Users\maksk\AppData\Local\Packages\PythonSoftwareFoundation.Python.3.11_qbz5n2kfra8p0\LocalCache\local-packages\Python311\site-packages\django\template\base.py", line 154, in __init__
    self.nodelist = self.compile_nodelist()
                    ^^^^^^^^^^^^^^^^^^^^^^^
  File "C:\Users\maksk\AppData\Local\Packages\PythonSoftwareFoundation.Python.3.11_qbz5n2kfra8p0\LocalCache\local-packages\Python311\site-packages\django\template\base.py", line 196, in compile_nodelist
    nodelist = parser.parse()
               ^^^^^^^^^^^^^^
  File "C:\Users\maksk\AppData\Local\Packages\PythonSoftwareFoundation.Python.3.11_qbz5n2kfra8p0\LocalCache\local-packages\Python311\site-packages\django\template\base.py", line 518, in parse
    raise self.error(token, e)
  File "C:\Users\maksk\AppData\Local\Packages\PythonSoftwareFoundation.Python.3.11_qbz5n2kfra8p0\LocalCache\local-packages\Python311\site-packages\django\template\base.py", line 516, in parse
    compiled_result = compile_func(self, token)
                      ^^^^^^^^^^^^^^^^^^^^^^^^^
  File "C:\Users\maksk\AppData\Local\Packages\PythonSoftwareFoundation.Python.3.11_qbz5n2kfra8p0\LocalCache\local-packages\Python311\site-packages\django\template\loader_tags.py", line 295, in do_extends
    nodelist = parser.parse()
               ^^^^^^^^^^^^^^
  File "C:\Users\maksk\AppData\Local\Packages\PythonSoftwareFoundation.Python.3.11_qbz5n2kfra8p0\LocalCache\local-packages\Python311\site-packages\django\template\base.py", line 518, in parse
    raise self.error(token, e)
  File "C:\Users\maksk\AppData\Local\Packages\PythonSoftwareFoundation.Python.3.11_qbz5n2kfra8p0\LocalCache\local-packages\Python311\site-packages\django\template\base.py", line 516, in parse
    compiled_result = compile_func(self, token)
                      ^^^^^^^^^^^^^^^^^^^^^^^^^
  File "C:\Users\maksk\AppData\Local\Packages\PythonSoftwareFoundation.Python.3.11_qbz5n2kfra8p0\LocalCache\local-packages\Python311\site-packages\django\template\loader_tags.py", line 234, in do_block
    nodelist = parser.parse(("endblock",))
               ^^^^^^^^^^^^^^^^^^^^^^^^^^^
  File "C:\Users\maksk\AppData\Local\Packages\PythonSoftwareFoundation.Python.3.11_qbz5n2kfra8p0\LocalCache\local-packages\Python311\site-packages\django\template\base.py", line 518, in parse
    raise self.error(token, e)
  File "C:\Users\maksk\AppData\Local\Packages\PythonSoftwareFoundation.Python.3.11_qbz5n2kfra8p0\LocalCache\local-packages\Python311\site-packages\django\template\base.py", line 516, in parse
    compiled_result = compile_func(self, token)
                      ^^^^^^^^^^^^^^^^^^^^^^^^^
  File "C:\Users\maksk\AppData\Local\Packages\PythonSoftwareFoundation.Python.3.11_qbz5n2kfra8p0\LocalCache\local-packages\Python311\site-packages\django\template\defaulttags.py", line 862, in do_for
    nodelist_loop = parser.parse(
                    ^^^^^^^^^^^^^
  File "C:\Users\maksk\AppData\Local\Packages\PythonSoftwareFoundation.Python.3.11_qbz5n2kfra8p0\LocalCache\local-packages\Python311\site-packages\django\template\base.py", line 518, in parse
    raise self.error(token, e)
  File "C:\Users\maksk\AppData\Local\Packages\PythonSoftwareFoundation.Python.3.11_qbz5n2kfra8p0\LocalCache\local-packages\Python311\site-packages\django\template\base.py", line 516, in parse
    compiled_result = compile_func(self, token)
                      ^^^^^^^^^^^^^^^^^^^^^^^^^
  File "C:\Users\maksk\AppData\Local\Packages\PythonSoftwareFoundation.Python.3.11_qbz5n2kfra8p0\LocalCache\local-packages\Python311\site-packages\django\template\defaulttags.py", line 962, in do_if
    nodelist = parser.parse(("elif", "else", "endif"))
               ^^^^^^^^^^^^^^^^^^^^^^^^^^^^^^^^^^^^^^^
  File "C:\Users\maksk\AppData\Local\Packages\PythonSoftwareFoundation.Python.3.11_qbz5n2kfra8p0\LocalCache\local-packages\Python311\site-packages\django\template\base.py", line 518, in parse
    raise self.error(token, e)
  File "C:\Users\maksk\AppData\Local\Packages\PythonSoftwareFoundation.Python.3.11_qbz5n2kfra8p0\LocalCache\local-packages\Python311\site-packages\django\template\base.py", line 516, in parse
    compiled_result = compile_func(self, token)
                      ^^^^^^^^^^^^^^^^^^^^^^^^^
  File "C:\Users\maksk\AppData\Local\Packages\PythonSoftwareFoundation.Python.3.11_qbz5n2kfra8p0\LocalCache\local-packages\Python311\site-packages\django\template\defaulttags.py", line 1540, in do_with
    nodelist = parser.parse(("endwith",))
               ^^^^^^^^^^^^^^^^^^^^^^^^^^
  File "C:\Users\maksk\AppData\Local\Packages\PythonSoftwareFoundation.Python.3.11_qbz5n2kfra8p0\LocalCache\local-packages\Python311\site-packages\django\template\base.py", line 512, in parse
    self.invalid_block_tag(token, command, parse_until)
  File "C:\Users\maksk\AppData\Local\Packages\PythonSoftwareFoundation.Python.3.11_qbz5n2kfra8p0\LocalCache\local-packages\Python311\site-packages\django\template\base.py", line 563, in invalid_block_tag
    raise self.error(
django.template.exceptions.TemplateSyntaxError: Invalid block tag on line 150: 'endif', expected 'endwith'. Did you forget to register or load this tag?
2024-09-19 14:52:04,663 - INFO - Вызвана страница всех бонусов
2024-09-19 14:52:04,692 - ERROR - Internal Server Error: /all-items/
Traceback (most recent call last):
  File "C:\Users\maksk\AppData\Local\Packages\PythonSoftwareFoundation.Python.3.11_qbz5n2kfra8p0\LocalCache\local-packages\Python311\site-packages\django\template\base.py", line 510, in parse
    compile_func = self.tags[command]
                   ~~~~~~~~~^^^^^^^^^
KeyError: 'endif'

During handling of the above exception, another exception occurred:

Traceback (most recent call last):
  File "C:\Users\maksk\AppData\Local\Packages\PythonSoftwareFoundation.Python.3.11_qbz5n2kfra8p0\LocalCache\local-packages\Python311\site-packages\django\core\handlers\exception.py", line 55, in inner
    response = get_response(request)
               ^^^^^^^^^^^^^^^^^^^^^
  File "C:\Users\maksk\AppData\Local\Packages\PythonSoftwareFoundation.Python.3.11_qbz5n2kfra8p0\LocalCache\local-packages\Python311\site-packages\django\core\handlers\base.py", line 197, in _get_response
    response = wrapped_callback(request, *callback_args, **callback_kwargs)
               ^^^^^^^^^^^^^^^^^^^^^^^^^^^^^^^^^^^^^^^^^^^^^^^^^^^^^^^^^^^^
  File "C:\Users\maksk\Desktop\lab5\rent_cars\users\views.py", line 317, in all_items
    return render(request, 'users/all_items.html', {'penalties': penalties, 'promo_codes': promo_codes, 'discounts': discounts})
           ^^^^^^^^^^^^^^^^^^^^^^^^^^^^^^^^^^^^^^^^^^^^^^^^^^^^^^^^^^^^^^^^^^^^^^^^^^^^^^^^^^^^^^^^^^^^^^^^^^^^^^^^^^^^^^^^^^^^^
  File "C:\Users\maksk\AppData\Local\Packages\PythonSoftwareFoundation.Python.3.11_qbz5n2kfra8p0\LocalCache\local-packages\Python311\site-packages\django\shortcuts.py", line 25, in render
    content = loader.render_to_string(template_name, context, request, using=using)
              ^^^^^^^^^^^^^^^^^^^^^^^^^^^^^^^^^^^^^^^^^^^^^^^^^^^^^^^^^^^^^^^^^^^^^
  File "C:\Users\maksk\AppData\Local\Packages\PythonSoftwareFoundation.Python.3.11_qbz5n2kfra8p0\LocalCache\local-packages\Python311\site-packages\django\template\loader.py", line 61, in render_to_string
    template = get_template(template_name, using=using)
               ^^^^^^^^^^^^^^^^^^^^^^^^^^^^^^^^^^^^^^^^
  File "C:\Users\maksk\AppData\Local\Packages\PythonSoftwareFoundation.Python.3.11_qbz5n2kfra8p0\LocalCache\local-packages\Python311\site-packages\django\template\loader.py", line 15, in get_template
    return engine.get_template(template_name)
           ^^^^^^^^^^^^^^^^^^^^^^^^^^^^^^^^^^
  File "C:\Users\maksk\AppData\Local\Packages\PythonSoftwareFoundation.Python.3.11_qbz5n2kfra8p0\LocalCache\local-packages\Python311\site-packages\django\template\backends\django.py", line 79, in get_template
    return Template(self.engine.get_template(template_name), self)
                    ^^^^^^^^^^^^^^^^^^^^^^^^^^^^^^^^^^^^^^^
  File "C:\Users\maksk\AppData\Local\Packages\PythonSoftwareFoundation.Python.3.11_qbz5n2kfra8p0\LocalCache\local-packages\Python311\site-packages\django\template\engine.py", line 177, in get_template
    template, origin = self.find_template(template_name)
                       ^^^^^^^^^^^^^^^^^^^^^^^^^^^^^^^^^
  File "C:\Users\maksk\AppData\Local\Packages\PythonSoftwareFoundation.Python.3.11_qbz5n2kfra8p0\LocalCache\local-packages\Python311\site-packages\django\template\engine.py", line 159, in find_template
    template = loader.get_template(name, skip=skip)
               ^^^^^^^^^^^^^^^^^^^^^^^^^^^^^^^^^^^^
  File "C:\Users\maksk\AppData\Local\Packages\PythonSoftwareFoundation.Python.3.11_qbz5n2kfra8p0\LocalCache\local-packages\Python311\site-packages\django\template\loaders\cached.py", line 57, in get_template
    template = super().get_template(template_name, skip)
               ^^^^^^^^^^^^^^^^^^^^^^^^^^^^^^^^^^^^^^^^^
  File "C:\Users\maksk\AppData\Local\Packages\PythonSoftwareFoundation.Python.3.11_qbz5n2kfra8p0\LocalCache\local-packages\Python311\site-packages\django\template\loaders\base.py", line 28, in get_template
    return Template(
           ^^^^^^^^^
  File "C:\Users\maksk\AppData\Local\Packages\PythonSoftwareFoundation.Python.3.11_qbz5n2kfra8p0\LocalCache\local-packages\Python311\site-packages\django\template\base.py", line 154, in __init__
    self.nodelist = self.compile_nodelist()
                    ^^^^^^^^^^^^^^^^^^^^^^^
  File "C:\Users\maksk\AppData\Local\Packages\PythonSoftwareFoundation.Python.3.11_qbz5n2kfra8p0\LocalCache\local-packages\Python311\site-packages\django\template\base.py", line 196, in compile_nodelist
    nodelist = parser.parse()
               ^^^^^^^^^^^^^^
  File "C:\Users\maksk\AppData\Local\Packages\PythonSoftwareFoundation.Python.3.11_qbz5n2kfra8p0\LocalCache\local-packages\Python311\site-packages\django\template\base.py", line 518, in parse
    raise self.error(token, e)
  File "C:\Users\maksk\AppData\Local\Packages\PythonSoftwareFoundation.Python.3.11_qbz5n2kfra8p0\LocalCache\local-packages\Python311\site-packages\django\template\base.py", line 516, in parse
    compiled_result = compile_func(self, token)
                      ^^^^^^^^^^^^^^^^^^^^^^^^^
  File "C:\Users\maksk\AppData\Local\Packages\PythonSoftwareFoundation.Python.3.11_qbz5n2kfra8p0\LocalCache\local-packages\Python311\site-packages\django\template\loader_tags.py", line 295, in do_extends
    nodelist = parser.parse()
               ^^^^^^^^^^^^^^
  File "C:\Users\maksk\AppData\Local\Packages\PythonSoftwareFoundation.Python.3.11_qbz5n2kfra8p0\LocalCache\local-packages\Python311\site-packages\django\template\base.py", line 518, in parse
    raise self.error(token, e)
  File "C:\Users\maksk\AppData\Local\Packages\PythonSoftwareFoundation.Python.3.11_qbz5n2kfra8p0\LocalCache\local-packages\Python311\site-packages\django\template\base.py", line 516, in parse
    compiled_result = compile_func(self, token)
                      ^^^^^^^^^^^^^^^^^^^^^^^^^
  File "C:\Users\maksk\AppData\Local\Packages\PythonSoftwareFoundation.Python.3.11_qbz5n2kfra8p0\LocalCache\local-packages\Python311\site-packages\django\template\loader_tags.py", line 234, in do_block
    nodelist = parser.parse(("endblock",))
               ^^^^^^^^^^^^^^^^^^^^^^^^^^^
  File "C:\Users\maksk\AppData\Local\Packages\PythonSoftwareFoundation.Python.3.11_qbz5n2kfra8p0\LocalCache\local-packages\Python311\site-packages\django\template\base.py", line 518, in parse
    raise self.error(token, e)
  File "C:\Users\maksk\AppData\Local\Packages\PythonSoftwareFoundation.Python.3.11_qbz5n2kfra8p0\LocalCache\local-packages\Python311\site-packages\django\template\base.py", line 516, in parse
    compiled_result = compile_func(self, token)
                      ^^^^^^^^^^^^^^^^^^^^^^^^^
  File "C:\Users\maksk\AppData\Local\Packages\PythonSoftwareFoundation.Python.3.11_qbz5n2kfra8p0\LocalCache\local-packages\Python311\site-packages\django\template\defaulttags.py", line 862, in do_for
    nodelist_loop = parser.parse(
                    ^^^^^^^^^^^^^
  File "C:\Users\maksk\AppData\Local\Packages\PythonSoftwareFoundation.Python.3.11_qbz5n2kfra8p0\LocalCache\local-packages\Python311\site-packages\django\template\base.py", line 518, in parse
    raise self.error(token, e)
  File "C:\Users\maksk\AppData\Local\Packages\PythonSoftwareFoundation.Python.3.11_qbz5n2kfra8p0\LocalCache\local-packages\Python311\site-packages\django\template\base.py", line 516, in parse
    compiled_result = compile_func(self, token)
                      ^^^^^^^^^^^^^^^^^^^^^^^^^
  File "C:\Users\maksk\AppData\Local\Packages\PythonSoftwareFoundation.Python.3.11_qbz5n2kfra8p0\LocalCache\local-packages\Python311\site-packages\django\template\defaulttags.py", line 962, in do_if
    nodelist = parser.parse(("elif", "else", "endif"))
               ^^^^^^^^^^^^^^^^^^^^^^^^^^^^^^^^^^^^^^^
  File "C:\Users\maksk\AppData\Local\Packages\PythonSoftwareFoundation.Python.3.11_qbz5n2kfra8p0\LocalCache\local-packages\Python311\site-packages\django\template\base.py", line 518, in parse
    raise self.error(token, e)
  File "C:\Users\maksk\AppData\Local\Packages\PythonSoftwareFoundation.Python.3.11_qbz5n2kfra8p0\LocalCache\local-packages\Python311\site-packages\django\template\base.py", line 516, in parse
    compiled_result = compile_func(self, token)
                      ^^^^^^^^^^^^^^^^^^^^^^^^^
  File "C:\Users\maksk\AppData\Local\Packages\PythonSoftwareFoundation.Python.3.11_qbz5n2kfra8p0\LocalCache\local-packages\Python311\site-packages\django\template\defaulttags.py", line 1540, in do_with
    nodelist = parser.parse(("endwith",))
               ^^^^^^^^^^^^^^^^^^^^^^^^^^
  File "C:\Users\maksk\AppData\Local\Packages\PythonSoftwareFoundation.Python.3.11_qbz5n2kfra8p0\LocalCache\local-packages\Python311\site-packages\django\template\base.py", line 512, in parse
    self.invalid_block_tag(token, command, parse_until)
  File "C:\Users\maksk\AppData\Local\Packages\PythonSoftwareFoundation.Python.3.11_qbz5n2kfra8p0\LocalCache\local-packages\Python311\site-packages\django\template\base.py", line 563, in invalid_block_tag
    raise self.error(
django.template.exceptions.TemplateSyntaxError: Invalid block tag on line 150: 'endif', expected 'endwith'. Did you forget to register or load this tag?
2024-09-19 14:52:04,835 - INFO - Вызвана страница всех бонусов
2024-09-19 14:52:04,869 - ERROR - Internal Server Error: /all-items/
Traceback (most recent call last):
  File "C:\Users\maksk\AppData\Local\Packages\PythonSoftwareFoundation.Python.3.11_qbz5n2kfra8p0\LocalCache\local-packages\Python311\site-packages\django\template\base.py", line 510, in parse
    compile_func = self.tags[command]
                   ~~~~~~~~~^^^^^^^^^
KeyError: 'endif'

During handling of the above exception, another exception occurred:

Traceback (most recent call last):
  File "C:\Users\maksk\AppData\Local\Packages\PythonSoftwareFoundation.Python.3.11_qbz5n2kfra8p0\LocalCache\local-packages\Python311\site-packages\django\core\handlers\exception.py", line 55, in inner
    response = get_response(request)
               ^^^^^^^^^^^^^^^^^^^^^
  File "C:\Users\maksk\AppData\Local\Packages\PythonSoftwareFoundation.Python.3.11_qbz5n2kfra8p0\LocalCache\local-packages\Python311\site-packages\django\core\handlers\base.py", line 197, in _get_response
    response = wrapped_callback(request, *callback_args, **callback_kwargs)
               ^^^^^^^^^^^^^^^^^^^^^^^^^^^^^^^^^^^^^^^^^^^^^^^^^^^^^^^^^^^^
  File "C:\Users\maksk\Desktop\lab5\rent_cars\users\views.py", line 317, in all_items
    return render(request, 'users/all_items.html', {'penalties': penalties, 'promo_codes': promo_codes, 'discounts': discounts})
           ^^^^^^^^^^^^^^^^^^^^^^^^^^^^^^^^^^^^^^^^^^^^^^^^^^^^^^^^^^^^^^^^^^^^^^^^^^^^^^^^^^^^^^^^^^^^^^^^^^^^^^^^^^^^^^^^^^^^^
  File "C:\Users\maksk\AppData\Local\Packages\PythonSoftwareFoundation.Python.3.11_qbz5n2kfra8p0\LocalCache\local-packages\Python311\site-packages\django\shortcuts.py", line 25, in render
    content = loader.render_to_string(template_name, context, request, using=using)
              ^^^^^^^^^^^^^^^^^^^^^^^^^^^^^^^^^^^^^^^^^^^^^^^^^^^^^^^^^^^^^^^^^^^^^
  File "C:\Users\maksk\AppData\Local\Packages\PythonSoftwareFoundation.Python.3.11_qbz5n2kfra8p0\LocalCache\local-packages\Python311\site-packages\django\template\loader.py", line 61, in render_to_string
    template = get_template(template_name, using=using)
               ^^^^^^^^^^^^^^^^^^^^^^^^^^^^^^^^^^^^^^^^
  File "C:\Users\maksk\AppData\Local\Packages\PythonSoftwareFoundation.Python.3.11_qbz5n2kfra8p0\LocalCache\local-packages\Python311\site-packages\django\template\loader.py", line 15, in get_template
    return engine.get_template(template_name)
           ^^^^^^^^^^^^^^^^^^^^^^^^^^^^^^^^^^
  File "C:\Users\maksk\AppData\Local\Packages\PythonSoftwareFoundation.Python.3.11_qbz5n2kfra8p0\LocalCache\local-packages\Python311\site-packages\django\template\backends\django.py", line 79, in get_template
    return Template(self.engine.get_template(template_name), self)
                    ^^^^^^^^^^^^^^^^^^^^^^^^^^^^^^^^^^^^^^^
  File "C:\Users\maksk\AppData\Local\Packages\PythonSoftwareFoundation.Python.3.11_qbz5n2kfra8p0\LocalCache\local-packages\Python311\site-packages\django\template\engine.py", line 177, in get_template
    template, origin = self.find_template(template_name)
                       ^^^^^^^^^^^^^^^^^^^^^^^^^^^^^^^^^
  File "C:\Users\maksk\AppData\Local\Packages\PythonSoftwareFoundation.Python.3.11_qbz5n2kfra8p0\LocalCache\local-packages\Python311\site-packages\django\template\engine.py", line 159, in find_template
    template = loader.get_template(name, skip=skip)
               ^^^^^^^^^^^^^^^^^^^^^^^^^^^^^^^^^^^^
  File "C:\Users\maksk\AppData\Local\Packages\PythonSoftwareFoundation.Python.3.11_qbz5n2kfra8p0\LocalCache\local-packages\Python311\site-packages\django\template\loaders\cached.py", line 57, in get_template
    template = super().get_template(template_name, skip)
               ^^^^^^^^^^^^^^^^^^^^^^^^^^^^^^^^^^^^^^^^^
  File "C:\Users\maksk\AppData\Local\Packages\PythonSoftwareFoundation.Python.3.11_qbz5n2kfra8p0\LocalCache\local-packages\Python311\site-packages\django\template\loaders\base.py", line 28, in get_template
    return Template(
           ^^^^^^^^^
  File "C:\Users\maksk\AppData\Local\Packages\PythonSoftwareFoundation.Python.3.11_qbz5n2kfra8p0\LocalCache\local-packages\Python311\site-packages\django\template\base.py", line 154, in __init__
    self.nodelist = self.compile_nodelist()
                    ^^^^^^^^^^^^^^^^^^^^^^^
  File "C:\Users\maksk\AppData\Local\Packages\PythonSoftwareFoundation.Python.3.11_qbz5n2kfra8p0\LocalCache\local-packages\Python311\site-packages\django\template\base.py", line 196, in compile_nodelist
    nodelist = parser.parse()
               ^^^^^^^^^^^^^^
  File "C:\Users\maksk\AppData\Local\Packages\PythonSoftwareFoundation.Python.3.11_qbz5n2kfra8p0\LocalCache\local-packages\Python311\site-packages\django\template\base.py", line 518, in parse
    raise self.error(token, e)
  File "C:\Users\maksk\AppData\Local\Packages\PythonSoftwareFoundation.Python.3.11_qbz5n2kfra8p0\LocalCache\local-packages\Python311\site-packages\django\template\base.py", line 516, in parse
    compiled_result = compile_func(self, token)
                      ^^^^^^^^^^^^^^^^^^^^^^^^^
  File "C:\Users\maksk\AppData\Local\Packages\PythonSoftwareFoundation.Python.3.11_qbz5n2kfra8p0\LocalCache\local-packages\Python311\site-packages\django\template\loader_tags.py", line 295, in do_extends
    nodelist = parser.parse()
               ^^^^^^^^^^^^^^
  File "C:\Users\maksk\AppData\Local\Packages\PythonSoftwareFoundation.Python.3.11_qbz5n2kfra8p0\LocalCache\local-packages\Python311\site-packages\django\template\base.py", line 518, in parse
    raise self.error(token, e)
  File "C:\Users\maksk\AppData\Local\Packages\PythonSoftwareFoundation.Python.3.11_qbz5n2kfra8p0\LocalCache\local-packages\Python311\site-packages\django\template\base.py", line 516, in parse
    compiled_result = compile_func(self, token)
                      ^^^^^^^^^^^^^^^^^^^^^^^^^
  File "C:\Users\maksk\AppData\Local\Packages\PythonSoftwareFoundation.Python.3.11_qbz5n2kfra8p0\LocalCache\local-packages\Python311\site-packages\django\template\loader_tags.py", line 234, in do_block
    nodelist = parser.parse(("endblock",))
               ^^^^^^^^^^^^^^^^^^^^^^^^^^^
  File "C:\Users\maksk\AppData\Local\Packages\PythonSoftwareFoundation.Python.3.11_qbz5n2kfra8p0\LocalCache\local-packages\Python311\site-packages\django\template\base.py", line 518, in parse
    raise self.error(token, e)
  File "C:\Users\maksk\AppData\Local\Packages\PythonSoftwareFoundation.Python.3.11_qbz5n2kfra8p0\LocalCache\local-packages\Python311\site-packages\django\template\base.py", line 516, in parse
    compiled_result = compile_func(self, token)
                      ^^^^^^^^^^^^^^^^^^^^^^^^^
  File "C:\Users\maksk\AppData\Local\Packages\PythonSoftwareFoundation.Python.3.11_qbz5n2kfra8p0\LocalCache\local-packages\Python311\site-packages\django\template\defaulttags.py", line 862, in do_for
    nodelist_loop = parser.parse(
                    ^^^^^^^^^^^^^
  File "C:\Users\maksk\AppData\Local\Packages\PythonSoftwareFoundation.Python.3.11_qbz5n2kfra8p0\LocalCache\local-packages\Python311\site-packages\django\template\base.py", line 518, in parse
    raise self.error(token, e)
  File "C:\Users\maksk\AppData\Local\Packages\PythonSoftwareFoundation.Python.3.11_qbz5n2kfra8p0\LocalCache\local-packages\Python311\site-packages\django\template\base.py", line 516, in parse
    compiled_result = compile_func(self, token)
                      ^^^^^^^^^^^^^^^^^^^^^^^^^
  File "C:\Users\maksk\AppData\Local\Packages\PythonSoftwareFoundation.Python.3.11_qbz5n2kfra8p0\LocalCache\local-packages\Python311\site-packages\django\template\defaulttags.py", line 962, in do_if
    nodelist = parser.parse(("elif", "else", "endif"))
               ^^^^^^^^^^^^^^^^^^^^^^^^^^^^^^^^^^^^^^^
  File "C:\Users\maksk\AppData\Local\Packages\PythonSoftwareFoundation.Python.3.11_qbz5n2kfra8p0\LocalCache\local-packages\Python311\site-packages\django\template\base.py", line 518, in parse
    raise self.error(token, e)
  File "C:\Users\maksk\AppData\Local\Packages\PythonSoftwareFoundation.Python.3.11_qbz5n2kfra8p0\LocalCache\local-packages\Python311\site-packages\django\template\base.py", line 516, in parse
    compiled_result = compile_func(self, token)
                      ^^^^^^^^^^^^^^^^^^^^^^^^^
  File "C:\Users\maksk\AppData\Local\Packages\PythonSoftwareFoundation.Python.3.11_qbz5n2kfra8p0\LocalCache\local-packages\Python311\site-packages\django\template\defaulttags.py", line 1540, in do_with
    nodelist = parser.parse(("endwith",))
               ^^^^^^^^^^^^^^^^^^^^^^^^^^
  File "C:\Users\maksk\AppData\Local\Packages\PythonSoftwareFoundation.Python.3.11_qbz5n2kfra8p0\LocalCache\local-packages\Python311\site-packages\django\template\base.py", line 512, in parse
    self.invalid_block_tag(token, command, parse_until)
  File "C:\Users\maksk\AppData\Local\Packages\PythonSoftwareFoundation.Python.3.11_qbz5n2kfra8p0\LocalCache\local-packages\Python311\site-packages\django\template\base.py", line 563, in invalid_block_tag
    raise self.error(
django.template.exceptions.TemplateSyntaxError: Invalid block tag on line 150: 'endif', expected 'endwith'. Did you forget to register or load this tag?
2024-09-19 14:52:05,003 - INFO - Вызвана страница всех бонусов
2024-09-19 14:52:05,031 - ERROR - Internal Server Error: /all-items/
Traceback (most recent call last):
  File "C:\Users\maksk\AppData\Local\Packages\PythonSoftwareFoundation.Python.3.11_qbz5n2kfra8p0\LocalCache\local-packages\Python311\site-packages\django\template\base.py", line 510, in parse
    compile_func = self.tags[command]
                   ~~~~~~~~~^^^^^^^^^
KeyError: 'endif'

During handling of the above exception, another exception occurred:

Traceback (most recent call last):
  File "C:\Users\maksk\AppData\Local\Packages\PythonSoftwareFoundation.Python.3.11_qbz5n2kfra8p0\LocalCache\local-packages\Python311\site-packages\django\core\handlers\exception.py", line 55, in inner
    response = get_response(request)
               ^^^^^^^^^^^^^^^^^^^^^
  File "C:\Users\maksk\AppData\Local\Packages\PythonSoftwareFoundation.Python.3.11_qbz5n2kfra8p0\LocalCache\local-packages\Python311\site-packages\django\core\handlers\base.py", line 197, in _get_response
    response = wrapped_callback(request, *callback_args, **callback_kwargs)
               ^^^^^^^^^^^^^^^^^^^^^^^^^^^^^^^^^^^^^^^^^^^^^^^^^^^^^^^^^^^^
  File "C:\Users\maksk\Desktop\lab5\rent_cars\users\views.py", line 317, in all_items
    return render(request, 'users/all_items.html', {'penalties': penalties, 'promo_codes': promo_codes, 'discounts': discounts})
           ^^^^^^^^^^^^^^^^^^^^^^^^^^^^^^^^^^^^^^^^^^^^^^^^^^^^^^^^^^^^^^^^^^^^^^^^^^^^^^^^^^^^^^^^^^^^^^^^^^^^^^^^^^^^^^^^^^^^^
  File "C:\Users\maksk\AppData\Local\Packages\PythonSoftwareFoundation.Python.3.11_qbz5n2kfra8p0\LocalCache\local-packages\Python311\site-packages\django\shortcuts.py", line 25, in render
    content = loader.render_to_string(template_name, context, request, using=using)
              ^^^^^^^^^^^^^^^^^^^^^^^^^^^^^^^^^^^^^^^^^^^^^^^^^^^^^^^^^^^^^^^^^^^^^
  File "C:\Users\maksk\AppData\Local\Packages\PythonSoftwareFoundation.Python.3.11_qbz5n2kfra8p0\LocalCache\local-packages\Python311\site-packages\django\template\loader.py", line 61, in render_to_string
    template = get_template(template_name, using=using)
               ^^^^^^^^^^^^^^^^^^^^^^^^^^^^^^^^^^^^^^^^
  File "C:\Users\maksk\AppData\Local\Packages\PythonSoftwareFoundation.Python.3.11_qbz5n2kfra8p0\LocalCache\local-packages\Python311\site-packages\django\template\loader.py", line 15, in get_template
    return engine.get_template(template_name)
           ^^^^^^^^^^^^^^^^^^^^^^^^^^^^^^^^^^
  File "C:\Users\maksk\AppData\Local\Packages\PythonSoftwareFoundation.Python.3.11_qbz5n2kfra8p0\LocalCache\local-packages\Python311\site-packages\django\template\backends\django.py", line 79, in get_template
    return Template(self.engine.get_template(template_name), self)
                    ^^^^^^^^^^^^^^^^^^^^^^^^^^^^^^^^^^^^^^^
  File "C:\Users\maksk\AppData\Local\Packages\PythonSoftwareFoundation.Python.3.11_qbz5n2kfra8p0\LocalCache\local-packages\Python311\site-packages\django\template\engine.py", line 177, in get_template
    template, origin = self.find_template(template_name)
                       ^^^^^^^^^^^^^^^^^^^^^^^^^^^^^^^^^
  File "C:\Users\maksk\AppData\Local\Packages\PythonSoftwareFoundation.Python.3.11_qbz5n2kfra8p0\LocalCache\local-packages\Python311\site-packages\django\template\engine.py", line 159, in find_template
    template = loader.get_template(name, skip=skip)
               ^^^^^^^^^^^^^^^^^^^^^^^^^^^^^^^^^^^^
  File "C:\Users\maksk\AppData\Local\Packages\PythonSoftwareFoundation.Python.3.11_qbz5n2kfra8p0\LocalCache\local-packages\Python311\site-packages\django\template\loaders\cached.py", line 57, in get_template
    template = super().get_template(template_name, skip)
               ^^^^^^^^^^^^^^^^^^^^^^^^^^^^^^^^^^^^^^^^^
  File "C:\Users\maksk\AppData\Local\Packages\PythonSoftwareFoundation.Python.3.11_qbz5n2kfra8p0\LocalCache\local-packages\Python311\site-packages\django\template\loaders\base.py", line 28, in get_template
    return Template(
           ^^^^^^^^^
  File "C:\Users\maksk\AppData\Local\Packages\PythonSoftwareFoundation.Python.3.11_qbz5n2kfra8p0\LocalCache\local-packages\Python311\site-packages\django\template\base.py", line 154, in __init__
    self.nodelist = self.compile_nodelist()
                    ^^^^^^^^^^^^^^^^^^^^^^^
  File "C:\Users\maksk\AppData\Local\Packages\PythonSoftwareFoundation.Python.3.11_qbz5n2kfra8p0\LocalCache\local-packages\Python311\site-packages\django\template\base.py", line 196, in compile_nodelist
    nodelist = parser.parse()
               ^^^^^^^^^^^^^^
  File "C:\Users\maksk\AppData\Local\Packages\PythonSoftwareFoundation.Python.3.11_qbz5n2kfra8p0\LocalCache\local-packages\Python311\site-packages\django\template\base.py", line 518, in parse
    raise self.error(token, e)
  File "C:\Users\maksk\AppData\Local\Packages\PythonSoftwareFoundation.Python.3.11_qbz5n2kfra8p0\LocalCache\local-packages\Python311\site-packages\django\template\base.py", line 516, in parse
    compiled_result = compile_func(self, token)
                      ^^^^^^^^^^^^^^^^^^^^^^^^^
  File "C:\Users\maksk\AppData\Local\Packages\PythonSoftwareFoundation.Python.3.11_qbz5n2kfra8p0\LocalCache\local-packages\Python311\site-packages\django\template\loader_tags.py", line 295, in do_extends
    nodelist = parser.parse()
               ^^^^^^^^^^^^^^
  File "C:\Users\maksk\AppData\Local\Packages\PythonSoftwareFoundation.Python.3.11_qbz5n2kfra8p0\LocalCache\local-packages\Python311\site-packages\django\template\base.py", line 518, in parse
    raise self.error(token, e)
  File "C:\Users\maksk\AppData\Local\Packages\PythonSoftwareFoundation.Python.3.11_qbz5n2kfra8p0\LocalCache\local-packages\Python311\site-packages\django\template\base.py", line 516, in parse
    compiled_result = compile_func(self, token)
                      ^^^^^^^^^^^^^^^^^^^^^^^^^
  File "C:\Users\maksk\AppData\Local\Packages\PythonSoftwareFoundation.Python.3.11_qbz5n2kfra8p0\LocalCache\local-packages\Python311\site-packages\django\template\loader_tags.py", line 234, in do_block
    nodelist = parser.parse(("endblock",))
               ^^^^^^^^^^^^^^^^^^^^^^^^^^^
  File "C:\Users\maksk\AppData\Local\Packages\PythonSoftwareFoundation.Python.3.11_qbz5n2kfra8p0\LocalCache\local-packages\Python311\site-packages\django\template\base.py", line 518, in parse
    raise self.error(token, e)
  File "C:\Users\maksk\AppData\Local\Packages\PythonSoftwareFoundation.Python.3.11_qbz5n2kfra8p0\LocalCache\local-packages\Python311\site-packages\django\template\base.py", line 516, in parse
    compiled_result = compile_func(self, token)
                      ^^^^^^^^^^^^^^^^^^^^^^^^^
  File "C:\Users\maksk\AppData\Local\Packages\PythonSoftwareFoundation.Python.3.11_qbz5n2kfra8p0\LocalCache\local-packages\Python311\site-packages\django\template\defaulttags.py", line 862, in do_for
    nodelist_loop = parser.parse(
                    ^^^^^^^^^^^^^
  File "C:\Users\maksk\AppData\Local\Packages\PythonSoftwareFoundation.Python.3.11_qbz5n2kfra8p0\LocalCache\local-packages\Python311\site-packages\django\template\base.py", line 518, in parse
    raise self.error(token, e)
  File "C:\Users\maksk\AppData\Local\Packages\PythonSoftwareFoundation.Python.3.11_qbz5n2kfra8p0\LocalCache\local-packages\Python311\site-packages\django\template\base.py", line 516, in parse
    compiled_result = compile_func(self, token)
                      ^^^^^^^^^^^^^^^^^^^^^^^^^
  File "C:\Users\maksk\AppData\Local\Packages\PythonSoftwareFoundation.Python.3.11_qbz5n2kfra8p0\LocalCache\local-packages\Python311\site-packages\django\template\defaulttags.py", line 962, in do_if
    nodelist = parser.parse(("elif", "else", "endif"))
               ^^^^^^^^^^^^^^^^^^^^^^^^^^^^^^^^^^^^^^^
  File "C:\Users\maksk\AppData\Local\Packages\PythonSoftwareFoundation.Python.3.11_qbz5n2kfra8p0\LocalCache\local-packages\Python311\site-packages\django\template\base.py", line 518, in parse
    raise self.error(token, e)
  File "C:\Users\maksk\AppData\Local\Packages\PythonSoftwareFoundation.Python.3.11_qbz5n2kfra8p0\LocalCache\local-packages\Python311\site-packages\django\template\base.py", line 516, in parse
    compiled_result = compile_func(self, token)
                      ^^^^^^^^^^^^^^^^^^^^^^^^^
  File "C:\Users\maksk\AppData\Local\Packages\PythonSoftwareFoundation.Python.3.11_qbz5n2kfra8p0\LocalCache\local-packages\Python311\site-packages\django\template\defaulttags.py", line 1540, in do_with
    nodelist = parser.parse(("endwith",))
               ^^^^^^^^^^^^^^^^^^^^^^^^^^
  File "C:\Users\maksk\AppData\Local\Packages\PythonSoftwareFoundation.Python.3.11_qbz5n2kfra8p0\LocalCache\local-packages\Python311\site-packages\django\template\base.py", line 512, in parse
    self.invalid_block_tag(token, command, parse_until)
  File "C:\Users\maksk\AppData\Local\Packages\PythonSoftwareFoundation.Python.3.11_qbz5n2kfra8p0\LocalCache\local-packages\Python311\site-packages\django\template\base.py", line 563, in invalid_block_tag
    raise self.error(
django.template.exceptions.TemplateSyntaxError: Invalid block tag on line 150: 'endif', expected 'endwith'. Did you forget to register or load this tag?
2024-09-19 14:52:05,124 - INFO - Вызвана страница всех бонусов
2024-09-19 14:52:05,152 - ERROR - Internal Server Error: /all-items/
Traceback (most recent call last):
  File "C:\Users\maksk\AppData\Local\Packages\PythonSoftwareFoundation.Python.3.11_qbz5n2kfra8p0\LocalCache\local-packages\Python311\site-packages\django\template\base.py", line 510, in parse
    compile_func = self.tags[command]
                   ~~~~~~~~~^^^^^^^^^
KeyError: 'endif'

During handling of the above exception, another exception occurred:

Traceback (most recent call last):
  File "C:\Users\maksk\AppData\Local\Packages\PythonSoftwareFoundation.Python.3.11_qbz5n2kfra8p0\LocalCache\local-packages\Python311\site-packages\django\core\handlers\exception.py", line 55, in inner
    response = get_response(request)
               ^^^^^^^^^^^^^^^^^^^^^
  File "C:\Users\maksk\AppData\Local\Packages\PythonSoftwareFoundation.Python.3.11_qbz5n2kfra8p0\LocalCache\local-packages\Python311\site-packages\django\core\handlers\base.py", line 197, in _get_response
    response = wrapped_callback(request, *callback_args, **callback_kwargs)
               ^^^^^^^^^^^^^^^^^^^^^^^^^^^^^^^^^^^^^^^^^^^^^^^^^^^^^^^^^^^^
  File "C:\Users\maksk\Desktop\lab5\rent_cars\users\views.py", line 317, in all_items
    return render(request, 'users/all_items.html', {'penalties': penalties, 'promo_codes': promo_codes, 'discounts': discounts})
           ^^^^^^^^^^^^^^^^^^^^^^^^^^^^^^^^^^^^^^^^^^^^^^^^^^^^^^^^^^^^^^^^^^^^^^^^^^^^^^^^^^^^^^^^^^^^^^^^^^^^^^^^^^^^^^^^^^^^^
  File "C:\Users\maksk\AppData\Local\Packages\PythonSoftwareFoundation.Python.3.11_qbz5n2kfra8p0\LocalCache\local-packages\Python311\site-packages\django\shortcuts.py", line 25, in render
    content = loader.render_to_string(template_name, context, request, using=using)
              ^^^^^^^^^^^^^^^^^^^^^^^^^^^^^^^^^^^^^^^^^^^^^^^^^^^^^^^^^^^^^^^^^^^^^
  File "C:\Users\maksk\AppData\Local\Packages\PythonSoftwareFoundation.Python.3.11_qbz5n2kfra8p0\LocalCache\local-packages\Python311\site-packages\django\template\loader.py", line 61, in render_to_string
    template = get_template(template_name, using=using)
               ^^^^^^^^^^^^^^^^^^^^^^^^^^^^^^^^^^^^^^^^
  File "C:\Users\maksk\AppData\Local\Packages\PythonSoftwareFoundation.Python.3.11_qbz5n2kfra8p0\LocalCache\local-packages\Python311\site-packages\django\template\loader.py", line 15, in get_template
    return engine.get_template(template_name)
           ^^^^^^^^^^^^^^^^^^^^^^^^^^^^^^^^^^
  File "C:\Users\maksk\AppData\Local\Packages\PythonSoftwareFoundation.Python.3.11_qbz5n2kfra8p0\LocalCache\local-packages\Python311\site-packages\django\template\backends\django.py", line 79, in get_template
    return Template(self.engine.get_template(template_name), self)
                    ^^^^^^^^^^^^^^^^^^^^^^^^^^^^^^^^^^^^^^^
  File "C:\Users\maksk\AppData\Local\Packages\PythonSoftwareFoundation.Python.3.11_qbz5n2kfra8p0\LocalCache\local-packages\Python311\site-packages\django\template\engine.py", line 177, in get_template
    template, origin = self.find_template(template_name)
                       ^^^^^^^^^^^^^^^^^^^^^^^^^^^^^^^^^
  File "C:\Users\maksk\AppData\Local\Packages\PythonSoftwareFoundation.Python.3.11_qbz5n2kfra8p0\LocalCache\local-packages\Python311\site-packages\django\template\engine.py", line 159, in find_template
    template = loader.get_template(name, skip=skip)
               ^^^^^^^^^^^^^^^^^^^^^^^^^^^^^^^^^^^^
  File "C:\Users\maksk\AppData\Local\Packages\PythonSoftwareFoundation.Python.3.11_qbz5n2kfra8p0\LocalCache\local-packages\Python311\site-packages\django\template\loaders\cached.py", line 57, in get_template
    template = super().get_template(template_name, skip)
               ^^^^^^^^^^^^^^^^^^^^^^^^^^^^^^^^^^^^^^^^^
  File "C:\Users\maksk\AppData\Local\Packages\PythonSoftwareFoundation.Python.3.11_qbz5n2kfra8p0\LocalCache\local-packages\Python311\site-packages\django\template\loaders\base.py", line 28, in get_template
    return Template(
           ^^^^^^^^^
  File "C:\Users\maksk\AppData\Local\Packages\PythonSoftwareFoundation.Python.3.11_qbz5n2kfra8p0\LocalCache\local-packages\Python311\site-packages\django\template\base.py", line 154, in __init__
    self.nodelist = self.compile_nodelist()
                    ^^^^^^^^^^^^^^^^^^^^^^^
  File "C:\Users\maksk\AppData\Local\Packages\PythonSoftwareFoundation.Python.3.11_qbz5n2kfra8p0\LocalCache\local-packages\Python311\site-packages\django\template\base.py", line 196, in compile_nodelist
    nodelist = parser.parse()
               ^^^^^^^^^^^^^^
  File "C:\Users\maksk\AppData\Local\Packages\PythonSoftwareFoundation.Python.3.11_qbz5n2kfra8p0\LocalCache\local-packages\Python311\site-packages\django\template\base.py", line 518, in parse
    raise self.error(token, e)
  File "C:\Users\maksk\AppData\Local\Packages\PythonSoftwareFoundation.Python.3.11_qbz5n2kfra8p0\LocalCache\local-packages\Python311\site-packages\django\template\base.py", line 516, in parse
    compiled_result = compile_func(self, token)
                      ^^^^^^^^^^^^^^^^^^^^^^^^^
  File "C:\Users\maksk\AppData\Local\Packages\PythonSoftwareFoundation.Python.3.11_qbz5n2kfra8p0\LocalCache\local-packages\Python311\site-packages\django\template\loader_tags.py", line 295, in do_extends
    nodelist = parser.parse()
               ^^^^^^^^^^^^^^
  File "C:\Users\maksk\AppData\Local\Packages\PythonSoftwareFoundation.Python.3.11_qbz5n2kfra8p0\LocalCache\local-packages\Python311\site-packages\django\template\base.py", line 518, in parse
    raise self.error(token, e)
  File "C:\Users\maksk\AppData\Local\Packages\PythonSoftwareFoundation.Python.3.11_qbz5n2kfra8p0\LocalCache\local-packages\Python311\site-packages\django\template\base.py", line 516, in parse
    compiled_result = compile_func(self, token)
                      ^^^^^^^^^^^^^^^^^^^^^^^^^
  File "C:\Users\maksk\AppData\Local\Packages\PythonSoftwareFoundation.Python.3.11_qbz5n2kfra8p0\LocalCache\local-packages\Python311\site-packages\django\template\loader_tags.py", line 234, in do_block
    nodelist = parser.parse(("endblock",))
               ^^^^^^^^^^^^^^^^^^^^^^^^^^^
  File "C:\Users\maksk\AppData\Local\Packages\PythonSoftwareFoundation.Python.3.11_qbz5n2kfra8p0\LocalCache\local-packages\Python311\site-packages\django\template\base.py", line 518, in parse
    raise self.error(token, e)
  File "C:\Users\maksk\AppData\Local\Packages\PythonSoftwareFoundation.Python.3.11_qbz5n2kfra8p0\LocalCache\local-packages\Python311\site-packages\django\template\base.py", line 516, in parse
    compiled_result = compile_func(self, token)
                      ^^^^^^^^^^^^^^^^^^^^^^^^^
  File "C:\Users\maksk\AppData\Local\Packages\PythonSoftwareFoundation.Python.3.11_qbz5n2kfra8p0\LocalCache\local-packages\Python311\site-packages\django\template\defaulttags.py", line 862, in do_for
    nodelist_loop = parser.parse(
                    ^^^^^^^^^^^^^
  File "C:\Users\maksk\AppData\Local\Packages\PythonSoftwareFoundation.Python.3.11_qbz5n2kfra8p0\LocalCache\local-packages\Python311\site-packages\django\template\base.py", line 518, in parse
    raise self.error(token, e)
  File "C:\Users\maksk\AppData\Local\Packages\PythonSoftwareFoundation.Python.3.11_qbz5n2kfra8p0\LocalCache\local-packages\Python311\site-packages\django\template\base.py", line 516, in parse
    compiled_result = compile_func(self, token)
                      ^^^^^^^^^^^^^^^^^^^^^^^^^
  File "C:\Users\maksk\AppData\Local\Packages\PythonSoftwareFoundation.Python.3.11_qbz5n2kfra8p0\LocalCache\local-packages\Python311\site-packages\django\template\defaulttags.py", line 962, in do_if
    nodelist = parser.parse(("elif", "else", "endif"))
               ^^^^^^^^^^^^^^^^^^^^^^^^^^^^^^^^^^^^^^^
  File "C:\Users\maksk\AppData\Local\Packages\PythonSoftwareFoundation.Python.3.11_qbz5n2kfra8p0\LocalCache\local-packages\Python311\site-packages\django\template\base.py", line 518, in parse
    raise self.error(token, e)
  File "C:\Users\maksk\AppData\Local\Packages\PythonSoftwareFoundation.Python.3.11_qbz5n2kfra8p0\LocalCache\local-packages\Python311\site-packages\django\template\base.py", line 516, in parse
    compiled_result = compile_func(self, token)
                      ^^^^^^^^^^^^^^^^^^^^^^^^^
  File "C:\Users\maksk\AppData\Local\Packages\PythonSoftwareFoundation.Python.3.11_qbz5n2kfra8p0\LocalCache\local-packages\Python311\site-packages\django\template\defaulttags.py", line 1540, in do_with
    nodelist = parser.parse(("endwith",))
               ^^^^^^^^^^^^^^^^^^^^^^^^^^
  File "C:\Users\maksk\AppData\Local\Packages\PythonSoftwareFoundation.Python.3.11_qbz5n2kfra8p0\LocalCache\local-packages\Python311\site-packages\django\template\base.py", line 512, in parse
    self.invalid_block_tag(token, command, parse_until)
  File "C:\Users\maksk\AppData\Local\Packages\PythonSoftwareFoundation.Python.3.11_qbz5n2kfra8p0\LocalCache\local-packages\Python311\site-packages\django\template\base.py", line 563, in invalid_block_tag
    raise self.error(
django.template.exceptions.TemplateSyntaxError: Invalid block tag on line 150: 'endif', expected 'endwith'. Did you forget to register or load this tag?
2024-09-19 14:52:34,017 - INFO - Вызвана страница всех бонусов
2024-09-19 14:52:34,046 - ERROR - Internal Server Error: /all-items/
Traceback (most recent call last):
  File "C:\Users\maksk\AppData\Local\Packages\PythonSoftwareFoundation.Python.3.11_qbz5n2kfra8p0\LocalCache\local-packages\Python311\site-packages\django\template\base.py", line 510, in parse
    compile_func = self.tags[command]
                   ~~~~~~~~~^^^^^^^^^
KeyError: 'endif'

During handling of the above exception, another exception occurred:

Traceback (most recent call last):
  File "C:\Users\maksk\AppData\Local\Packages\PythonSoftwareFoundation.Python.3.11_qbz5n2kfra8p0\LocalCache\local-packages\Python311\site-packages\django\core\handlers\exception.py", line 55, in inner
    response = get_response(request)
               ^^^^^^^^^^^^^^^^^^^^^
  File "C:\Users\maksk\AppData\Local\Packages\PythonSoftwareFoundation.Python.3.11_qbz5n2kfra8p0\LocalCache\local-packages\Python311\site-packages\django\core\handlers\base.py", line 197, in _get_response
    response = wrapped_callback(request, *callback_args, **callback_kwargs)
               ^^^^^^^^^^^^^^^^^^^^^^^^^^^^^^^^^^^^^^^^^^^^^^^^^^^^^^^^^^^^
  File "C:\Users\maksk\Desktop\lab5\rent_cars\users\views.py", line 317, in all_items
    return render(request, 'users/all_items.html', {'penalties': penalties, 'promo_codes': promo_codes, 'discounts': discounts})
           ^^^^^^^^^^^^^^^^^^^^^^^^^^^^^^^^^^^^^^^^^^^^^^^^^^^^^^^^^^^^^^^^^^^^^^^^^^^^^^^^^^^^^^^^^^^^^^^^^^^^^^^^^^^^^^^^^^^^^
  File "C:\Users\maksk\AppData\Local\Packages\PythonSoftwareFoundation.Python.3.11_qbz5n2kfra8p0\LocalCache\local-packages\Python311\site-packages\django\shortcuts.py", line 25, in render
    content = loader.render_to_string(template_name, context, request, using=using)
              ^^^^^^^^^^^^^^^^^^^^^^^^^^^^^^^^^^^^^^^^^^^^^^^^^^^^^^^^^^^^^^^^^^^^^
  File "C:\Users\maksk\AppData\Local\Packages\PythonSoftwareFoundation.Python.3.11_qbz5n2kfra8p0\LocalCache\local-packages\Python311\site-packages\django\template\loader.py", line 61, in render_to_string
    template = get_template(template_name, using=using)
               ^^^^^^^^^^^^^^^^^^^^^^^^^^^^^^^^^^^^^^^^
  File "C:\Users\maksk\AppData\Local\Packages\PythonSoftwareFoundation.Python.3.11_qbz5n2kfra8p0\LocalCache\local-packages\Python311\site-packages\django\template\loader.py", line 15, in get_template
    return engine.get_template(template_name)
           ^^^^^^^^^^^^^^^^^^^^^^^^^^^^^^^^^^
  File "C:\Users\maksk\AppData\Local\Packages\PythonSoftwareFoundation.Python.3.11_qbz5n2kfra8p0\LocalCache\local-packages\Python311\site-packages\django\template\backends\django.py", line 79, in get_template
    return Template(self.engine.get_template(template_name), self)
                    ^^^^^^^^^^^^^^^^^^^^^^^^^^^^^^^^^^^^^^^
  File "C:\Users\maksk\AppData\Local\Packages\PythonSoftwareFoundation.Python.3.11_qbz5n2kfra8p0\LocalCache\local-packages\Python311\site-packages\django\template\engine.py", line 177, in get_template
    template, origin = self.find_template(template_name)
                       ^^^^^^^^^^^^^^^^^^^^^^^^^^^^^^^^^
  File "C:\Users\maksk\AppData\Local\Packages\PythonSoftwareFoundation.Python.3.11_qbz5n2kfra8p0\LocalCache\local-packages\Python311\site-packages\django\template\engine.py", line 159, in find_template
    template = loader.get_template(name, skip=skip)
               ^^^^^^^^^^^^^^^^^^^^^^^^^^^^^^^^^^^^
  File "C:\Users\maksk\AppData\Local\Packages\PythonSoftwareFoundation.Python.3.11_qbz5n2kfra8p0\LocalCache\local-packages\Python311\site-packages\django\template\loaders\cached.py", line 57, in get_template
    template = super().get_template(template_name, skip)
               ^^^^^^^^^^^^^^^^^^^^^^^^^^^^^^^^^^^^^^^^^
  File "C:\Users\maksk\AppData\Local\Packages\PythonSoftwareFoundation.Python.3.11_qbz5n2kfra8p0\LocalCache\local-packages\Python311\site-packages\django\template\loaders\base.py", line 28, in get_template
    return Template(
           ^^^^^^^^^
  File "C:\Users\maksk\AppData\Local\Packages\PythonSoftwareFoundation.Python.3.11_qbz5n2kfra8p0\LocalCache\local-packages\Python311\site-packages\django\template\base.py", line 154, in __init__
    self.nodelist = self.compile_nodelist()
                    ^^^^^^^^^^^^^^^^^^^^^^^
  File "C:\Users\maksk\AppData\Local\Packages\PythonSoftwareFoundation.Python.3.11_qbz5n2kfra8p0\LocalCache\local-packages\Python311\site-packages\django\template\base.py", line 196, in compile_nodelist
    nodelist = parser.parse()
               ^^^^^^^^^^^^^^
  File "C:\Users\maksk\AppData\Local\Packages\PythonSoftwareFoundation.Python.3.11_qbz5n2kfra8p0\LocalCache\local-packages\Python311\site-packages\django\template\base.py", line 518, in parse
    raise self.error(token, e)
  File "C:\Users\maksk\AppData\Local\Packages\PythonSoftwareFoundation.Python.3.11_qbz5n2kfra8p0\LocalCache\local-packages\Python311\site-packages\django\template\base.py", line 516, in parse
    compiled_result = compile_func(self, token)
                      ^^^^^^^^^^^^^^^^^^^^^^^^^
  File "C:\Users\maksk\AppData\Local\Packages\PythonSoftwareFoundation.Python.3.11_qbz5n2kfra8p0\LocalCache\local-packages\Python311\site-packages\django\template\loader_tags.py", line 295, in do_extends
    nodelist = parser.parse()
               ^^^^^^^^^^^^^^
  File "C:\Users\maksk\AppData\Local\Packages\PythonSoftwareFoundation.Python.3.11_qbz5n2kfra8p0\LocalCache\local-packages\Python311\site-packages\django\template\base.py", line 518, in parse
    raise self.error(token, e)
  File "C:\Users\maksk\AppData\Local\Packages\PythonSoftwareFoundation.Python.3.11_qbz5n2kfra8p0\LocalCache\local-packages\Python311\site-packages\django\template\base.py", line 516, in parse
    compiled_result = compile_func(self, token)
                      ^^^^^^^^^^^^^^^^^^^^^^^^^
  File "C:\Users\maksk\AppData\Local\Packages\PythonSoftwareFoundation.Python.3.11_qbz5n2kfra8p0\LocalCache\local-packages\Python311\site-packages\django\template\loader_tags.py", line 234, in do_block
    nodelist = parser.parse(("endblock",))
               ^^^^^^^^^^^^^^^^^^^^^^^^^^^
  File "C:\Users\maksk\AppData\Local\Packages\PythonSoftwareFoundation.Python.3.11_qbz5n2kfra8p0\LocalCache\local-packages\Python311\site-packages\django\template\base.py", line 518, in parse
    raise self.error(token, e)
  File "C:\Users\maksk\AppData\Local\Packages\PythonSoftwareFoundation.Python.3.11_qbz5n2kfra8p0\LocalCache\local-packages\Python311\site-packages\django\template\base.py", line 516, in parse
    compiled_result = compile_func(self, token)
                      ^^^^^^^^^^^^^^^^^^^^^^^^^
  File "C:\Users\maksk\AppData\Local\Packages\PythonSoftwareFoundation.Python.3.11_qbz5n2kfra8p0\LocalCache\local-packages\Python311\site-packages\django\template\defaulttags.py", line 862, in do_for
    nodelist_loop = parser.parse(
                    ^^^^^^^^^^^^^
  File "C:\Users\maksk\AppData\Local\Packages\PythonSoftwareFoundation.Python.3.11_qbz5n2kfra8p0\LocalCache\local-packages\Python311\site-packages\django\template\base.py", line 518, in parse
    raise self.error(token, e)
  File "C:\Users\maksk\AppData\Local\Packages\PythonSoftwareFoundation.Python.3.11_qbz5n2kfra8p0\LocalCache\local-packages\Python311\site-packages\django\template\base.py", line 516, in parse
    compiled_result = compile_func(self, token)
                      ^^^^^^^^^^^^^^^^^^^^^^^^^
  File "C:\Users\maksk\AppData\Local\Packages\PythonSoftwareFoundation.Python.3.11_qbz5n2kfra8p0\LocalCache\local-packages\Python311\site-packages\django\template\defaulttags.py", line 962, in do_if
    nodelist = parser.parse(("elif", "else", "endif"))
               ^^^^^^^^^^^^^^^^^^^^^^^^^^^^^^^^^^^^^^^
  File "C:\Users\maksk\AppData\Local\Packages\PythonSoftwareFoundation.Python.3.11_qbz5n2kfra8p0\LocalCache\local-packages\Python311\site-packages\django\template\base.py", line 518, in parse
    raise self.error(token, e)
  File "C:\Users\maksk\AppData\Local\Packages\PythonSoftwareFoundation.Python.3.11_qbz5n2kfra8p0\LocalCache\local-packages\Python311\site-packages\django\template\base.py", line 516, in parse
    compiled_result = compile_func(self, token)
                      ^^^^^^^^^^^^^^^^^^^^^^^^^
  File "C:\Users\maksk\AppData\Local\Packages\PythonSoftwareFoundation.Python.3.11_qbz5n2kfra8p0\LocalCache\local-packages\Python311\site-packages\django\template\defaulttags.py", line 1540, in do_with
    nodelist = parser.parse(("endwith",))
               ^^^^^^^^^^^^^^^^^^^^^^^^^^
  File "C:\Users\maksk\AppData\Local\Packages\PythonSoftwareFoundation.Python.3.11_qbz5n2kfra8p0\LocalCache\local-packages\Python311\site-packages\django\template\base.py", line 512, in parse
    self.invalid_block_tag(token, command, parse_until)
  File "C:\Users\maksk\AppData\Local\Packages\PythonSoftwareFoundation.Python.3.11_qbz5n2kfra8p0\LocalCache\local-packages\Python311\site-packages\django\template\base.py", line 563, in invalid_block_tag
    raise self.error(
django.template.exceptions.TemplateSyntaxError: Invalid block tag on line 150: 'endif', expected 'endwith'. Did you forget to register or load this tag?
2024-09-19 14:52:34,447 - INFO - Вызвана страница всех бонусов
2024-09-19 14:52:34,478 - ERROR - Internal Server Error: /all-items/
Traceback (most recent call last):
  File "C:\Users\maksk\AppData\Local\Packages\PythonSoftwareFoundation.Python.3.11_qbz5n2kfra8p0\LocalCache\local-packages\Python311\site-packages\django\template\base.py", line 510, in parse
    compile_func = self.tags[command]
                   ~~~~~~~~~^^^^^^^^^
KeyError: 'endif'

During handling of the above exception, another exception occurred:

Traceback (most recent call last):
  File "C:\Users\maksk\AppData\Local\Packages\PythonSoftwareFoundation.Python.3.11_qbz5n2kfra8p0\LocalCache\local-packages\Python311\site-packages\django\core\handlers\exception.py", line 55, in inner
    response = get_response(request)
               ^^^^^^^^^^^^^^^^^^^^^
  File "C:\Users\maksk\AppData\Local\Packages\PythonSoftwareFoundation.Python.3.11_qbz5n2kfra8p0\LocalCache\local-packages\Python311\site-packages\django\core\handlers\base.py", line 197, in _get_response
    response = wrapped_callback(request, *callback_args, **callback_kwargs)
               ^^^^^^^^^^^^^^^^^^^^^^^^^^^^^^^^^^^^^^^^^^^^^^^^^^^^^^^^^^^^
  File "C:\Users\maksk\Desktop\lab5\rent_cars\users\views.py", line 317, in all_items
    return render(request, 'users/all_items.html', {'penalties': penalties, 'promo_codes': promo_codes, 'discounts': discounts})
           ^^^^^^^^^^^^^^^^^^^^^^^^^^^^^^^^^^^^^^^^^^^^^^^^^^^^^^^^^^^^^^^^^^^^^^^^^^^^^^^^^^^^^^^^^^^^^^^^^^^^^^^^^^^^^^^^^^^^^
  File "C:\Users\maksk\AppData\Local\Packages\PythonSoftwareFoundation.Python.3.11_qbz5n2kfra8p0\LocalCache\local-packages\Python311\site-packages\django\shortcuts.py", line 25, in render
    content = loader.render_to_string(template_name, context, request, using=using)
              ^^^^^^^^^^^^^^^^^^^^^^^^^^^^^^^^^^^^^^^^^^^^^^^^^^^^^^^^^^^^^^^^^^^^^
  File "C:\Users\maksk\AppData\Local\Packages\PythonSoftwareFoundation.Python.3.11_qbz5n2kfra8p0\LocalCache\local-packages\Python311\site-packages\django\template\loader.py", line 61, in render_to_string
    template = get_template(template_name, using=using)
               ^^^^^^^^^^^^^^^^^^^^^^^^^^^^^^^^^^^^^^^^
  File "C:\Users\maksk\AppData\Local\Packages\PythonSoftwareFoundation.Python.3.11_qbz5n2kfra8p0\LocalCache\local-packages\Python311\site-packages\django\template\loader.py", line 15, in get_template
    return engine.get_template(template_name)
           ^^^^^^^^^^^^^^^^^^^^^^^^^^^^^^^^^^
  File "C:\Users\maksk\AppData\Local\Packages\PythonSoftwareFoundation.Python.3.11_qbz5n2kfra8p0\LocalCache\local-packages\Python311\site-packages\django\template\backends\django.py", line 79, in get_template
    return Template(self.engine.get_template(template_name), self)
                    ^^^^^^^^^^^^^^^^^^^^^^^^^^^^^^^^^^^^^^^
  File "C:\Users\maksk\AppData\Local\Packages\PythonSoftwareFoundation.Python.3.11_qbz5n2kfra8p0\LocalCache\local-packages\Python311\site-packages\django\template\engine.py", line 177, in get_template
    template, origin = self.find_template(template_name)
                       ^^^^^^^^^^^^^^^^^^^^^^^^^^^^^^^^^
  File "C:\Users\maksk\AppData\Local\Packages\PythonSoftwareFoundation.Python.3.11_qbz5n2kfra8p0\LocalCache\local-packages\Python311\site-packages\django\template\engine.py", line 159, in find_template
    template = loader.get_template(name, skip=skip)
               ^^^^^^^^^^^^^^^^^^^^^^^^^^^^^^^^^^^^
  File "C:\Users\maksk\AppData\Local\Packages\PythonSoftwareFoundation.Python.3.11_qbz5n2kfra8p0\LocalCache\local-packages\Python311\site-packages\django\template\loaders\cached.py", line 57, in get_template
    template = super().get_template(template_name, skip)
               ^^^^^^^^^^^^^^^^^^^^^^^^^^^^^^^^^^^^^^^^^
  File "C:\Users\maksk\AppData\Local\Packages\PythonSoftwareFoundation.Python.3.11_qbz5n2kfra8p0\LocalCache\local-packages\Python311\site-packages\django\template\loaders\base.py", line 28, in get_template
    return Template(
           ^^^^^^^^^
  File "C:\Users\maksk\AppData\Local\Packages\PythonSoftwareFoundation.Python.3.11_qbz5n2kfra8p0\LocalCache\local-packages\Python311\site-packages\django\template\base.py", line 154, in __init__
    self.nodelist = self.compile_nodelist()
                    ^^^^^^^^^^^^^^^^^^^^^^^
  File "C:\Users\maksk\AppData\Local\Packages\PythonSoftwareFoundation.Python.3.11_qbz5n2kfra8p0\LocalCache\local-packages\Python311\site-packages\django\template\base.py", line 196, in compile_nodelist
    nodelist = parser.parse()
               ^^^^^^^^^^^^^^
  File "C:\Users\maksk\AppData\Local\Packages\PythonSoftwareFoundation.Python.3.11_qbz5n2kfra8p0\LocalCache\local-packages\Python311\site-packages\django\template\base.py", line 518, in parse
    raise self.error(token, e)
  File "C:\Users\maksk\AppData\Local\Packages\PythonSoftwareFoundation.Python.3.11_qbz5n2kfra8p0\LocalCache\local-packages\Python311\site-packages\django\template\base.py", line 516, in parse
    compiled_result = compile_func(self, token)
                      ^^^^^^^^^^^^^^^^^^^^^^^^^
  File "C:\Users\maksk\AppData\Local\Packages\PythonSoftwareFoundation.Python.3.11_qbz5n2kfra8p0\LocalCache\local-packages\Python311\site-packages\django\template\loader_tags.py", line 295, in do_extends
    nodelist = parser.parse()
               ^^^^^^^^^^^^^^
  File "C:\Users\maksk\AppData\Local\Packages\PythonSoftwareFoundation.Python.3.11_qbz5n2kfra8p0\LocalCache\local-packages\Python311\site-packages\django\template\base.py", line 518, in parse
    raise self.error(token, e)
  File "C:\Users\maksk\AppData\Local\Packages\PythonSoftwareFoundation.Python.3.11_qbz5n2kfra8p0\LocalCache\local-packages\Python311\site-packages\django\template\base.py", line 516, in parse
    compiled_result = compile_func(self, token)
                      ^^^^^^^^^^^^^^^^^^^^^^^^^
  File "C:\Users\maksk\AppData\Local\Packages\PythonSoftwareFoundation.Python.3.11_qbz5n2kfra8p0\LocalCache\local-packages\Python311\site-packages\django\template\loader_tags.py", line 234, in do_block
    nodelist = parser.parse(("endblock",))
               ^^^^^^^^^^^^^^^^^^^^^^^^^^^
  File "C:\Users\maksk\AppData\Local\Packages\PythonSoftwareFoundation.Python.3.11_qbz5n2kfra8p0\LocalCache\local-packages\Python311\site-packages\django\template\base.py", line 518, in parse
    raise self.error(token, e)
  File "C:\Users\maksk\AppData\Local\Packages\PythonSoftwareFoundation.Python.3.11_qbz5n2kfra8p0\LocalCache\local-packages\Python311\site-packages\django\template\base.py", line 516, in parse
    compiled_result = compile_func(self, token)
                      ^^^^^^^^^^^^^^^^^^^^^^^^^
  File "C:\Users\maksk\AppData\Local\Packages\PythonSoftwareFoundation.Python.3.11_qbz5n2kfra8p0\LocalCache\local-packages\Python311\site-packages\django\template\defaulttags.py", line 862, in do_for
    nodelist_loop = parser.parse(
                    ^^^^^^^^^^^^^
  File "C:\Users\maksk\AppData\Local\Packages\PythonSoftwareFoundation.Python.3.11_qbz5n2kfra8p0\LocalCache\local-packages\Python311\site-packages\django\template\base.py", line 518, in parse
    raise self.error(token, e)
  File "C:\Users\maksk\AppData\Local\Packages\PythonSoftwareFoundation.Python.3.11_qbz5n2kfra8p0\LocalCache\local-packages\Python311\site-packages\django\template\base.py", line 516, in parse
    compiled_result = compile_func(self, token)
                      ^^^^^^^^^^^^^^^^^^^^^^^^^
  File "C:\Users\maksk\AppData\Local\Packages\PythonSoftwareFoundation.Python.3.11_qbz5n2kfra8p0\LocalCache\local-packages\Python311\site-packages\django\template\defaulttags.py", line 962, in do_if
    nodelist = parser.parse(("elif", "else", "endif"))
               ^^^^^^^^^^^^^^^^^^^^^^^^^^^^^^^^^^^^^^^
  File "C:\Users\maksk\AppData\Local\Packages\PythonSoftwareFoundation.Python.3.11_qbz5n2kfra8p0\LocalCache\local-packages\Python311\site-packages\django\template\base.py", line 518, in parse
    raise self.error(token, e)
  File "C:\Users\maksk\AppData\Local\Packages\PythonSoftwareFoundation.Python.3.11_qbz5n2kfra8p0\LocalCache\local-packages\Python311\site-packages\django\template\base.py", line 516, in parse
    compiled_result = compile_func(self, token)
                      ^^^^^^^^^^^^^^^^^^^^^^^^^
  File "C:\Users\maksk\AppData\Local\Packages\PythonSoftwareFoundation.Python.3.11_qbz5n2kfra8p0\LocalCache\local-packages\Python311\site-packages\django\template\defaulttags.py", line 1540, in do_with
    nodelist = parser.parse(("endwith",))
               ^^^^^^^^^^^^^^^^^^^^^^^^^^
  File "C:\Users\maksk\AppData\Local\Packages\PythonSoftwareFoundation.Python.3.11_qbz5n2kfra8p0\LocalCache\local-packages\Python311\site-packages\django\template\base.py", line 512, in parse
    self.invalid_block_tag(token, command, parse_until)
  File "C:\Users\maksk\AppData\Local\Packages\PythonSoftwareFoundation.Python.3.11_qbz5n2kfra8p0\LocalCache\local-packages\Python311\site-packages\django\template\base.py", line 563, in invalid_block_tag
    raise self.error(
django.template.exceptions.TemplateSyntaxError: Invalid block tag on line 150: 'endif', expected 'endwith'. Did you forget to register or load this tag?
2024-09-19 14:52:36,425 - INFO - Вызвана страница всех бонусов
2024-09-19 14:52:36,462 - ERROR - Internal Server Error: /all-items/
Traceback (most recent call last):
  File "C:\Users\maksk\AppData\Local\Packages\PythonSoftwareFoundation.Python.3.11_qbz5n2kfra8p0\LocalCache\local-packages\Python311\site-packages\django\template\base.py", line 510, in parse
    compile_func = self.tags[command]
                   ~~~~~~~~~^^^^^^^^^
KeyError: 'endif'

During handling of the above exception, another exception occurred:

Traceback (most recent call last):
  File "C:\Users\maksk\AppData\Local\Packages\PythonSoftwareFoundation.Python.3.11_qbz5n2kfra8p0\LocalCache\local-packages\Python311\site-packages\django\core\handlers\exception.py", line 55, in inner
    response = get_response(request)
               ^^^^^^^^^^^^^^^^^^^^^
  File "C:\Users\maksk\AppData\Local\Packages\PythonSoftwareFoundation.Python.3.11_qbz5n2kfra8p0\LocalCache\local-packages\Python311\site-packages\django\core\handlers\base.py", line 197, in _get_response
    response = wrapped_callback(request, *callback_args, **callback_kwargs)
               ^^^^^^^^^^^^^^^^^^^^^^^^^^^^^^^^^^^^^^^^^^^^^^^^^^^^^^^^^^^^
  File "C:\Users\maksk\Desktop\lab5\rent_cars\users\views.py", line 317, in all_items
    return render(request, 'users/all_items.html', {'penalties': penalties, 'promo_codes': promo_codes, 'discounts': discounts})
           ^^^^^^^^^^^^^^^^^^^^^^^^^^^^^^^^^^^^^^^^^^^^^^^^^^^^^^^^^^^^^^^^^^^^^^^^^^^^^^^^^^^^^^^^^^^^^^^^^^^^^^^^^^^^^^^^^^^^^
  File "C:\Users\maksk\AppData\Local\Packages\PythonSoftwareFoundation.Python.3.11_qbz5n2kfra8p0\LocalCache\local-packages\Python311\site-packages\django\shortcuts.py", line 25, in render
    content = loader.render_to_string(template_name, context, request, using=using)
              ^^^^^^^^^^^^^^^^^^^^^^^^^^^^^^^^^^^^^^^^^^^^^^^^^^^^^^^^^^^^^^^^^^^^^
  File "C:\Users\maksk\AppData\Local\Packages\PythonSoftwareFoundation.Python.3.11_qbz5n2kfra8p0\LocalCache\local-packages\Python311\site-packages\django\template\loader.py", line 61, in render_to_string
    template = get_template(template_name, using=using)
               ^^^^^^^^^^^^^^^^^^^^^^^^^^^^^^^^^^^^^^^^
  File "C:\Users\maksk\AppData\Local\Packages\PythonSoftwareFoundation.Python.3.11_qbz5n2kfra8p0\LocalCache\local-packages\Python311\site-packages\django\template\loader.py", line 15, in get_template
    return engine.get_template(template_name)
           ^^^^^^^^^^^^^^^^^^^^^^^^^^^^^^^^^^
  File "C:\Users\maksk\AppData\Local\Packages\PythonSoftwareFoundation.Python.3.11_qbz5n2kfra8p0\LocalCache\local-packages\Python311\site-packages\django\template\backends\django.py", line 79, in get_template
    return Template(self.engine.get_template(template_name), self)
                    ^^^^^^^^^^^^^^^^^^^^^^^^^^^^^^^^^^^^^^^
  File "C:\Users\maksk\AppData\Local\Packages\PythonSoftwareFoundation.Python.3.11_qbz5n2kfra8p0\LocalCache\local-packages\Python311\site-packages\django\template\engine.py", line 177, in get_template
    template, origin = self.find_template(template_name)
                       ^^^^^^^^^^^^^^^^^^^^^^^^^^^^^^^^^
  File "C:\Users\maksk\AppData\Local\Packages\PythonSoftwareFoundation.Python.3.11_qbz5n2kfra8p0\LocalCache\local-packages\Python311\site-packages\django\template\engine.py", line 159, in find_template
    template = loader.get_template(name, skip=skip)
               ^^^^^^^^^^^^^^^^^^^^^^^^^^^^^^^^^^^^
  File "C:\Users\maksk\AppData\Local\Packages\PythonSoftwareFoundation.Python.3.11_qbz5n2kfra8p0\LocalCache\local-packages\Python311\site-packages\django\template\loaders\cached.py", line 57, in get_template
    template = super().get_template(template_name, skip)
               ^^^^^^^^^^^^^^^^^^^^^^^^^^^^^^^^^^^^^^^^^
  File "C:\Users\maksk\AppData\Local\Packages\PythonSoftwareFoundation.Python.3.11_qbz5n2kfra8p0\LocalCache\local-packages\Python311\site-packages\django\template\loaders\base.py", line 28, in get_template
    return Template(
           ^^^^^^^^^
  File "C:\Users\maksk\AppData\Local\Packages\PythonSoftwareFoundation.Python.3.11_qbz5n2kfra8p0\LocalCache\local-packages\Python311\site-packages\django\template\base.py", line 154, in __init__
    self.nodelist = self.compile_nodelist()
                    ^^^^^^^^^^^^^^^^^^^^^^^
  File "C:\Users\maksk\AppData\Local\Packages\PythonSoftwareFoundation.Python.3.11_qbz5n2kfra8p0\LocalCache\local-packages\Python311\site-packages\django\template\base.py", line 196, in compile_nodelist
    nodelist = parser.parse()
               ^^^^^^^^^^^^^^
  File "C:\Users\maksk\AppData\Local\Packages\PythonSoftwareFoundation.Python.3.11_qbz5n2kfra8p0\LocalCache\local-packages\Python311\site-packages\django\template\base.py", line 518, in parse
    raise self.error(token, e)
  File "C:\Users\maksk\AppData\Local\Packages\PythonSoftwareFoundation.Python.3.11_qbz5n2kfra8p0\LocalCache\local-packages\Python311\site-packages\django\template\base.py", line 516, in parse
    compiled_result = compile_func(self, token)
                      ^^^^^^^^^^^^^^^^^^^^^^^^^
  File "C:\Users\maksk\AppData\Local\Packages\PythonSoftwareFoundation.Python.3.11_qbz5n2kfra8p0\LocalCache\local-packages\Python311\site-packages\django\template\loader_tags.py", line 295, in do_extends
    nodelist = parser.parse()
               ^^^^^^^^^^^^^^
  File "C:\Users\maksk\AppData\Local\Packages\PythonSoftwareFoundation.Python.3.11_qbz5n2kfra8p0\LocalCache\local-packages\Python311\site-packages\django\template\base.py", line 518, in parse
    raise self.error(token, e)
  File "C:\Users\maksk\AppData\Local\Packages\PythonSoftwareFoundation.Python.3.11_qbz5n2kfra8p0\LocalCache\local-packages\Python311\site-packages\django\template\base.py", line 516, in parse
    compiled_result = compile_func(self, token)
                      ^^^^^^^^^^^^^^^^^^^^^^^^^
  File "C:\Users\maksk\AppData\Local\Packages\PythonSoftwareFoundation.Python.3.11_qbz5n2kfra8p0\LocalCache\local-packages\Python311\site-packages\django\template\loader_tags.py", line 234, in do_block
    nodelist = parser.parse(("endblock",))
               ^^^^^^^^^^^^^^^^^^^^^^^^^^^
  File "C:\Users\maksk\AppData\Local\Packages\PythonSoftwareFoundation.Python.3.11_qbz5n2kfra8p0\LocalCache\local-packages\Python311\site-packages\django\template\base.py", line 518, in parse
    raise self.error(token, e)
  File "C:\Users\maksk\AppData\Local\Packages\PythonSoftwareFoundation.Python.3.11_qbz5n2kfra8p0\LocalCache\local-packages\Python311\site-packages\django\template\base.py", line 516, in parse
    compiled_result = compile_func(self, token)
                      ^^^^^^^^^^^^^^^^^^^^^^^^^
  File "C:\Users\maksk\AppData\Local\Packages\PythonSoftwareFoundation.Python.3.11_qbz5n2kfra8p0\LocalCache\local-packages\Python311\site-packages\django\template\defaulttags.py", line 862, in do_for
    nodelist_loop = parser.parse(
                    ^^^^^^^^^^^^^
  File "C:\Users\maksk\AppData\Local\Packages\PythonSoftwareFoundation.Python.3.11_qbz5n2kfra8p0\LocalCache\local-packages\Python311\site-packages\django\template\base.py", line 518, in parse
    raise self.error(token, e)
  File "C:\Users\maksk\AppData\Local\Packages\PythonSoftwareFoundation.Python.3.11_qbz5n2kfra8p0\LocalCache\local-packages\Python311\site-packages\django\template\base.py", line 516, in parse
    compiled_result = compile_func(self, token)
                      ^^^^^^^^^^^^^^^^^^^^^^^^^
  File "C:\Users\maksk\AppData\Local\Packages\PythonSoftwareFoundation.Python.3.11_qbz5n2kfra8p0\LocalCache\local-packages\Python311\site-packages\django\template\defaulttags.py", line 962, in do_if
    nodelist = parser.parse(("elif", "else", "endif"))
               ^^^^^^^^^^^^^^^^^^^^^^^^^^^^^^^^^^^^^^^
  File "C:\Users\maksk\AppData\Local\Packages\PythonSoftwareFoundation.Python.3.11_qbz5n2kfra8p0\LocalCache\local-packages\Python311\site-packages\django\template\base.py", line 518, in parse
    raise self.error(token, e)
  File "C:\Users\maksk\AppData\Local\Packages\PythonSoftwareFoundation.Python.3.11_qbz5n2kfra8p0\LocalCache\local-packages\Python311\site-packages\django\template\base.py", line 516, in parse
    compiled_result = compile_func(self, token)
                      ^^^^^^^^^^^^^^^^^^^^^^^^^
  File "C:\Users\maksk\AppData\Local\Packages\PythonSoftwareFoundation.Python.3.11_qbz5n2kfra8p0\LocalCache\local-packages\Python311\site-packages\django\template\defaulttags.py", line 1540, in do_with
    nodelist = parser.parse(("endwith",))
               ^^^^^^^^^^^^^^^^^^^^^^^^^^
  File "C:\Users\maksk\AppData\Local\Packages\PythonSoftwareFoundation.Python.3.11_qbz5n2kfra8p0\LocalCache\local-packages\Python311\site-packages\django\template\base.py", line 512, in parse
    self.invalid_block_tag(token, command, parse_until)
  File "C:\Users\maksk\AppData\Local\Packages\PythonSoftwareFoundation.Python.3.11_qbz5n2kfra8p0\LocalCache\local-packages\Python311\site-packages\django\template\base.py", line 563, in invalid_block_tag
    raise self.error(
django.template.exceptions.TemplateSyntaxError: Invalid block tag on line 145: 'endif', expected 'endwith'. Did you forget to register or load this tag?
2024-09-19 14:52:40,553 - INFO - Вызвана страница всех бонусов
2024-09-19 14:52:43,341 - INFO - Вызвана страница всех бонусов
2024-09-19 14:53:07,715 - INFO - Вызвана страница всех бонусов
2024-09-19 14:53:08,093 - INFO - Вызвана страница всех бонусов
2024-09-19 14:53:08,411 - INFO - Вызвана страница всех бонусов
2024-09-19 14:53:09,628 - INFO - Вызвана страница всех бонусов
2024-09-19 14:53:17,817 - INFO - Вызвана страница всех бонусов
2024-09-19 14:53:18,104 - INFO - Вызвана страница всех бонусов
2024-09-19 14:55:40,586 - INFO - Вызвана главная страница
2024-09-19 14:58:18,158 - INFO - Вызвана страница всех бонусов
2024-09-19 14:59:09,270 - INFO - Вызвана страница всех бонусов
2024-09-19 14:59:09,780 - INFO - Вызвана страница всех бонусов
2024-09-19 14:59:10,145 - INFO - Вызвана страница всех бонусов
2024-09-19 14:59:10,891 - INFO - Вызвана страница всех бонусов
2024-09-19 14:59:54,589 - INFO - Вызвана страница всех бонусов
2024-09-19 14:59:55,078 - INFO - Вызвана страница всех бонусов
2024-09-19 14:59:55,717 - INFO - Вызвана страница всех бонусов
2024-09-19 15:00:24,312 - INFO - Вызвана страница всех бонусов
2024-09-19 15:00:24,607 - INFO - Вызвана страница всех бонусов
2024-09-19 15:00:24,806 - INFO - Вызвана страница всех бонусов
2024-09-19 15:00:24,962 - INFO - Вызвана страница всех бонусов
2024-09-19 15:00:25,118 - INFO - Вызвана страница всех бонусов
2024-09-19 15:00:34,725 - INFO - Вызвана страница всех бонусов
2024-09-19 15:00:40,892 - INFO - Вызвана главная страница
2024-09-19 15:03:24,745 - INFO - Вызвана страница всех бонусов
2024-09-19 15:03:25,253 - INFO - Вызвана страница всех бонусов
2024-09-19 15:03:25,936 - INFO - Вызвана страница всех бонусов
2024-09-19 15:03:26,851 - INFO - Вызвана страница всех бонусов
2024-09-19 15:03:28,246 - INFO - Вызвана страница всех бонусов
2024-09-19 15:05:32,260 - INFO - Вызвана страница всех бонусов
2024-09-19 15:05:41,306 - INFO - Вызвана главная страница
2024-09-19 15:06:14,003 - INFO - Вызвана страница всех бонусов
2024-09-19 15:06:14,987 - INFO - Вызвана страница всех бонусов
2024-09-19 15:06:38,983 - INFO - Вызвана страница всех бонусов
2024-09-19 15:06:58,335 - INFO - Вызвана страница всех бонусов
2024-09-19 15:07:33,288 - INFO - Вызвана страница всех бонусов
2024-09-19 15:07:33,678 - INFO - Вызвана страница всех бонусов
2024-09-19 15:07:34,301 - INFO - Вызвана страница всех бонусов
2024-09-19 15:08:18,281 - INFO - Вызвана страница всех бонусов
2024-09-19 15:08:37,124 - INFO - Вызвана страница всех бонусов
2024-09-19 15:08:37,506 - INFO - Вызвана страница всех бонусов
2024-09-19 15:08:38,002 - INFO - Вызвана страница всех бонусов
2024-09-19 15:08:59,765 - INFO - Вызвана страница всех бонусов
2024-09-19 15:09:00,137 - INFO - Вызвана страница всех бонусов
2024-09-19 15:09:19,630 - INFO - Вызвана страница всех бонусов
2024-09-19 15:09:20,411 - INFO - Вызвана страница всех бонусов
2024-09-19 15:09:27,762 - INFO - Вызвана страница всех бонусов
2024-09-19 15:09:28,562 - INFO - Вызвана страница всех бонусов
2024-09-19 15:09:28,828 - INFO - Вызвана страница всех бонусов
2024-09-19 15:09:29,040 - INFO - Вызвана страница всех бонусов
2024-09-19 15:09:41,218 - INFO - Вызвана страница всех бонусов
2024-09-19 15:09:41,772 - INFO - Вызвана страница всех бонусов
2024-09-19 15:09:41,988 - INFO - Вызвана страница всех бонусов
2024-09-19 15:10:03,806 - INFO - Вызвана страница всех бонусов
2024-09-19 15:10:04,160 - INFO - Вызвана страница всех бонусов
2024-09-19 15:10:04,727 - INFO - Вызвана страница всех бонусов
2024-09-19 15:10:10,983 - INFO - Вызвана страница всех бонусов
2024-09-19 15:10:11,300 - INFO - Вызвана страница всех бонусов
2024-09-19 15:10:11,853 - INFO - Вызвана страница всех бонусов
2024-09-19 15:10:19,122 - INFO - Вызвана страница всех бонусов
2024-09-19 15:10:19,780 - INFO - Вызвана страница всех бонусов
2024-09-19 15:10:41,611 - INFO - Вызвана главная страница
2024-09-19 15:10:51,828 - INFO - Вызвана страница всех бонусов
2024-09-19 15:10:52,452 - INFO - Вызвана страница всех бонусов
2024-09-19 15:12:09,444 - INFO - Вызвана страница всех бонусов
2024-09-19 15:12:09,925 - INFO - Вызвана страница всех бонусов
2024-09-19 15:12:10,329 - INFO - Вызвана страница всех бонусов
2024-09-19 15:12:10,671 - INFO - Вызвана страница всех бонусов
2024-09-19 15:12:29,768 - INFO - Вызвана страница всех бонусов
2024-09-19 15:12:31,411 - INFO - Вызвана страница всех бонусов
2024-09-19 15:12:43,866 - INFO - Вызвана страница всех бонусов
2024-09-19 15:13:33,772 - INFO - Вызвана страница всех бонусов
2024-09-19 15:13:34,778 - INFO - Вызвана страница всех бонусов
2024-09-19 15:13:51,406 - INFO - Вызвана страница всех бонусов
2024-09-19 15:13:51,739 - INFO - Вызвана страница всех бонусов
2024-09-19 15:13:52,183 - INFO - Вызвана страница всех бонусов
2024-09-19 15:13:52,386 - INFO - Вызвана страница всех бонусов
2024-09-19 15:13:52,517 - INFO - Вызвана страница всех бонусов
2024-09-19 15:14:00,398 - INFO - Вызвана страница всех бонусов
2024-09-19 15:14:00,927 - INFO - Вызвана страница всех бонусов
2024-09-19 15:14:01,143 - INFO - Вызвана страница всех бонусов
2024-09-19 15:14:50,064 - INFO - Вызвана страница всех бонусов
2024-09-19 15:15:34,123 - INFO - Вызвана страница всех бонусов
2024-09-19 15:15:42,185 - INFO - Вызвана главная страница
2024-09-19 15:16:04,060 - INFO - Вызвана страница всех бонусов
2024-09-19 15:16:04,821 - INFO - Вызвана страница всех бонусов
2024-09-19 15:16:05,888 - INFO - Вызвана страница всех бонусов
2024-09-19 15:16:12,663 - INFO - Вызвана страница всех бонусов
2024-09-19 15:16:12,886 - INFO - Вызвана страница всех бонусов
2024-09-19 15:16:13,583 - INFO - Вызвана страница всех бонусов
2024-09-19 15:16:15,071 - INFO - Вызвана страница всех бонусов
2024-09-19 15:16:52,646 - INFO - Вызвана страница всех бонусов
2024-09-19 15:17:59,430 - INFO - C:\Users\maksk\Desktop\lab5\rent_cars\users\forms.py changed, reloading.
2024-09-19 15:17:59,442 - INFO - C:\Users\maksk\Desktop\lab5\rent_cars\users\forms.py changed, reloading.
2024-09-19 15:18:02,620 - INFO - Вызвана страница всех бонусов
2024-09-19 15:18:51,989 - INFO - C:\Users\maksk\Desktop\lab5\rent_cars\users\forms.py changed, reloading.
2024-09-19 15:18:51,998 - INFO - C:\Users\maksk\Desktop\lab5\rent_cars\users\forms.py changed, reloading.
2024-09-19 15:19:15,441 - INFO - C:\Users\maksk\Desktop\lab5\rent_cars\users\forms.py changed, reloading.
2024-09-19 15:19:15,441 - INFO - C:\Users\maksk\Desktop\lab5\rent_cars\users\forms.py changed, reloading.
2024-09-19 15:19:56,504 - INFO - C:\Users\maksk\Desktop\lab5\rent_cars\users\forms.py changed, reloading.
2024-09-19 15:19:56,522 - INFO - C:\Users\maksk\Desktop\lab5\rent_cars\users\forms.py changed, reloading.
2024-09-19 15:20:13,322 - WARNING - Not Found: /favicon.ico
2024-09-19 15:21:07,964 - INFO - Скидка изменена
2024-09-19 15:21:07,968 - INFO - Вызвана страница всех бонусов
2024-09-19 15:23:27,226 - INFO - C:\Users\maksk\Desktop\lab5\rent_cars\users\forms.py changed, reloading.
2024-09-19 15:23:27,539 - INFO - C:\Users\maksk\Desktop\lab5\rent_cars\users\forms.py changed, reloading.
2024-09-19 15:24:07,623 - INFO - Вызвана страница всех бонусов
2024-09-19 15:24:12,407 - INFO - Промокод изменен
2024-09-19 15:24:12,411 - INFO - Вызвана страница всех бонусов
2024-09-19 17:52:14,996 - INFO - Вызвана страница всех бонусов
2024-09-19 17:52:27,541 - INFO - Вызвана главная страница
2024-09-19 17:52:55,165 - INFO - Вызвана страница списка людей
2024-09-19 17:53:02,053 - INFO - Вызвана страница всех бонусов
2024-09-19 17:54:42,979 - INFO - Вызвана страница всех бонусов
2024-09-19 17:56:41,451 - INFO - Вызвана главная страница
2024-09-19 17:56:44,486 - INFO - Вызвана главная страница
2024-09-19 17:56:45,883 - INFO - Вызвана главная страница
2024-09-19 17:56:47,083 - INFO - Вызвана главная страница
2024-09-19 18:01:02,928 - INFO - C:\Users\maksk\Desktop\lab5\rent_cars\users\forms.py changed, reloading.
2024-09-19 18:04:01,880 - INFO - C:\Users\maksk\Desktop\lab5\rent_cars\users\forms.py changed, reloading.
2024-09-19 18:11:03,639 - INFO - Вызвана страница всех бонусов
2024-09-19 18:11:46,450 - INFO - Вызвана главная страница
2024-09-19 18:11:57,370 - INFO - Вызвана страница фильтрации заказов
2024-09-19 18:13:04,832 - INFO - Вызвана страница фильтрации заказов
2024-09-19 18:13:07,320 - INFO - Вызвана страница списка людей
2024-09-19 18:13:13,380 - INFO - Вызвана страница анализа заказов
2024-09-19 18:13:31,018 - INFO - Вызвана страница всех бонусов
2024-09-19 18:15:54,697 - INFO - Вызвана страница всех бонусов
2024-09-19 18:16:01,338 - INFO - Вызвана страница всех бонусов
2024-09-19 18:16:48,848 - INFO - Вызвана страница всех бонусов
2024-09-19 18:16:49,272 - INFO - Вызвана страница всех бонусов
2024-09-19 18:16:49,738 - INFO - Вызвана страница всех бонусов
2024-09-19 18:16:50,390 - INFO - Вызвана страница всех бонусов
2024-09-19 18:16:57,805 - INFO - Вызвана страница всех бонусов
2024-09-19 18:16:58,140 - INFO - Вызвана страница всех бонусов
2024-09-19 18:16:58,657 - INFO - Вызвана страница всех бонусов
2024-09-19 18:16:59,113 - INFO - Вызвана страница всех бонусов
2024-09-19 18:17:07,112 - INFO - Вызвана страница всех бонусов
2024-09-19 18:17:23,628 - INFO - Вызвана страница всех бонусов
2024-09-19 18:17:24,456 - INFO - Вызвана страница всех бонусов
2024-09-19 18:17:30,065 - INFO - Вызвана страница всех бонусов
2024-09-19 18:17:44,462 - INFO - Вызвана страница всех бонусов
2024-09-19 18:17:58,775 - INFO - Вызвана страница всех бонусов
2024-09-19 18:18:06,105 - INFO - Вызвана страница всех бонусов
2024-09-19 18:18:06,509 - INFO - Вызвана страница всех бонусов
2024-09-19 18:18:07,118 - INFO - Вызвана страница всех бонусов
2024-09-19 18:18:07,494 - INFO - Вызвана страница всех бонусов
2024-09-19 18:18:08,704 - INFO - Вызвана страница всех бонусов
2024-09-19 18:18:19,258 - INFO - Вызвана страница всех бонусов
2024-09-19 18:18:19,620 - INFO - Вызвана страница всех бонусов
2024-09-19 18:18:19,865 - INFO - Вызвана страница всех бонусов
2024-09-19 18:18:20,093 - INFO - Вызвана страница всех бонусов
2024-09-19 18:18:20,583 - INFO - Вызвана страница всех бонусов
2024-09-19 18:18:27,873 - INFO - Вызвана страница всех бонусов
2024-09-19 18:18:28,036 - INFO - Вызвана страница всех бонусов
2024-09-19 18:18:28,195 - INFO - Вызвана страница всех бонусов
2024-09-19 18:18:28,848 - INFO - Вызвана страница всех бонусов
2024-09-19 18:18:29,134 - INFO - Вызвана страница всех бонусов
2024-09-19 18:18:45,597 - INFO - Вызвана страница всех бонусов
2024-09-19 18:19:25,743 - INFO - Вызвана страница всех бонусов
2024-09-19 18:19:28,398 - INFO - Вызвана страница всех бонусов
2024-09-19 18:19:44,960 - INFO - Вызвана страница всех бонусов
2024-09-19 18:19:47,895 - INFO - Вызвана страница всех бонусов
2024-09-19 18:20:07,363 - INFO - Вызвана страница всех бонусов
2024-09-19 18:20:21,378 - INFO - Вызвана страница всех бонусов
2024-09-19 18:20:22,035 - INFO - Вызвана страница всех бонусов
2024-09-19 18:20:30,272 - INFO - Вызвана страница всех бонусов
2024-09-19 18:20:39,601 - INFO - Вызвана страница всех бонусов
2024-09-19 18:20:40,400 - INFO - Вызвана страница всех бонусов
2024-09-19 18:21:17,266 - INFO - Вызвана страница всех бонусов
2024-09-19 18:21:17,665 - INFO - Вызвана страница всех бонусов
2024-09-19 18:21:18,352 - INFO - Вызвана страница всех бонусов
2024-09-19 18:21:44,923 - INFO - Вызвана страница всех бонусов
2024-09-19 18:22:49,604 - INFO - Вызвана страница всех бонусов
2024-09-19 18:22:50,440 - INFO - Вызвана страница всех бонусов
2024-09-19 18:23:14,879 - INFO - Вызвана страница всех бонусов
2024-09-19 18:23:15,557 - INFO - Вызвана страница всех бонусов
2024-09-19 18:25:08,000 - INFO - Вызвана страница всех бонусов
2024-09-19 18:25:08,400 - INFO - Вызвана страница всех бонусов
2024-09-19 18:25:08,837 - INFO - Вызвана страница всех бонусов
2024-09-19 18:25:12,365 - INFO - Вызвана страница всех бонусов
2024-09-19 18:25:12,701 - INFO - Вызвана страница всех бонусов
2024-09-19 18:25:13,170 - INFO - Вызвана страница всех бонусов
2024-09-19 18:25:13,623 - INFO - Вызвана страница всех бонусов
2024-09-19 18:25:19,713 - INFO - Вызвана страница всех бонусов
2024-09-19 18:25:20,039 - INFO - Вызвана страница всех бонусов
2024-09-19 18:26:41,897 - INFO - Вызвана страница всех бонусов
2024-09-19 18:26:55,533 - INFO - Вызвана страница всех бонусов
2024-09-19 18:26:55,940 - INFO - Вызвана страница всех бонусов
2024-09-19 18:27:38,209 - INFO - Вызвана страница всех бонусов
2024-09-19 18:29:31,401 - INFO - Вызвана страница всех бонусов
2024-09-19 18:29:37,750 - INFO - Вызвана страница всех бонусов
2024-09-19 18:29:37,797 - INFO - Вызвана страница всех бонусов
2024-09-19 18:29:46,191 - INFO - Вызвана страница всех бонусов
2024-09-19 18:29:55,591 - INFO - Вызвана страница всех бонусов
2024-09-19 18:29:55,934 - INFO - Вызвана страница всех бонусов
2024-09-19 18:29:56,458 - INFO - Вызвана страница всех бонусов
2024-09-19 18:29:56,762 - INFO - Вызвана страница всех бонусов
2024-09-19 18:31:00,578 - INFO - Вызвана страница всех бонусов
2024-09-19 18:31:00,973 - INFO - Вызвана страница всех бонусов
2024-09-19 18:31:01,426 - INFO - Вызвана страница всех бонусов
2024-09-19 18:31:08,188 - INFO - Вызвана страница всех бонусов
2024-09-19 18:31:08,543 - INFO - Вызвана страница всех бонусов
2024-09-19 18:31:09,039 - INFO - Вызвана страница всех бонусов
2024-09-19 18:31:09,339 - INFO - Вызвана страница всех бонусов
2024-09-19 18:31:15,295 - INFO - Вызвана страница всех бонусов
2024-09-19 18:31:15,565 - INFO - Вызвана страница всех бонусов
2024-09-19 18:31:15,968 - INFO - Вызвана страница всех бонусов
2024-09-19 18:31:16,195 - INFO - Вызвана страница всех бонусов
2024-09-19 18:31:16,345 - INFO - Вызвана страница всех бонусов
2024-09-19 18:31:16,494 - INFO - Вызвана страница всех бонусов
2024-09-19 18:31:16,643 - INFO - Вызвана страница всех бонусов
2024-09-19 18:31:17,379 - INFO - Вызвана страница всех бонусов
2024-09-19 18:31:18,290 - INFO - Вызвана страница всех бонусов
2024-09-19 18:31:37,807 - INFO - Вызвана страница всех бонусов
2024-09-19 18:31:38,206 - INFO - Вызвана страница всех бонусов
2024-09-19 18:31:38,357 - INFO - Вызвана страница всех бонусов
2024-09-19 18:31:38,840 - INFO - Вызвана страница всех бонусов
2024-09-19 18:31:39,101 - INFO - Вызвана страница всех бонусов
2024-09-19 18:31:49,991 - INFO - Вызвана страница всех бонусов
2024-09-19 18:33:52,342 - INFO - Вызвана страница всех бонусов
2024-09-19 18:33:52,788 - INFO - Вызвана страница всех бонусов
2024-09-19 18:33:54,916 - INFO - Вызвана страница всех бонусов
2024-09-19 18:34:10,332 - INFO - Вызвана страница всех бонусов
2024-09-19 18:34:41,613 - INFO - Вызвана страница всех бонусов
2024-09-19 18:34:57,365 - INFO - Вызвана страница всех бонусов
2024-09-19 18:35:56,570 - INFO - Вызвана страница всех бонусов
2024-09-19 18:37:24,502 - INFO - Вызвана страница всех бонусов
2024-09-19 18:37:51,138 - INFO - Вызвана страница всех бонусов
2024-09-19 18:38:04,310 - INFO -  вышел с аккаунта
2024-09-19 18:38:04,316 - INFO - Вызвана главная страница
2024-09-19 18:38:06,267 - INFO - Вызвана страница регистрации
2024-09-19 18:38:10,721 - WARNING - Not Found: /favicon.ico
2024-09-19 18:39:11,589 - INFO - Вызвана страница регистрации
2024-09-19 18:39:23,510 - INFO - Вызвана страница регистрации
2024-09-19 18:39:24,671 - INFO - Вызвана страница регистрации
2024-09-19 18:39:29,603 - INFO - Вызвана страница всех бонусов
2024-09-19 18:42:51,213 - INFO - Вызвана страница всех бонусов
2024-09-19 18:54:29,863 - INFO - Вызвана страница всех бонусов
2024-09-19 18:59:29,987 - INFO - Вызвана страница всех бонусов
2024-09-19 18:59:48,077 - INFO - Вызвана страница регистрации
2024-09-19 19:00:15,075 - INFO - Вызвана страница всех бонусов
2024-09-19 19:00:16,656 - INFO - Вызвана страница всех бонусов
2024-09-19 19:00:24,616 - INFO - Вызвана главная страница
2024-09-19 19:04:30,066 - INFO - Вызвана страница всех бонусов
2024-09-19 19:04:42,007 - INFO - Вызвана главная страница
2024-09-19 19:04:44,431 - INFO - Вызвана страница регистрации
2024-09-19 19:09:30,151 - INFO - Вызвана страница всех бонусов
2024-09-19 19:14:30,229 - INFO - Вызвана страница всех бонусов
2024-09-19 19:15:11,299 - INFO - Вызвана страница всех бонусов
2024-09-19 19:16:28,456 - INFO -  вошел в аккаунт
2024-09-19 19:16:28,456 - INFO - makskreet вошел в аккаунт
2024-09-19 19:16:28,502 - INFO - Вызвана главная страница
2024-09-19 19:16:32,307 - INFO - Вызвана страница всех бонусов
2024-09-19 19:18:34,535 - INFO -  вышел с аккаунта
2024-09-19 19:18:34,540 - INFO - Вызвана главная страница
2024-09-19 19:18:36,775 - INFO - Вызвана страница регистрации
2024-09-19 19:19:11,652 - INFO - Вызвана страница регистрации
2024-09-19 19:19:12,098 - INFO - Вызвана страница регистрации
2024-09-19 19:19:12,589 - INFO - Вызвана страница регистрации
2024-09-19 19:19:28,753 - INFO - Вызвана страница регистрации
2024-09-19 19:19:39,359 - INFO - Вызвана страница регистрации
2024-09-19 19:19:43,645 - INFO - Вызвана страница регистрации
2024-09-19 19:20:11,372 - INFO - Вызвана страница всех бонусов
2024-09-19 19:20:24,413 - INFO -  вошел в аккаунт
2024-09-19 19:20:24,413 - INFO - makskreet вошел в аккаунт
2024-09-19 19:20:24,435 - INFO - Вызвана главная страница
2024-09-19 19:20:37,093 - INFO - Вызвана страница всех бонусов
2024-09-19 19:20:46,242 - INFO - Вызвана главная страница
2024-09-19 19:20:52,042 - INFO - Вызвана страница всех бонусов
2024-09-19 19:20:58,489 - INFO - Вызвана страница фильтрации заказов
2024-09-19 19:21:03,217 - INFO - Вызвана страница фильтрации заказов
2024-09-19 19:21:05,849 - INFO - Вызвана страница списка людей
2024-09-19 19:25:11,452 - INFO - Вызвана страница всех бонусов
2024-09-19 19:26:34,098 - INFO - Вызвана главная страница
2024-09-19 19:28:47,097 - INFO - Вызвана страница всех бонусов
2024-09-19 19:28:47,456 - INFO - Вызвана страница всех бонусов
2024-09-19 19:28:47,679 - INFO - Вызвана страница всех бонусов
2024-09-19 19:28:47,840 - INFO - Вызвана страница всех бонусов
2024-09-19 19:32:32,424 - INFO - Вызвана главная страница
2024-09-19 19:37:32,704 - INFO - Вызвана главная страница
2024-09-19 19:39:38,316 - INFO -  вышел с аккаунта
2024-09-19 19:39:38,321 - INFO - Вызвана главная страница
2024-09-19 19:39:46,876 - INFO -  вошел в аккаунт
2024-09-19 19:39:46,876 - INFO - makskreett вошел в аккаунт
2024-09-19 19:39:46,900 - INFO - Вызвана главная страница
2024-09-19 19:40:58,190 - INFO - Вызвана главная страница
2024-09-19 19:41:13,848 - INFO -  вышел с аккаунта
2024-09-19 19:41:13,853 - INFO - Вызвана главная страница
2024-09-19 19:41:27,649 - INFO -  вошел в аккаунт
2024-09-19 19:41:27,649 - INFO - makskreet вошел в аккаунт
2024-09-19 19:41:27,668 - INFO - Вызвана главная страница
2024-09-19 19:42:17,244 - INFO - Вызвана главная страница
2024-09-19 19:42:33,001 - INFO - Вызвана главная страница
2024-09-19 19:42:58,201 - INFO - Вызвана главная страница
2024-09-19 19:43:09,774 - INFO - Вызвана главная страница
2024-09-19 19:43:15,021 - INFO -  вышел с аккаунта
2024-09-19 19:43:15,027 - INFO - Вызвана главная страница
2024-09-19 19:43:20,122 - INFO - Вызвана главная страница
2024-09-19 19:43:31,885 - INFO - Вызвана главная страница
2024-09-19 19:43:59,999 - INFO -  вошел в аккаунт
2024-09-19 19:43:59,999 - INFO - makskreet вошел в аккаунт
2024-09-19 19:44:00,023 - INFO - Вызвана главная страница
2024-09-19 19:44:40,456 - INFO - Вызвана главная страница
2024-09-19 19:44:41,971 - INFO - Вызвана главная страница
2024-09-19 19:45:10,579 - INFO - Вызвана страница всех бонусов
2024-09-19 19:45:16,237 - INFO - Вызвана страница фильтрации заказов
2024-09-19 19:45:17,604 - INFO - Вызвана страница списка людей
2024-09-19 19:45:18,985 - INFO - Вызвана страница анализа заказов
2024-09-19 19:45:21,661 - INFO - Вызвана страница списка людей
2024-09-19 19:49:20,972 - INFO - Вызвана главная страница
2024-09-19 19:50:31,704 - INFO -  вышел с аккаунта
2024-09-19 19:50:31,709 - INFO - Вызвана главная страница
2024-09-19 19:50:38,411 - INFO - Вызвана страница регистрации
2024-09-19 19:51:01,553 - INFO -  вошел в аккаунт
2024-09-19 19:51:01,553 - INFO - makskreet вошел в аккаунт
2024-09-19 19:51:01,576 - INFO - Вызвана главная страница
2024-09-19 19:51:10,085 - INFO - Вызвана страница списка людей
2024-09-19 19:53:50,805 - INFO - Вызвана главная страница
2024-09-19 20:03:00,175 - INFO -  вышел с аккаунта
2024-09-19 20:03:00,179 - INFO - Вызвана главная страница
2024-09-19 20:03:05,579 - INFO - Вызвана страница регистрации
2024-09-19 20:03:19,688 - INFO - Вызвана страница регистрации
2024-09-19 20:03:27,011 - INFO -  вышел с аккаунта
2024-09-19 20:03:27,016 - INFO - Вызвана главная страница
2024-09-19 20:03:27,608 - INFO - Вызвана страница регистрации
2024-09-19 20:03:28,292 - INFO - Вызвана страница регистрации
2024-09-19 20:03:37,310 - INFO - Вызвана страница регистрации
2024-09-19 20:03:41,333 - INFO - Вызвана страница регистрации
2024-09-19 20:03:45,939 - INFO - Вызвана страница регистрации
2024-09-19 20:04:04,009 - INFO - Вызвана страница всех бонусов
2024-09-19 20:04:17,746 - INFO - Вызвана страница регистрации
2024-09-19 20:04:27,971 - INFO -  вошел в аккаунт
2024-09-19 20:04:27,971 - INFO - makskreet вошел в аккаунт
2024-09-19 20:04:27,996 - INFO - Вызвана главная страница
2024-09-19 21:28:54,582 - INFO - Вызвана главная страница
2024-09-19 21:33:54,974 - INFO - Вызвана главная страница
2024-09-19 21:38:55,171 - INFO - Вызвана главная страница
2024-09-19 21:43:55,442 - INFO - Вызвана главная страница
2024-09-19 21:48:55,723 - INFO - Вызвана главная страница
2024-09-19 21:53:55,902 - INFO - Вызвана главная страница
2024-09-19 21:54:28,231 - INFO - Вызвана страница списка людей
2024-09-19 21:54:29,017 - INFO - Вызвана страница фильтрации заказов
2024-09-19 22:11:41,601 - INFO - Вызвана главная страница
2024-09-19 22:11:58,867 - INFO - Вызвана главная страница
2024-09-19 22:16:59,037 - INFO - Вызвана главная страница
2024-09-19 22:19:39,040 - INFO - Вызвана главная страница
2024-09-19 22:19:45,645 - INFO - Вызвана страница всех бонусов
2024-09-19 22:21:59,305 - INFO - Вызвана главная страница
2024-09-19 22:26:59,542 - INFO - Вызвана главная страница
2024-09-19 22:31:59,813 - INFO - Вызвана главная страница
2024-09-19 22:37:00,192 - INFO - Вызвана главная страница
2024-09-20 00:01:53,628 - INFO - Вызвана главная страница
2024-09-20 00:01:54,371 - INFO - Вызвана главная страница
2024-09-20 00:01:55,315 - INFO - Вызвана главная страница
2024-09-20 00:02:11,424 - INFO - Вызвана главная страница
2024-09-20 00:02:26,907 - INFO - Вызвана главная страница
2024-09-20 00:02:35,606 - INFO - Вызвана главная страница
2024-09-20 00:04:42,314 - INFO - Вызвана главная страница
2024-09-20 00:04:51,232 - INFO - Вызвана главная страница
2024-09-20 00:04:57,148 - INFO - Вызвана главная страница
2024-09-20 00:05:03,695 - INFO - Вызвана главная страница
2024-09-20 00:05:21,721 - INFO - Вызвана главная страница
2024-09-20 00:05:24,875 - INFO - Вызвана главная страница
2024-09-20 00:06:04,436 - INFO - Вызвана главная страница
2024-09-20 00:07:25,872 - INFO - Вызвана главная страница
2024-09-20 00:07:35,808 - INFO - Вызвана главная страница
2024-09-20 00:07:36,507 - INFO - Вызвана главная страница
2024-09-20 00:08:10,702 - INFO - Вызвана главная страница
2024-09-20 00:08:23,407 - INFO - Вызвана главная страница
2024-09-20 00:08:30,934 - INFO - Вызвана главная страница
2024-09-20 00:08:33,892 - INFO - Вызвана главная страница
2024-09-20 18:24:36,287 - INFO - Вызвана главная страница
2024-09-20 18:24:50,136 - INFO - Вызвана страница всех бонусов
2024-09-20 18:24:56,943 - INFO - Вызвана главная страница
2024-09-20 18:27:44,979 - INFO - Вызвана главная страница
2024-09-20 18:27:47,210 - INFO - Вызвана главная страница
2024-09-20 18:27:53,930 - INFO - Вызвана главная страница
2024-09-20 18:28:01,384 - INFO - Вызвана главная страница
2024-09-20 18:28:09,317 - INFO - Вызвана главная страница
2024-09-20 18:28:14,314 - INFO - Вызвана главная страница
2024-09-20 18:29:28,338 - INFO - Вызвана главная страница
2024-09-20 18:29:33,489 - INFO - Вызвана главная страница
2024-09-20 18:29:33,537 - INFO - Вызвана главная страница
2024-09-20 18:29:47,977 - INFO - Вызвана главная страница
2024-09-20 18:29:57,155 - INFO - Вызвана главная страница
2024-09-20 18:30:09,698 - INFO - Вызвана главная страница
2024-09-20 18:30:12,250 - INFO - Вызвана главная страница
2024-09-20 18:30:16,608 - INFO - Вызвана главная страница
2024-09-20 18:30:23,686 - INFO - Вызвана главная страница
2024-09-20 18:30:30,717 - INFO - Вызвана главная страница
2024-09-20 18:30:32,479 - INFO - Вызвана главная страница
2024-09-20 18:30:44,560 - INFO - Вызвана главная страница
2024-09-20 18:30:47,093 - INFO - Вызвана главная страница
2024-09-20 18:32:08,816 - INFO - Вызвана главная страница
2024-09-20 18:32:18,487 - INFO - Вызвана главная страница
2024-09-20 18:32:35,605 - INFO - Вызвана главная страница
2024-09-20 18:33:24,344 - INFO - Вызвана главная страница
2024-09-20 18:33:28,726 - INFO - Вызвана главная страница
2024-09-20 18:34:13,756 - INFO - Вызвана главная страница
2024-09-20 18:34:14,598 - INFO - Вызвана главная страница
2024-09-20 18:34:17,765 - INFO - Вызвана главная страница
2024-09-20 18:34:57,451 - INFO - Вызвана главная страница
2024-09-20 20:19:21,217 - INFO - Вызвана главная страница
2024-09-20 20:19:44,882 - INFO - Вызвана главная страница
2024-09-20 20:19:48,853 - INFO - Вызвана главная страница
2024-09-20 20:20:02,526 - INFO - Вызвана главная страница
2024-09-20 20:20:46,264 - INFO - Вызвана главная страница
2024-09-20 20:20:47,349 - INFO - Вызвана главная страница
2024-09-20 20:21:06,615 - INFO - Вызвана главная страница
2024-09-20 20:21:07,783 - INFO - Вызвана главная страница
2024-09-20 20:21:13,669 - INFO - Вызвана главная страница
2024-09-20 20:21:14,458 - INFO - Вызвана главная страница
2024-09-20 20:21:31,492 - INFO - Вызвана главная страница
2024-09-20 20:21:32,172 - INFO - Вызвана главная страница
2024-09-20 20:21:38,789 - INFO - Вызвана главная страница
2024-09-20 20:21:39,419 - INFO - Вызвана главная страница
2024-09-20 20:21:46,763 - INFO - Вызвана главная страница
2024-09-20 20:21:47,391 - INFO - Вызвана главная страница
2024-09-20 20:21:56,635 - INFO - Вызвана главная страница
2024-09-20 20:21:57,223 - INFO - Вызвана главная страница
2024-09-20 20:22:01,222 - INFO - Вызвана главная страница
2024-09-20 20:22:01,804 - INFO - Вызвана главная страница
2024-09-20 20:22:11,829 - INFO - Вызвана главная страница
2024-09-20 20:22:12,409 - INFO - Вызвана главная страница
2024-09-20 20:22:15,373 - INFO - Вызвана главная страница
2024-09-20 20:22:15,976 - INFO - Вызвана главная страница
2024-09-20 20:22:24,764 - INFO - Вызвана главная страница
2024-09-20 20:22:25,442 - INFO - Вызвана главная страница
2024-09-20 20:22:30,784 - INFO - Вызвана главная страница
2024-09-20 20:22:31,456 - INFO - Вызвана главная страница
2024-09-20 20:22:36,832 - INFO - Вызвана главная страница
2024-09-20 20:22:37,395 - INFO - Вызвана главная страница
2024-09-20 20:22:37,769 - INFO - Вызвана главная страница
2024-09-20 20:22:54,906 - INFO - Вызвана главная страница
2024-09-20 20:23:12,516 - INFO - Вызвана главная страница
2024-09-20 20:23:24,354 - INFO - Вызвана главная страница
2024-09-20 20:23:25,265 - INFO - Вызвана главная страница
2024-09-20 20:23:38,793 - INFO - Вызвана страница всех бонусов
2024-09-20 20:23:41,882 - INFO - Вызвана главная страница
2024-09-20 21:07:27,093 - WARNING - Not Found: /favicon.ico
2024-09-20 21:10:52,827 - INFO - Вызвана главная страница
2024-09-20 21:20:27,564 - INFO - Вызвана главная страница
2024-09-20 21:25:27,940 - INFO - Вызвана главная страница
2024-09-20 21:30:28,261 - INFO - Вызвана главная страница
2024-09-20 21:35:28,474 - INFO - Вызвана главная страница
2024-09-20 21:40:28,681 - INFO - Вызвана главная страница
2024-09-20 21:45:28,884 - INFO - Вызвана главная страница
2024-09-20 21:50:29,175 - INFO - Вызвана главная страница
2024-09-20 21:54:05,529 - INFO - Вызвана страница анализа заказов
2024-09-20 21:54:06,308 - INFO - Вызвана главная страница
2024-09-20 22:12:11,821 - INFO - Вызвана страница фильтрации заказов
2024-09-20 22:12:18,729 - INFO - Вызвана страница списка людей
2024-09-20 22:12:19,826 - INFO - Вызвана страница анализа заказов
2024-09-20 22:14:06,110 - INFO - Вызвана страница списка людей
2024-09-20 22:15:43,089 - INFO - Вызвана страница списка людей
2024-09-20 22:15:44,054 - INFO - Вызвана страница списка людей
2024-09-20 22:16:21,669 - INFO - Вызвана страница списка людей
2024-09-20 22:16:22,386 - INFO - Вызвана страница списка людей
2024-09-20 22:17:42,325 - INFO - Вызвана страница списка людей
2024-09-20 22:17:43,926 - INFO - Вызвана страница списка людей
2024-09-20 22:17:50,871 - INFO - Вызвана страница списка людей
2024-09-20 22:17:51,233 - INFO - Вызвана страница списка людей
2024-09-20 22:17:51,953 - INFO - Вызвана страница списка людей
2024-09-20 22:17:52,329 - INFO - Вызвана страница списка людей
2024-09-20 22:17:56,289 - INFO - Вызвана страница списка людей
2024-09-20 22:17:56,982 - INFO - Вызвана страница списка людей
2024-09-20 22:18:04,949 - INFO - Вызвана страница списка людей
2024-09-20 22:18:19,987 - INFO - Вызвана страница списка людей
2024-09-20 22:18:20,509 - INFO - Вызвана страница списка людей
2024-09-20 22:18:20,945 - INFO - Вызвана страница списка людей
2024-09-20 22:18:36,446 - INFO - Вызвана страница списка людей
2024-09-20 22:18:42,098 - INFO - Вызвана страница списка людей
2024-09-20 22:19:51,762 - INFO - Вызвана страница списка людей
2024-09-20 22:19:52,429 - INFO - Вызвана страница списка людей
2024-09-20 22:20:30,223 - INFO - Вызвана страница списка людей
2024-09-20 22:20:30,852 - INFO - Вызвана страница списка людей
2024-09-20 22:20:31,229 - INFO - Вызвана страница списка людей
2024-09-20 22:20:40,455 - INFO - Вызвана страница списка людей
2024-09-20 22:20:55,865 - INFO - Вызвана страница списка людей
2024-09-20 22:20:56,531 - INFO - Вызвана страница списка людей
2024-09-20 22:21:05,234 - INFO - Вызвана страница списка людей
2024-09-20 22:21:05,652 - INFO - Вызвана страница списка людей
2024-09-20 22:21:06,166 - INFO - Вызвана страница списка людей
2024-09-20 22:21:06,435 - INFO - Вызвана страница списка людей
2024-09-20 22:23:26,132 - INFO - Вызвана страница списка людей
2024-09-20 22:23:27,158 - INFO - Вызвана страница списка людей
2024-09-20 22:23:27,538 - INFO - Вызвана страница списка людей
2024-09-20 22:23:31,384 - INFO - Вызвана страница списка людей
2024-09-20 22:23:31,724 - INFO - Вызвана страница списка людей
2024-09-20 22:23:52,705 - INFO - Вызвана страница списка людей
2024-09-20 22:23:56,828 - INFO - Вызвана страница списка людей
2024-09-20 22:23:56,924 - INFO - Вызвана страница списка людей
2024-09-20 22:23:57,547 - INFO - Вызвана страница списка людей
2024-09-20 22:24:19,712 - INFO - Вызвана страница списка людей
2024-09-20 22:24:20,118 - INFO - Вызвана страница списка людей
2024-09-20 22:24:20,527 - INFO - Вызвана страница списка людей
2024-09-20 22:24:20,943 - INFO - Вызвана страница списка людей
2024-09-20 22:24:33,782 - INFO - Вызвана страница списка людей
2024-09-20 22:24:34,301 - INFO - Вызвана страница списка людей
2024-09-20 22:25:31,286 - INFO - Вызвана страница списка людей
2024-09-20 22:25:32,633 - INFO - Вызвана страница списка людей
2024-09-20 22:25:45,457 - INFO - Вызвана страница списка людей
2024-09-20 22:25:46,009 - INFO - Вызвана страница списка людей
2024-09-20 22:25:46,350 - INFO - Вызвана страница списка людей
2024-09-20 22:25:50,575 - INFO - Вызвана страница списка людей
2024-09-20 22:26:17,340 - INFO - Вызвана страница списка людей
2024-09-20 22:29:39,789 - INFO - Вызвана страница списка людей
2024-09-20 22:29:40,363 - INFO - Вызвана страница списка людей
2024-09-20 22:29:40,781 - INFO - Вызвана страница списка людей
2024-09-20 22:29:41,198 - INFO - Вызвана страница списка людей
2024-09-20 22:29:45,154 - INFO - Вызвана страница списка людей
2024-09-20 22:29:45,494 - INFO - Вызвана страница списка людей
2024-09-20 22:29:52,944 - INFO - Вызвана страница списка людей
2024-09-20 22:30:01,676 - INFO - Вызвана страница списка людей
2024-09-20 22:30:06,688 - INFO - Вызвана страница списка людей
2024-09-20 22:30:53,626 - INFO - Вызвана страница списка людей
2024-09-20 22:30:54,479 - INFO - Вызвана страница списка людей
2024-09-20 22:30:58,482 - INFO - Вызвана страница списка людей
2024-09-20 22:31:25,560 - INFO - Вызвана страница списка людей
2024-09-20 22:31:26,330 - INFO - Вызвана страница списка людей
2024-09-20 22:31:34,560 - INFO - Вызвана страница списка людей
2024-09-20 22:36:34,622 - INFO - Вызвана страница списка людей
2024-09-20 22:41:34,721 - INFO - Вызвана страница списка людей
2024-09-20 22:42:27,467 - INFO - Вызвана страница списка людей
2024-09-20 22:42:28,385 - INFO - Вызвана страница списка людей
2024-09-20 22:42:40,788 - INFO - Вызвана страница списка людей
2024-09-20 22:42:57,977 - INFO - Вызвана страница списка людей
2024-09-20 22:43:40,618 - INFO - Вызвана страница списка людей
2024-09-20 22:43:41,497 - INFO - Вызвана страница списка людей
2024-09-20 22:43:57,531 - INFO - Вызвана страница списка людей
2024-09-20 22:44:03,921 - INFO - Вызвана страница списка людей
2024-09-20 22:44:04,918 - INFO - Вызвана страница списка людей
2024-09-20 22:44:17,419 - INFO - Вызвана страница списка людей
2024-09-20 22:44:20,428 - INFO - Вызвана страница списка людей
2024-09-20 22:44:24,361 - INFO - Вызвана страница списка людей
2024-09-20 22:44:37,676 - INFO - Вызвана страница списка людей
2024-09-20 22:45:08,716 - INFO - Вызвана страница списка людей
2024-09-20 22:45:12,626 - INFO - Вызвана страница списка людей
2024-09-20 22:46:03,854 - INFO - Вызвана страница списка людей
2024-09-20 22:46:07,558 - INFO - Вызвана страница списка людей
2024-09-20 22:46:25,771 - INFO - Вызвана страница списка людей
2024-09-20 22:46:26,250 - INFO - Вызвана страница списка людей
2024-09-20 22:46:26,785 - INFO - Вызвана страница списка людей
2024-09-20 22:46:35,752 - INFO - Вызвана страница списка людей
2024-09-20 22:46:36,167 - INFO - Вызвана страница списка людей
2024-09-20 22:46:36,957 - INFO - Вызвана страница списка людей
2024-09-20 22:46:37,300 - INFO - Вызвана страница списка людей
2024-09-20 22:51:37,374 - INFO - Вызвана страница списка людей
2024-09-20 22:51:52,878 - INFO - Вызвана страница анализа заказов
2024-09-20 22:52:23,562 - INFO - Вызвана страница анализа заказов
2024-09-20 22:52:24,850 - INFO - Вызвана страница анализа заказов
2024-09-20 22:52:32,659 - INFO - Вызвана страница анализа заказов
2024-09-20 22:52:57,135 - INFO - Вызвана страница анализа заказов
2024-09-20 22:54:32,295 - INFO - Вызвана страница анализа заказов
2024-09-20 22:54:32,972 - INFO - Вызвана страница анализа заказов
2024-09-20 22:54:42,310 - INFO - Вызвана страница анализа заказов
2024-09-20 22:54:43,045 - INFO - Вызвана страница анализа заказов
2024-09-20 22:54:51,532 - INFO - Вызвана страница анализа заказов
2024-09-20 22:54:55,332 - INFO - Вызвана страница анализа заказов
2024-09-20 22:54:56,031 - INFO - Вызвана страница анализа заказов
2024-09-20 22:55:23,487 - INFO - Вызвана страница анализа заказов
2024-09-20 22:55:24,946 - INFO - Вызвана страница анализа заказов
2024-09-20 22:55:38,628 - INFO - Вызвана страница анализа заказов
2024-09-20 22:55:43,112 - INFO - Вызвана главная страница
2024-09-20 23:00:43,587 - INFO - Вызвана главная страница
2024-09-20 23:07:02,168 - INFO - Вызвана главная страница
2024-09-21 13:36:40,164 - INFO - Вызвана главная страница
2024-09-21 13:36:43,442 - INFO - Вызвана страница всех бонусов
2024-09-21 13:38:51,864 - INFO - C:\Users\maksk\Desktop\lab5\rent_cars\users\views.py changed, reloading.
2024-09-21 13:41:43,544 - INFO - Вызвана страница всех бонусов
2024-09-21 13:42:00,270 - INFO - Вызвана страница всех бонусов
2024-09-21 13:42:03,549 - INFO - Вызвана страница всех бонусов
2024-09-21 13:42:24,773 - INFO - Вызвана страница всех бонусов
2024-09-21 13:42:24,882 - ERROR - Internal Server Error: /all-items/
Traceback (most recent call last):
  File "C:\Users\maksk\AppData\Local\Packages\PythonSoftwareFoundation.Python.3.11_qbz5n2kfra8p0\LocalCache\local-packages\Python311\site-packages\django\template\base.py", line 510, in parse
    compile_func = self.tags[command]
                   ~~~~~~~~~^^^^^^^^^
KeyError: 'endfor'

During handling of the above exception, another exception occurred:

Traceback (most recent call last):
  File "C:\Users\maksk\AppData\Local\Packages\PythonSoftwareFoundation.Python.3.11_qbz5n2kfra8p0\LocalCache\local-packages\Python311\site-packages\django\core\handlers\exception.py", line 55, in inner
    response = get_response(request)
               ^^^^^^^^^^^^^^^^^^^^^
  File "C:\Users\maksk\AppData\Local\Packages\PythonSoftwareFoundation.Python.3.11_qbz5n2kfra8p0\LocalCache\local-packages\Python311\site-packages\django\core\handlers\base.py", line 197, in _get_response
    response = wrapped_callback(request, *callback_args, **callback_kwargs)
               ^^^^^^^^^^^^^^^^^^^^^^^^^^^^^^^^^^^^^^^^^^^^^^^^^^^^^^^^^^^^
  File "C:\Users\maksk\Desktop\lab5\rent_cars\users\views.py", line 334, in all_items
    return render(request, 'users/all_items.html', context)
           ^^^^^^^^^^^^^^^^^^^^^^^^^^^^^^^^^^^^^^^^^^^^^^^^
  File "C:\Users\maksk\AppData\Local\Packages\PythonSoftwareFoundation.Python.3.11_qbz5n2kfra8p0\LocalCache\local-packages\Python311\site-packages\django\shortcuts.py", line 25, in render
    content = loader.render_to_string(template_name, context, request, using=using)
              ^^^^^^^^^^^^^^^^^^^^^^^^^^^^^^^^^^^^^^^^^^^^^^^^^^^^^^^^^^^^^^^^^^^^^
  File "C:\Users\maksk\AppData\Local\Packages\PythonSoftwareFoundation.Python.3.11_qbz5n2kfra8p0\LocalCache\local-packages\Python311\site-packages\django\template\loader.py", line 61, in render_to_string
    template = get_template(template_name, using=using)
               ^^^^^^^^^^^^^^^^^^^^^^^^^^^^^^^^^^^^^^^^
  File "C:\Users\maksk\AppData\Local\Packages\PythonSoftwareFoundation.Python.3.11_qbz5n2kfra8p0\LocalCache\local-packages\Python311\site-packages\django\template\loader.py", line 15, in get_template
    return engine.get_template(template_name)
           ^^^^^^^^^^^^^^^^^^^^^^^^^^^^^^^^^^
  File "C:\Users\maksk\AppData\Local\Packages\PythonSoftwareFoundation.Python.3.11_qbz5n2kfra8p0\LocalCache\local-packages\Python311\site-packages\django\template\backends\django.py", line 79, in get_template
    return Template(self.engine.get_template(template_name), self)
                    ^^^^^^^^^^^^^^^^^^^^^^^^^^^^^^^^^^^^^^^
  File "C:\Users\maksk\AppData\Local\Packages\PythonSoftwareFoundation.Python.3.11_qbz5n2kfra8p0\LocalCache\local-packages\Python311\site-packages\django\template\engine.py", line 177, in get_template
    template, origin = self.find_template(template_name)
                       ^^^^^^^^^^^^^^^^^^^^^^^^^^^^^^^^^
  File "C:\Users\maksk\AppData\Local\Packages\PythonSoftwareFoundation.Python.3.11_qbz5n2kfra8p0\LocalCache\local-packages\Python311\site-packages\django\template\engine.py", line 159, in find_template
    template = loader.get_template(name, skip=skip)
               ^^^^^^^^^^^^^^^^^^^^^^^^^^^^^^^^^^^^
  File "C:\Users\maksk\AppData\Local\Packages\PythonSoftwareFoundation.Python.3.11_qbz5n2kfra8p0\LocalCache\local-packages\Python311\site-packages\django\template\loaders\cached.py", line 57, in get_template
    template = super().get_template(template_name, skip)
               ^^^^^^^^^^^^^^^^^^^^^^^^^^^^^^^^^^^^^^^^^
  File "C:\Users\maksk\AppData\Local\Packages\PythonSoftwareFoundation.Python.3.11_qbz5n2kfra8p0\LocalCache\local-packages\Python311\site-packages\django\template\loaders\base.py", line 28, in get_template
    return Template(
           ^^^^^^^^^
  File "C:\Users\maksk\AppData\Local\Packages\PythonSoftwareFoundation.Python.3.11_qbz5n2kfra8p0\LocalCache\local-packages\Python311\site-packages\django\template\base.py", line 154, in __init__
    self.nodelist = self.compile_nodelist()
                    ^^^^^^^^^^^^^^^^^^^^^^^
  File "C:\Users\maksk\AppData\Local\Packages\PythonSoftwareFoundation.Python.3.11_qbz5n2kfra8p0\LocalCache\local-packages\Python311\site-packages\django\template\base.py", line 196, in compile_nodelist
    nodelist = parser.parse()
               ^^^^^^^^^^^^^^
  File "C:\Users\maksk\AppData\Local\Packages\PythonSoftwareFoundation.Python.3.11_qbz5n2kfra8p0\LocalCache\local-packages\Python311\site-packages\django\template\base.py", line 518, in parse
    raise self.error(token, e)
  File "C:\Users\maksk\AppData\Local\Packages\PythonSoftwareFoundation.Python.3.11_qbz5n2kfra8p0\LocalCache\local-packages\Python311\site-packages\django\template\base.py", line 516, in parse
    compiled_result = compile_func(self, token)
                      ^^^^^^^^^^^^^^^^^^^^^^^^^
  File "C:\Users\maksk\AppData\Local\Packages\PythonSoftwareFoundation.Python.3.11_qbz5n2kfra8p0\LocalCache\local-packages\Python311\site-packages\django\template\loader_tags.py", line 295, in do_extends
    nodelist = parser.parse()
               ^^^^^^^^^^^^^^
  File "C:\Users\maksk\AppData\Local\Packages\PythonSoftwareFoundation.Python.3.11_qbz5n2kfra8p0\LocalCache\local-packages\Python311\site-packages\django\template\base.py", line 518, in parse
    raise self.error(token, e)
  File "C:\Users\maksk\AppData\Local\Packages\PythonSoftwareFoundation.Python.3.11_qbz5n2kfra8p0\LocalCache\local-packages\Python311\site-packages\django\template\base.py", line 516, in parse
    compiled_result = compile_func(self, token)
                      ^^^^^^^^^^^^^^^^^^^^^^^^^
  File "C:\Users\maksk\AppData\Local\Packages\PythonSoftwareFoundation.Python.3.11_qbz5n2kfra8p0\LocalCache\local-packages\Python311\site-packages\django\template\loader_tags.py", line 234, in do_block
    nodelist = parser.parse(("endblock",))
               ^^^^^^^^^^^^^^^^^^^^^^^^^^^
  File "C:\Users\maksk\AppData\Local\Packages\PythonSoftwareFoundation.Python.3.11_qbz5n2kfra8p0\LocalCache\local-packages\Python311\site-packages\django\template\base.py", line 512, in parse
    self.invalid_block_tag(token, command, parse_until)
  File "C:\Users\maksk\AppData\Local\Packages\PythonSoftwareFoundation.Python.3.11_qbz5n2kfra8p0\LocalCache\local-packages\Python311\site-packages\django\template\base.py", line 563, in invalid_block_tag
    raise self.error(
django.template.exceptions.TemplateSyntaxError: Invalid block tag on line 46: 'endfor', expected 'endblock'. Did you forget to register or load this tag?
2024-09-21 13:42:25,005 - WARNING - Not Found: /favicon.ico
2024-09-21 13:42:29,591 - INFO - Вызвана страница всех бонусов
2024-09-21 13:43:33,638 - INFO - Вызвана страница всех бонусов
2024-09-21 13:43:34,287 - INFO - Вызвана страница всех бонусов
2024-09-21 13:44:23,138 - INFO - Вызвана страница всех бонусов
2024-09-21 13:44:23,895 - INFO - Вызвана страница всех бонусов
2024-09-21 13:45:48,452 - INFO - Вызвана страница всех бонусов
2024-09-21 13:46:54,998 - INFO - Вызвана страница всех бонусов
2024-09-21 13:47:05,407 - INFO - Промокод изменен
2024-09-21 13:47:05,410 - INFO - Вызвана страница всех бонусов
2024-09-21 13:52:05,449 - INFO - Вызвана страница всех бонусов
2024-09-21 13:57:05,517 - INFO - Вызвана страница всех бонусов
2024-09-21 14:04:20,459 - INFO - Вызвана страница всех бонусов
2024-09-21 14:09:21,977 - INFO - Вызвана страница всех бонусов
2024-09-21 14:09:45,567 - INFO - Вызвана страница всех бонусов
2024-09-21 14:10:10,624 - INFO - Вызвана страница всех бонусов
2024-09-21 14:10:11,177 - INFO - Вызвана страница всех бонусов
2024-09-21 14:10:12,217 - INFO - Вызвана страница всех бонусов
2024-09-21 14:10:44,926 - INFO - Вызвана страница всех бонусов
2024-09-21 14:10:45,519 - INFO - Вызвана страница всех бонусов
2024-09-21 14:10:58,343 - INFO - Вызвана страница всех бонусов
2024-09-21 14:10:58,886 - INFO - Вызвана страница всех бонусов
2024-09-21 14:11:11,152 - INFO - Вызвана страница всех бонусов
2024-09-21 14:11:11,730 - INFO - Вызвана страница всех бонусов
2024-09-21 14:13:13,472 - INFO - Вызвана страница всех бонусов
2024-09-21 14:13:30,263 - INFO - Вызвана страница всех бонусов
2024-09-21 14:13:43,424 - INFO - Вызвана страница всех бонусов
2024-09-21 14:13:51,396 - INFO - Вызвана страница всех бонусов
2024-09-21 14:13:52,032 - INFO - Вызвана страница всех бонусов
2024-09-21 14:14:33,530 - INFO - Вызвана страница всех бонусов
2024-09-21 14:14:33,788 - INFO - Вызвана страница всех бонусов
2024-09-21 14:14:34,350 - INFO - Вызвана страница всех бонусов
2024-09-21 14:14:34,730 - INFO - Вызвана страница всех бонусов
2024-09-21 14:14:58,106 - INFO - Вызвана страница всех бонусов
2024-09-21 14:14:58,656 - INFO - Вызвана страница всех бонусов
2024-09-21 14:14:58,890 - INFO - Вызвана страница всех бонусов
2024-09-21 14:14:59,099 - INFO - Вызвана страница всех бонусов
2024-09-21 14:15:10,819 - INFO - Вызвана страница всех бонусов
2024-09-21 14:15:11,416 - INFO - Вызвана страница всех бонусов
2024-09-21 14:15:22,869 - INFO - Вызвана страница всех бонусов
2024-09-21 14:15:23,778 - INFO - Вызвана страница всех бонусов
2024-09-21 14:15:34,150 - INFO - Вызвана страница всех бонусов
2024-09-21 14:16:28,594 - INFO - Вызвана страница всех бонусов
2024-09-21 14:16:35,008 - INFO - Вызвана страница всех бонусов
2024-09-21 14:16:44,120 - INFO - Вызвана страница всех бонусов
2024-09-21 14:16:44,717 - INFO - Вызвана страница всех бонусов
2024-09-21 14:18:18,903 - INFO - Вызвана страница всех бонусов
2024-09-21 14:18:19,534 - INFO - Вызвана страница всех бонусов
2024-09-21 14:18:19,871 - INFO - Вызвана страница всех бонусов
2024-09-21 14:18:21,172 - INFO - Вызвана страница всех бонусов
2024-09-21 14:18:21,402 - INFO - Вызвана страница всех бонусов
2024-09-21 14:18:21,743 - INFO - Вызвана страница всех бонусов
2024-09-21 14:19:11,299 - INFO - Вызвана страница всех бонусов
2024-09-21 14:19:12,211 - INFO - Вызвана страница всех бонусов
2024-09-21 14:19:12,885 - INFO - Вызвана страница всех бонусов
2024-09-21 14:19:15,392 - INFO - Вызвана страница всех бонусов
2024-09-21 14:20:09,747 - INFO - Вызвана страница всех бонусов
2024-09-21 14:20:10,371 - INFO - Вызвана страница всех бонусов
2024-09-21 14:20:10,783 - INFO - Вызвана страница всех бонусов
2024-09-21 14:20:27,702 - INFO - Вызвана страница всех бонусов
2024-09-21 14:20:28,158 - INFO - Вызвана страница всех бонусов
2024-09-21 14:20:28,497 - INFO - Вызвана страница всех бонусов
2024-09-21 14:20:28,914 - INFO - Вызвана страница всех бонусов
2024-09-21 14:25:29,053 - INFO - Вызвана страница всех бонусов
2024-09-21 14:27:31,138 - INFO - Вызвана главная страница
2024-09-21 14:27:32,190 - INFO - Вызвана главная страница
2024-09-21 14:27:32,685 - INFO - Вызвана главная страница
2024-09-21 14:28:11,992 - INFO - Вызвана главная страница
2024-09-21 14:28:12,403 - INFO - Вызвана главная страница
2024-09-21 14:28:12,854 - INFO - Вызвана главная страница
2024-09-21 14:28:14,143 - INFO - Вызвана главная страница
2024-09-21 14:28:28,864 - INFO - Вызвана главная страница
2024-09-21 14:28:55,528 - INFO - Вызвана главная страница
2024-09-21 14:28:56,192 - INFO - Вызвана главная страница
2024-09-21 14:29:08,871 - INFO - Вызвана главная страница
2024-09-21 14:29:18,430 - INFO - Вызвана главная страница
2024-09-21 14:29:18,769 - INFO - Вызвана главная страница
2024-09-21 14:29:19,856 - INFO - Вызвана главная страница
2024-09-21 14:31:38,493 - INFO - Вызвана главная страница
2024-09-21 14:31:39,265 - INFO - Вызвана главная страница
2024-09-21 14:33:15,654 - INFO - Вызвана главная страница
2024-09-21 14:33:25,427 - INFO - Вызвана главная страница
2024-09-21 14:33:30,774 - INFO - Вызвана главная страница
2024-09-21 14:38:30,993 - INFO - Вызвана главная страница
2024-09-21 14:43:31,496 - INFO - Вызвана главная страница
2024-09-21 15:51:26,819 - INFO - Вызвана главная страница
2024-09-21 15:51:57,501 - INFO - Вызвана главная страница
2024-09-21 15:51:58,156 - INFO - Вызвана главная страница
2024-09-21 15:51:58,877 - INFO - Вызвана главная страница
2024-09-21 15:52:05,417 - INFO - Вызвана главная страница
2024-09-21 15:52:06,009 - INFO - Вызвана главная страница
2024-09-21 15:52:06,715 - INFO - Вызвана главная страница
2024-09-21 15:52:13,892 - INFO - Вызвана главная страница
2024-09-21 15:52:14,622 - INFO - Вызвана главная страница
2024-09-21 16:08:18,922 - INFO - Вызвана главная страница
2024-09-21 21:09:46,527 - INFO - Вызвана главная страница
2024-09-21 21:10:14,326 - INFO - Вызвана главная страница
2024-09-21 21:10:17,670 - INFO - Вызвана главная страница
2024-09-21 21:10:20,369 - INFO - Вызвана главная страница
2024-09-21 21:10:20,837 - INFO - Вызвана главная страница
2024-09-21 21:10:21,106 - INFO - Вызвана главная страница
2024-09-21 21:15:21,369 - INFO - Вызвана главная страница
2024-09-21 21:20:21,596 - INFO - Вызвана главная страница
2024-09-21 21:25:21,908 - INFO - Вызвана главная страница
2024-09-21 22:34:34,527 - INFO - Вызвана главная страница
2024-09-21 23:06:12,918 - INFO - Вызвана страница списка людей
2024-09-21 23:06:34,567 - INFO - Вызвана страница списка людей
2024-09-21 23:06:35,135 - INFO - Вызвана страница списка людей
2024-09-21 23:06:35,448 - INFO - Вызвана страница списка людей
2024-09-21 23:06:36,050 - INFO - Вызвана страница списка людей
2024-09-21 23:06:39,409 - INFO - Вызвана страница списка людей
2024-09-21 23:06:40,059 - INFO - Вызвана страница списка людей
2024-09-21 23:08:01,637 - INFO - Вызвана страница списка людей
2024-09-21 23:08:02,181 - INFO - Вызвана страница списка людей
2024-09-21 23:08:09,424 - INFO - Вызвана страница списка людей
2024-09-21 23:11:00,686 - INFO - Вызвана страница списка людей
2024-09-21 23:11:01,272 - INFO - Вызвана страница списка людей
2024-09-21 23:11:01,642 - INFO - Вызвана страница списка людей
2024-09-21 23:11:01,983 - INFO - Вызвана страница списка людей
2024-09-21 23:11:07,640 - INFO - Вызвана страница списка людей
2024-09-21 23:11:08,266 - INFO - Вызвана страница списка людей
2024-09-21 23:11:08,489 - INFO - Вызвана страница списка людей
2024-09-21 23:11:58,509 - INFO - Вызвана страница списка людей
2024-09-21 23:11:59,492 - INFO - Вызвана страница списка людей
2024-09-21 23:11:59,865 - INFO - Вызвана страница списка людей
2024-09-21 23:12:00,283 - INFO - Вызвана страница списка людей
2024-09-21 23:12:00,626 - INFO - Вызвана страница списка людей
2024-09-21 23:12:14,293 - INFO - Вызвана страница списка людей
2024-09-21 23:12:14,545 - INFO - Вызвана страница списка людей
2024-09-21 23:12:21,191 - INFO - Вызвана страница списка людей
2024-09-21 23:12:21,572 - INFO - Вызвана страница списка людей
2024-09-21 23:12:21,915 - INFO - Вызвана страница списка людей
2024-09-21 23:12:22,184 - INFO - Вызвана страница списка людей
2024-09-21 23:12:22,371 - INFO - Вызвана страница списка людей
2024-09-21 23:17:22,666 - INFO - Вызвана страница списка людей
2024-09-21 23:18:25,357 - INFO - Вызвана страница списка людей
2024-09-21 23:18:27,328 - INFO - Вызвана страница списка людей
2024-09-21 23:18:33,569 - INFO - Вызвана страница списка людей
2024-09-21 23:23:33,757 - INFO - Вызвана страница списка людей
2024-09-22 10:46:45,723 - INFO - Вызвана главная страница
2024-09-22 10:46:51,602 - INFO - Вызвана страница списка людей
2024-09-22 10:46:58,538 - INFO - Вызвана страница списка людей
2024-09-22 10:48:23,627 - INFO - Вызвана страница списка людей
2024-09-22 10:48:24,779 - INFO - Вызвана страница списка людей
2024-09-22 10:48:25,501 - INFO - Вызвана страница списка людей
2024-09-22 10:48:33,151 - INFO - Вызвана страница списка людей
2024-09-22 10:51:42,980 - INFO - Вызвана страница списка людей
2024-09-22 10:51:51,224 - INFO - Вызвана страница списка людей
2024-09-22 10:52:55,428 - INFO - Вызвана страница списка людей
2024-09-22 10:52:57,817 - INFO - Вызвана страница анализа заказов
2024-09-22 10:56:51,318 - INFO - Вызвана страница списка людей
2024-09-22 11:00:00,192 - INFO - Вызвана страница анализа заказов
2024-09-22 11:00:48,726 - INFO - Вызвана страница анализа заказов
2024-09-22 11:01:51,400 - INFO - Вызвана страница списка людей
2024-09-22 11:05:48,998 - INFO - Вызвана страница анализа заказов
2024-09-22 11:05:57,858 - INFO - Вызвана страница анализа заказов
2024-09-22 11:06:29,093 - INFO - Вызвана страница анализа заказов
2024-09-22 11:06:51,498 - INFO - Вызвана страница списка людей
2024-09-22 11:06:53,866 - INFO - Вызвана страница анализа заказов
2024-09-22 11:11:51,592 - INFO - Вызвана страница списка людей
2024-09-22 11:11:54,110 - INFO - Вызвана страница анализа заказов
2024-09-22 11:16:51,691 - INFO - Вызвана страница списка людей
2024-09-22 11:21:51,800 - INFO - Вызвана страница списка людей
2024-09-22 11:26:55,321 - INFO - Вызвана страница списка людей
2024-09-22 11:41:36,624 - INFO - Вызвана главная страница
2024-09-22 11:42:12,388 - INFO - Вызвана главная страница
2024-09-22 11:42:12,957 - INFO - Вызвана главная страница
2024-09-22 11:42:32,222 - INFO - Вызвана главная страница
2024-09-22 11:42:33,212 - INFO - Вызвана главная страница
2024-09-22 11:42:36,758 - INFO - Вызвана главная страница
2024-09-22 11:44:55,402 - INFO - Вызвана главная страница
2024-09-22 12:08:30,252 - INFO - Вызвана главная страница
2024-09-22 12:08:33,488 - INFO - Вызвана страница всех бонусов
2024-09-22 12:08:37,815 - INFO - Вызвана страница фильтрации заказов
2024-09-22 12:08:46,871 - INFO - Вызвана страница деталей заказа
2024-09-22 12:27:55,756 - INFO - Вызвана страница всех бонусов
2024-09-22 12:28:42,372 - INFO - Вызвана страница всех бонусов
2024-09-22 12:28:43,426 - INFO - Вызвана главная страница
2024-09-22 12:28:46,916 - INFO - Вызвана главная страница
2024-09-22 12:29:57,021 - INFO - Вызвана главная страница
2024-09-22 12:30:02,099 - INFO - Вызвана главная страница
2024-09-22 12:30:05,101 - INFO - Вызвана страница всех бонусов
2024-09-22 13:04:26,778 - INFO -  вышел с аккаунта
2024-09-22 13:04:26,785 - INFO - Вызвана главная страница
2024-09-22 13:04:42,300 - INFO - Вызвана главная страница
2024-09-22 13:04:42,447 - ERROR - Internal Server Error: /
Traceback (most recent call last):
  File "C:\Users\maksk\AppData\Local\Packages\PythonSoftwareFoundation.Python.3.11_qbz5n2kfra8p0\LocalCache\local-packages\Python311\site-packages\django\template\base.py", line 510, in parse
    compile_func = self.tags[command]
                   ~~~~~~~~~^^^^^^^^^
KeyError: 'endif'

During handling of the above exception, another exception occurred:

Traceback (most recent call last):
  File "C:\Users\maksk\AppData\Local\Packages\PythonSoftwareFoundation.Python.3.11_qbz5n2kfra8p0\LocalCache\local-packages\Python311\site-packages\django\core\handlers\exception.py", line 55, in inner
    response = get_response(request)
               ^^^^^^^^^^^^^^^^^^^^^
  File "C:\Users\maksk\AppData\Local\Packages\PythonSoftwareFoundation.Python.3.11_qbz5n2kfra8p0\LocalCache\local-packages\Python311\site-packages\django\core\handlers\base.py", line 197, in _get_response
    response = wrapped_callback(request, *callback_args, **callback_kwargs)
               ^^^^^^^^^^^^^^^^^^^^^^^^^^^^^^^^^^^^^^^^^^^^^^^^^^^^^^^^^^^^
  File "C:\Users\maksk\Desktop\lab5\rent_cars\users\views.py", line 98, in index
    return render(request, 'users/index.html', {'current_month': current_month, 'current_year': current_year, 'cal': cal, 'month_number': month_number, 'user_timezone': user_timezone, 'current_date': current_date, 'body_types': body_types, 'cars': cars, 'discounts': discounts, 'penalties': penalties, 'promoCodes': promoCodes, 'article': article, 'partners': partners})
           ^^^^^^^^^^^^^^^^^^^^^^^^^^^^^^^^^^^^^^^^^^^^^^^^^^^^^^^^^^^^^^^^^^^^^^^^^^^^^^^^^^^^^^^^^^^^^^^^^^^^^^^^^^^^^^^^^^^^^^^^^^^^^^^^^^^^^^^^^^^^^^^^^^^^^^^^^^^^^^^^^^^^^^^^^^^^^^^^^^^^^^^^^^^^^^^^^^^^^^^^^^^^^^^^^^^^^^^^^^^^^^^^^^^^^^^^^^^^^^^^^^^^^^^^^^^^^^^^^^^^^^^^^^^^^^^^^^^^^^^^^^^^^^^^^^^^^^^^^^^^^^^^^^^^^^^^^^^^^^^^^^^^^^^^^^^^^^^^^^^^^^^^^^^^^^^^^^^^^^^
  File "C:\Users\maksk\AppData\Local\Packages\PythonSoftwareFoundation.Python.3.11_qbz5n2kfra8p0\LocalCache\local-packages\Python311\site-packages\django\shortcuts.py", line 25, in render
    content = loader.render_to_string(template_name, context, request, using=using)
              ^^^^^^^^^^^^^^^^^^^^^^^^^^^^^^^^^^^^^^^^^^^^^^^^^^^^^^^^^^^^^^^^^^^^^
  File "C:\Users\maksk\AppData\Local\Packages\PythonSoftwareFoundation.Python.3.11_qbz5n2kfra8p0\LocalCache\local-packages\Python311\site-packages\django\template\loader.py", line 62, in render_to_string
    return template.render(context, request)
           ^^^^^^^^^^^^^^^^^^^^^^^^^^^^^^^^^
  File "C:\Users\maksk\AppData\Local\Packages\PythonSoftwareFoundation.Python.3.11_qbz5n2kfra8p0\LocalCache\local-packages\Python311\site-packages\django\template\backends\django.py", line 107, in render
    return self.template.render(context)
           ^^^^^^^^^^^^^^^^^^^^^^^^^^^^^
  File "C:\Users\maksk\AppData\Local\Packages\PythonSoftwareFoundation.Python.3.11_qbz5n2kfra8p0\LocalCache\local-packages\Python311\site-packages\django\template\base.py", line 171, in render
    return self._render(context)
           ^^^^^^^^^^^^^^^^^^^^^
  File "C:\Users\maksk\AppData\Local\Packages\PythonSoftwareFoundation.Python.3.11_qbz5n2kfra8p0\LocalCache\local-packages\Python311\site-packages\django\template\base.py", line 163, in _render
    return self.nodelist.render(context)
           ^^^^^^^^^^^^^^^^^^^^^^^^^^^^^
  File "C:\Users\maksk\AppData\Local\Packages\PythonSoftwareFoundation.Python.3.11_qbz5n2kfra8p0\LocalCache\local-packages\Python311\site-packages\django\template\base.py", line 1008, in render
    return SafeString("".join([node.render_annotated(context) for node in self]))
                              ^^^^^^^^^^^^^^^^^^^^^^^^^^^^^^^^^^^^^^^^^^^^^^^^^
  File "C:\Users\maksk\AppData\Local\Packages\PythonSoftwareFoundation.Python.3.11_qbz5n2kfra8p0\LocalCache\local-packages\Python311\site-packages\django\template\base.py", line 1008, in <listcomp>
    return SafeString("".join([node.render_annotated(context) for node in self]))
                               ^^^^^^^^^^^^^^^^^^^^^^^^^^^^^^
  File "C:\Users\maksk\AppData\Local\Packages\PythonSoftwareFoundation.Python.3.11_qbz5n2kfra8p0\LocalCache\local-packages\Python311\site-packages\django\template\base.py", line 969, in render_annotated
    return self.render(context)
           ^^^^^^^^^^^^^^^^^^^^
  File "C:\Users\maksk\AppData\Local\Packages\PythonSoftwareFoundation.Python.3.11_qbz5n2kfra8p0\LocalCache\local-packages\Python311\site-packages\django\template\loader_tags.py", line 134, in render
    compiled_parent = self.get_parent(context)
                      ^^^^^^^^^^^^^^^^^^^^^^^^
  File "C:\Users\maksk\AppData\Local\Packages\PythonSoftwareFoundation.Python.3.11_qbz5n2kfra8p0\LocalCache\local-packages\Python311\site-packages\django\template\loader_tags.py", line 131, in get_parent
    return self.find_template(parent, context)
           ^^^^^^^^^^^^^^^^^^^^^^^^^^^^^^^^^^^
  File "C:\Users\maksk\AppData\Local\Packages\PythonSoftwareFoundation.Python.3.11_qbz5n2kfra8p0\LocalCache\local-packages\Python311\site-packages\django\template\loader_tags.py", line 109, in find_template
    template, origin = context.template.engine.find_template(
                       ^^^^^^^^^^^^^^^^^^^^^^^^^^^^^^^^^^^^^^
  File "C:\Users\maksk\AppData\Local\Packages\PythonSoftwareFoundation.Python.3.11_qbz5n2kfra8p0\LocalCache\local-packages\Python311\site-packages\django\template\engine.py", line 159, in find_template
    template = loader.get_template(name, skip=skip)
               ^^^^^^^^^^^^^^^^^^^^^^^^^^^^^^^^^^^^
  File "C:\Users\maksk\AppData\Local\Packages\PythonSoftwareFoundation.Python.3.11_qbz5n2kfra8p0\LocalCache\local-packages\Python311\site-packages\django\template\loaders\cached.py", line 57, in get_template
    template = super().get_template(template_name, skip)
               ^^^^^^^^^^^^^^^^^^^^^^^^^^^^^^^^^^^^^^^^^
  File "C:\Users\maksk\AppData\Local\Packages\PythonSoftwareFoundation.Python.3.11_qbz5n2kfra8p0\LocalCache\local-packages\Python311\site-packages\django\template\loaders\base.py", line 28, in get_template
    return Template(
           ^^^^^^^^^
  File "C:\Users\maksk\AppData\Local\Packages\PythonSoftwareFoundation.Python.3.11_qbz5n2kfra8p0\LocalCache\local-packages\Python311\site-packages\django\template\base.py", line 154, in __init__
    self.nodelist = self.compile_nodelist()
                    ^^^^^^^^^^^^^^^^^^^^^^^
  File "C:\Users\maksk\AppData\Local\Packages\PythonSoftwareFoundation.Python.3.11_qbz5n2kfra8p0\LocalCache\local-packages\Python311\site-packages\django\template\base.py", line 196, in compile_nodelist
    nodelist = parser.parse()
               ^^^^^^^^^^^^^^
  File "C:\Users\maksk\AppData\Local\Packages\PythonSoftwareFoundation.Python.3.11_qbz5n2kfra8p0\LocalCache\local-packages\Python311\site-packages\django\template\base.py", line 512, in parse
    self.invalid_block_tag(token, command, parse_until)
  File "C:\Users\maksk\AppData\Local\Packages\PythonSoftwareFoundation.Python.3.11_qbz5n2kfra8p0\LocalCache\local-packages\Python311\site-packages\django\template\base.py", line 573, in invalid_block_tag
    raise self.error(
django.template.exceptions.TemplateSyntaxError: Invalid block tag on line 65: 'endif'. Did you forget to register or load this tag?
2024-09-22 13:04:42,582 - WARNING - Not Found: /favicon.ico
2024-09-22 13:05:06,400 - INFO - Вызвана главная страница
2024-09-22 13:06:00,130 - INFO - Вызвана главная страница
2024-09-22 13:06:15,020 - INFO - Вызвана главная страница
2024-09-22 13:06:28,632 - INFO - Вызвана главная страница
2024-09-22 13:07:19,506 - INFO - Вызвана главная страница
2024-09-22 13:39:22,170 - INFO - Вызвана страница всех бонусов
2024-09-22 13:39:36,224 - INFO - Вызвана страница всех бонусов
2024-09-22 13:39:44,718 - INFO - Вызвана главная страница
2024-09-22 13:50:12,918 - INFO - Вызвана главная страница
2024-09-22 13:51:00,670 - INFO - Вызвана главная страница
2024-09-22 13:51:37,103 - INFO - Вызвана главная страница
2024-09-22 13:52:15,506 - INFO - Вызвана главная страница
2024-09-22 13:57:15,860 - INFO - Вызвана главная страница
2024-09-22 14:00:34,873 - INFO - Вызвана главная страница
2024-09-22 14:01:14,310 - INFO - Вызвана главная страница
2024-09-22 14:02:42,770 - INFO - Вызвана главная страница
2024-09-22 14:02:45,374 - INFO - Вызвана главная страница
2024-09-22 14:03:11,465 - INFO - Вызвана главная страница
2024-09-22 14:03:14,184 - INFO - Вызвана главная страница
2024-09-22 14:04:19,012 - INFO - Вызвана главная страница
2024-09-22 14:04:19,625 - INFO - Вызвана главная страница
2024-09-22 14:04:54,545 - INFO - Вызвана главная страница
2024-09-22 14:04:59,105 - INFO - Вызвана главная страница
2024-09-22 14:05:10,826 - INFO - Вызвана главная страница
2024-09-22 14:05:11,587 - INFO - Вызвана главная страница
2024-09-22 14:05:12,229 - INFO - Вызвана главная страница
2024-09-22 14:05:13,768 - INFO - Вызвана главная страница
2024-09-22 14:14:47,002 - INFO - Вызвана главная страница
2024-09-22 14:19:47,307 - INFO - Вызвана главная страница
2024-09-22 16:06:24,068 - INFO - Вызвана главная страница
2024-09-22 16:11:24,413 - INFO - Вызвана главная страница
2024-09-22 16:16:24,680 - INFO - Вызвана главная страница
2024-09-22 16:21:24,999 - INFO - Вызвана главная страница
2024-09-22 16:26:25,415 - INFO - Вызвана главная страница
2024-09-22 17:13:58,570 - INFO - Вызвана главная страница
2024-09-22 17:18:59,153 - INFO - Вызвана главная страница
2024-09-22 17:23:59,467 - INFO - Вызвана главная страница
2024-09-22 17:28:59,759 - INFO - Вызвана главная страница
2024-09-22 17:34:00,041 - INFO - Вызвана главная страница
2024-09-22 17:39:00,357 - INFO - Вызвана главная страница
2024-09-22 17:44:00,694 - INFO - Вызвана главная страница
2024-09-22 17:49:01,004 - INFO - Вызвана главная страница
2024-09-22 17:54:01,306 - INFO - Вызвана главная страница
2024-09-22 17:59:01,540 - INFO - Вызвана главная страница
2024-09-22 18:04:01,771 - INFO - Вызвана главная страница
2024-09-22 18:09:01,985 - INFO - Вызвана главная страница
2024-09-22 18:14:02,413 - INFO - Вызвана главная страница
2024-09-22 18:19:02,850 - INFO - Вызвана главная страница
2024-09-22 18:32:44,258 - INFO - Вызвана главная страница
2024-09-22 18:37:44,807 - INFO - Вызвана главная страница
2024-09-22 18:42:45,113 - INFO - Вызвана главная страница
2024-09-22 18:47:45,323 - INFO - Вызвана главная страница
2024-09-22 18:52:45,620 - INFO - Вызвана главная страница
2024-09-22 18:57:45,848 - INFO - Вызвана главная страница
2024-09-22 19:02:46,072 - INFO - Вызвана главная страница
2024-09-22 19:07:46,334 - INFO - Вызвана главная страница
2024-09-22 19:12:46,570 - INFO - Вызвана главная страница
2024-09-22 19:17:47,750 - INFO - Вызвана главная страница
2024-09-22 19:22:48,186 - INFO - Вызвана главная страница
2024-09-22 19:27:48,416 - INFO - Вызвана главная страница
2024-09-22 19:32:48,648 - INFO - Вызвана главная страница
2024-09-22 19:37:48,879 - INFO - Вызвана главная страница
2024-09-22 19:42:49,103 - INFO - Вызвана главная страница
2024-09-22 19:47:49,352 - INFO - Вызвана главная страница
2024-09-22 19:52:49,712 - INFO - Вызвана главная страница
2024-09-22 19:57:50,007 - INFO - Вызвана главная страница
2024-09-22 20:02:50,359 - INFO - Вызвана главная страница
2024-09-22 20:07:50,701 - INFO - Вызвана главная страница
2024-09-22 20:12:51,088 - INFO - Вызвана главная страница
2024-09-22 20:17:51,449 - INFO - Вызвана главная страница
2024-09-22 20:22:51,883 - INFO - Вызвана главная страница
2024-09-22 20:27:52,182 - INFO - Вызвана главная страница
2024-09-22 20:32:53,176 - INFO - Вызвана главная страница
2024-09-22 20:37:53,516 - INFO - Вызвана главная страница
2024-09-22 20:49:23,738 - INFO - Вызвана главная страница
2024-09-22 20:52:21,285 - INFO - Вызвана главная страница
2024-09-22 20:52:22,561 - INFO - Вызвана главная страница
2024-09-22 20:53:22,318 - INFO - Вызвана главная страница
2024-09-22 20:53:23,657 - INFO - Вызвана главная страница
2024-09-22 20:53:35,757 - INFO - Вызвана главная страница
2024-09-22 20:53:38,704 - INFO - Вызвана главная страница
2024-09-22 20:54:08,416 - INFO - Вызвана главная страница
2024-09-22 20:54:09,648 - INFO - Вызвана главная страница
2024-09-22 20:54:27,822 - INFO - Вызвана главная страница
2024-09-22 20:57:18,572 - INFO - Вызвана главная страница
2024-09-22 20:57:42,722 - INFO - Вызвана главная страница
2024-09-22 20:59:06,471 - INFO - Вызвана главная страница
2024-09-22 21:04:06,712 - INFO - Вызвана главная страница
2024-09-22 21:04:37,129 - INFO - Вызвана главная страница
2024-09-22 21:04:38,341 - INFO - Вызвана главная страница
2024-09-22 21:04:51,844 - INFO - Вызвана главная страница
2024-09-22 21:04:52,599 - INFO - Вызвана главная страница
2024-09-22 21:05:08,412 - INFO - Вызвана главная страница
2024-09-22 21:05:15,845 - INFO - Вызвана главная страница
2024-09-22 21:05:36,037 - INFO - Вызвана главная страница
2024-09-22 21:05:36,567 - INFO - Вызвана главная страница
2024-09-22 21:05:36,997 - INFO - Вызвана главная страница
2024-09-22 21:05:37,172 - INFO - Вызвана главная страница
2024-09-22 21:05:37,328 - INFO - Вызвана главная страница
2024-09-22 21:05:37,533 - INFO - Вызвана главная страница
2024-09-22 21:05:37,692 - INFO - Вызвана главная страница
2024-09-22 21:10:37,859 - INFO - Вызвана главная страница
2024-09-22 21:10:54,843 - INFO - Вызвана главная страница
2024-09-22 21:10:55,573 - INFO - Вызвана главная страница
2024-09-22 21:12:09,950 - INFO - Вызвана главная страница
2024-09-22 21:12:15,143 - INFO - Вызвана главная страница
2024-09-22 21:12:15,960 - INFO - Вызвана главная страница
2024-09-22 21:12:16,379 - INFO - Вызвана главная страница
2024-09-22 21:12:16,598 - INFO - Вызвана главная страница
2024-09-22 21:12:17,239 - INFO - Вызвана главная страница
2024-09-22 21:12:27,125 - INFO - Вызвана главная страница
2024-09-22 21:12:33,341 - INFO - Вызвана главная страница
2024-09-22 21:13:34,829 - INFO - Вызвана главная страница
2024-09-22 21:14:04,427 - INFO - Вызвана главная страница
2024-09-22 21:15:11,917 - INFO - Вызвана главная страница
2024-09-22 21:15:16,660 - INFO - Вызвана главная страница
2024-09-22 21:15:17,187 - INFO - Вызвана главная страница
2024-09-22 21:15:17,734 - INFO - Вызвана главная страница
2024-09-22 21:20:18,353 - INFO - Вызвана главная страница
2024-09-22 21:25:18,599 - INFO - Вызвана главная страница
2024-09-22 21:26:57,110 - INFO - Вызвана главная страница
2024-09-22 21:28:05,681 - INFO - Вызвана главная страница
2024-09-22 21:33:05,945 - INFO - Вызвана главная страница
2024-09-22 21:38:06,293 - INFO - Вызвана главная страница
2024-09-22 21:43:06,788 - INFO - Вызвана главная страница
2024-09-22 21:48:07,013 - INFO - Вызвана главная страница
2024-09-22 21:53:07,272 - INFO - Вызвана главная страница
2024-09-22 21:53:18,685 - INFO - Вызвана главная страница
2024-09-22 21:53:38,032 - INFO - Вызвана главная страница
2024-09-22 21:53:44,238 - INFO - Вызвана главная страница
2024-09-22 21:53:49,641 - INFO - Вызвана главная страница
2024-09-22 21:54:01,769 - INFO - Вызвана главная страница
2024-09-22 21:54:17,661 - INFO - Вызвана главная страница
2024-09-22 21:54:27,846 - INFO - Вызвана главная страница
2024-09-22 21:54:35,008 - INFO - Вызвана главная страница
2024-09-22 21:54:53,835 - INFO - Вызвана главная страница
2024-09-22 21:55:50,742 - INFO - Вызвана главная страница
2024-09-22 21:56:00,253 - INFO - Вызвана главная страница
2024-09-22 21:56:20,815 - INFO - Вызвана главная страница
2024-09-22 21:56:23,294 - INFO - Вызвана главная страница
2024-09-22 21:56:26,583 - INFO - Вызвана главная страница
2024-09-22 21:56:29,299 - INFO - Вызвана главная страница
2024-09-22 21:56:35,744 - INFO - Вызвана главная страница
2024-09-22 21:56:40,370 - INFO - Вызвана главная страница
2024-09-22 21:56:54,303 - INFO - Вызвана главная страница
2024-09-22 21:57:01,144 - INFO - Вызвана главная страница
2024-09-22 21:59:00,750 - INFO - Вызвана главная страница
2024-09-22 21:59:20,101 - INFO - Вызвана главная страница
2024-09-22 21:59:26,158 - INFO - Вызвана главная страница
2024-09-22 21:59:28,750 - INFO - Вызвана главная страница
2024-09-22 21:59:29,484 - INFO - Вызвана главная страница
2024-09-22 21:59:43,016 - INFO - Вызвана главная страница
2024-09-22 21:59:55,170 - INFO - Вызвана главная страница
2024-09-22 22:01:50,273 - INFO - Вызвана главная страница
2024-09-22 22:01:53,281 - INFO - Вызвана главная страница
2024-09-22 22:02:00,138 - INFO - Вызвана главная страница
2024-09-22 22:02:03,989 - INFO - Вызвана главная страница
2024-09-22 22:02:39,573 - INFO - Вызвана главная страница
2024-09-22 22:03:17,677 - INFO - Вызвана главная страница
2024-09-22 22:03:19,293 - INFO - Вызвана главная страница
2024-09-22 22:03:22,777 - INFO - Вызвана главная страница
2024-09-22 22:03:30,335 - INFO - Вызвана главная страница
2024-09-22 22:03:45,719 - INFO - Вызвана главная страница
2024-09-22 22:03:50,985 - INFO - Вызвана главная страница
2024-09-22 22:04:00,070 - INFO - Вызвана главная страница
2024-09-22 22:04:07,071 - INFO - Вызвана главная страница
2024-09-22 22:04:28,738 - INFO - Вызвана главная страница
2024-09-22 22:04:40,347 - INFO - Вызвана главная страница
2024-09-22 22:05:07,426 - INFO - Вызвана главная страница
2024-09-22 22:05:09,902 - INFO - Вызвана главная страница
2024-09-22 22:05:11,193 - INFO - Вызвана главная страница
2024-09-22 22:05:11,265 - INFO - Вызвана главная страница
2024-09-22 22:05:36,540 - INFO - Вызвана главная страница
2024-09-22 22:07:29,058 - INFO - Вызвана главная страница
2024-09-22 22:07:57,769 - INFO - Вызвана главная страница
2024-09-22 22:08:07,397 - INFO - Вызвана главная страница
2024-09-22 22:09:11,577 - INFO - Вызвана главная страница
2024-09-22 22:09:20,223 - INFO - Вызвана главная страница
2024-09-22 22:09:31,536 - INFO - Вызвана главная страница
2024-09-22 22:09:37,210 - INFO - Вызвана главная страница
2024-09-22 22:09:51,171 - INFO - Вызвана главная страница
2024-09-22 22:10:21,086 - INFO - Вызвана главная страница
2024-09-22 22:12:03,664 - INFO - Вызвана главная страница
2024-09-22 22:12:13,788 - INFO - Вызвана главная страница
2024-09-22 22:12:23,841 - INFO - Вызвана главная страница
2024-09-22 22:12:40,150 - INFO - Вызвана главная страница
2024-09-22 22:12:49,715 - INFO - Вызвана главная страница
2024-09-22 22:15:10,401 - INFO - Вызвана главная страница
2024-09-22 22:16:01,210 - INFO - Вызвана главная страница
2024-09-22 22:16:45,584 - INFO - Вызвана главная страница
2024-09-22 22:17:02,734 - INFO - Вызвана главная страница
2024-09-22 22:17:37,278 - INFO - Вызвана главная страница
2024-09-22 22:18:02,302 - INFO - Вызвана главная страница
2024-09-22 22:19:48,299 - INFO - Вызвана главная страница
2024-09-22 22:20:31,640 - INFO - Вызвана главная страница
2024-09-22 22:20:58,398 - INFO - Вызвана главная страница
2024-09-22 22:21:09,016 - INFO - Вызвана главная страница
2024-09-22 22:21:20,040 - INFO - Вызвана главная страница
2024-09-22 22:21:37,059 - INFO - Вызвана главная страница
2024-09-22 22:22:22,992 - INFO - Вызвана главная страница
2024-09-22 22:22:41,291 - INFO - Вызвана главная страница
2024-09-22 22:24:05,161 - INFO - Вызвана главная страница
2024-09-22 22:24:53,470 - INFO - Вызвана главная страница
2024-09-22 22:25:09,424 - INFO - Вызвана главная страница
2024-09-22 22:25:55,381 - INFO - Вызвана главная страница
2024-09-22 22:26:29,362 - INFO - Вызвана главная страница
2024-09-22 22:26:44,135 - INFO - Вызвана главная страница
2024-09-22 22:27:04,435 - INFO - Вызвана главная страница
2024-09-22 22:28:51,097 - INFO - Вызвана главная страница
2024-09-22 22:29:32,896 - INFO - Вызвана главная страница
2024-09-22 22:31:55,772 - INFO - Вызвана главная страница
2024-09-22 22:32:00,232 - INFO - Вызвана главная страница
2024-09-22 22:32:01,066 - INFO - Вызвана главная страница
2024-09-22 22:32:20,015 - INFO - Вызвана главная страница
2024-09-22 22:32:21,765 - INFO - Вызвана главная страница
2024-09-22 22:33:01,187 - INFO - Вызвана главная страница
2024-09-22 22:34:42,609 - INFO - Вызвана главная страница
2024-09-22 22:34:43,826 - INFO - Вызвана главная страница
2024-09-22 22:35:06,345 - INFO - Вызвана главная страница
2024-09-22 22:35:12,520 - INFO - Вызвана главная страница
2024-09-22 22:37:12,296 - INFO - Вызвана главная страница
2024-09-22 22:37:33,571 - INFO - Вызвана главная страница
2024-09-22 22:37:35,948 - INFO - Вызвана главная страница
2024-09-22 22:37:52,936 - INFO - Вызвана главная страница
2024-09-22 22:37:53,759 - INFO - Вызвана главная страница
2024-09-22 22:37:54,295 - INFO - Вызвана главная страница
2024-09-22 22:37:55,755 - INFO - Вызвана главная страница
2024-09-22 22:38:13,803 - INFO - Вызвана главная страница
2024-09-22 22:38:14,626 - INFO - Вызвана главная страница
2024-09-22 22:38:24,765 - INFO - Вызвана главная страница
2024-09-22 22:38:25,516 - INFO - Вызвана главная страница
2024-09-22 22:38:26,387 - INFO - Вызвана главная страница
2024-09-22 22:38:38,085 - INFO - Вызвана главная страница
2024-09-22 22:39:57,822 - INFO - Вызвана главная страница
2024-09-22 22:40:25,841 - INFO - Вызвана главная страница
2024-09-22 22:40:40,605 - INFO - Вызвана главная страница
2024-09-22 22:41:05,276 - INFO - Вызвана главная страница
2024-09-22 22:41:25,523 - INFO - Вызвана главная страница
2024-09-22 22:41:47,786 - INFO - Вызвана главная страница
2024-09-22 22:42:27,622 - INFO - Вызвана главная страница
2024-09-22 22:42:41,578 - INFO - Вызвана главная страница
2024-09-22 22:43:18,582 - INFO - Вызвана главная страница
2024-09-22 22:44:30,281 - INFO - Вызвана главная страница
2024-09-22 22:44:44,279 - INFO - Вызвана главная страница
2024-09-22 22:45:19,070 - INFO - Вызвана главная страница
2024-09-22 22:46:54,286 - INFO - Вызвана главная страница
2024-09-22 22:48:57,488 - INFO - Вызвана главная страница
2024-09-22 22:49:16,312 - INFO - Вызвана главная страница
2024-09-22 22:49:18,625 - INFO - Вызвана главная страница
2024-09-22 22:49:29,164 - INFO - Вызвана главная страница
2024-09-22 22:50:19,436 - INFO - Вызвана главная страница
2024-09-22 22:50:20,038 - INFO - Вызвана главная страница
2024-09-22 22:50:36,210 - INFO - Вызвана главная страница
2024-09-22 22:50:43,920 - INFO - Вызвана главная страница
2024-09-22 22:50:56,248 - INFO - Вызвана главная страница
2024-09-22 22:51:07,740 - INFO - Вызвана главная страница
2024-09-22 22:51:21,553 - INFO - Вызвана главная страница
2024-09-22 22:51:41,310 - INFO - Вызвана главная страница
2024-09-22 22:51:54,865 - INFO - Вызвана главная страница
2024-09-22 22:52:13,610 - INFO - Вызвана главная страница
2024-09-22 22:52:23,816 - INFO - Вызвана главная страница
2024-09-22 22:54:20,848 - INFO - Вызвана главная страница
2024-09-22 22:54:24,013 - INFO - Вызвана главная страница
2024-09-22 22:59:14,689 - INFO - Вызвана главная страница
2024-09-22 23:02:45,773 - INFO - Вызвана главная страница
2024-09-22 23:07:46,295 - INFO - Вызвана главная страница
2024-09-22 23:11:47,689 - INFO - Вызвана главная страница
2024-09-22 23:11:51,361 - INFO - Вызвана главная страница
2024-09-22 23:12:34,125 - INFO - Вызвана главная страница
2024-09-22 23:12:37,675 - INFO - Вызвана главная страница
2024-09-23 09:24:36,008 - INFO - Вызвана главная страница
2024-09-23 09:26:27,730 - INFO - Вызвана главная страница
2024-09-23 09:26:29,107 - INFO - Вызвана главная страница
2024-09-23 09:29:36,806 - INFO - Вызвана главная страница
2024-09-23 09:30:11,201 - INFO - Вызвана главная страница
2024-09-23 09:30:28,346 - INFO - Вызвана главная страница
2024-09-23 09:30:36,292 - INFO - Вызвана главная страница
2024-09-23 09:30:46,422 - INFO - Вызвана главная страница
2024-09-23 09:31:03,244 - INFO - Вызвана главная страница
2024-09-23 09:31:31,947 - INFO - Вызвана главная страница
2024-09-23 09:32:42,631 - INFO - Вызвана главная страница
2024-09-23 09:32:43,416 - INFO - Вызвана главная страница
2024-09-23 09:34:37,320 - INFO - Вызвана главная страница
2024-09-23 09:36:46,158 - INFO - Вызвана главная страница
2024-09-23 09:37:39,780 - INFO - Вызвана главная страница
2024-09-23 09:38:53,313 - INFO - Вызвана главная страница
2024-09-23 09:39:37,716 - INFO - Вызвана главная страница
2024-09-23 09:41:10,191 - INFO - Вызвана главная страница
2024-09-23 09:41:51,966 - INFO - Вызвана главная страница
2024-09-23 09:41:54,862 - INFO - Вызвана главная страница
2024-09-23 09:42:05,734 - INFO - Вызвана главная страница
2024-09-23 09:42:06,417 - INFO - Вызвана главная страница
2024-09-23 09:43:09,524 - INFO - Вызвана главная страница
2024-09-23 09:44:37,951 - INFO - Вызвана главная страница
2024-09-23 09:45:42,768 - INFO - Вызвана главная страница
2024-09-23 09:45:44,096 - INFO - Вызвана главная страница
2024-09-23 09:45:53,945 - INFO - Вызвана главная страница
2024-09-23 09:47:16,430 - INFO - Вызвана главная страница
2024-09-23 09:48:36,404 - INFO - Вызвана главная страница
2024-09-23 09:48:37,880 - INFO - Вызвана главная страница
2024-09-23 09:48:38,318 - INFO - Вызвана главная страница
2024-09-23 09:48:38,524 - INFO - Вызвана главная страница
2024-09-23 09:48:38,723 - INFO - Вызвана главная страница
2024-09-23 09:48:39,105 - INFO - Вызвана главная страница
2024-09-23 09:48:40,044 - INFO - Вызвана главная страница
2024-09-23 09:49:05,738 - INFO - Вызвана главная страница
2024-09-23 09:50:01,061 - INFO - Вызвана главная страница
2024-09-23 09:50:19,374 - INFO - Вызвана главная страница
2024-09-23 09:50:29,307 - INFO - Вызвана главная страница
2024-09-23 09:51:22,102 - INFO - Вызвана главная страница
2024-09-23 09:51:22,790 - INFO - Вызвана главная страница
2024-09-23 09:51:46,027 - INFO - Вызвана главная страница
2024-09-23 09:51:55,672 - INFO - Вызвана главная страница
2024-09-23 09:52:20,135 - INFO - Вызвана главная страница
2024-09-23 09:52:46,563 - INFO - Вызвана главная страница
2024-09-23 09:53:15,245 - INFO - Вызвана главная страница
2024-09-23 09:54:02,842 - INFO - Вызвана главная страница
2024-09-23 09:54:04,696 - INFO - Вызвана главная страница
2024-09-23 09:59:05,142 - INFO - Вызвана главная страница
2024-09-23 10:00:14,169 - INFO - Вызвана главная страница
2024-09-23 10:01:11,091 - INFO - Вызвана главная страница
2024-09-23 10:01:35,924 - INFO - Вызвана главная страница
2024-09-23 10:01:36,670 - INFO - Вызвана главная страница
2024-09-23 10:02:31,256 - INFO - Вызвана главная страница
2024-09-23 10:02:42,234 - INFO - Вызвана главная страница
2024-09-23 10:02:53,491 - INFO - Вызвана главная страница
2024-09-23 10:03:23,488 - INFO - Вызвана главная страница
2024-09-23 10:05:12,889 - INFO - Вызвана главная страница
2024-09-23 10:07:26,857 - INFO - Вызвана главная страница
2024-09-23 10:08:04,710 - INFO - Вызвана главная страница
2024-09-23 10:08:47,821 - INFO - Вызвана главная страница
2024-09-23 10:09:15,864 - INFO - Вызвана главная страница
2024-09-23 10:09:16,766 - INFO - Вызвана главная страница
2024-09-23 10:09:35,831 - INFO - Вызвана главная страница
2024-09-23 10:09:58,259 - INFO - Вызвана главная страница
2024-09-23 10:10:18,910 - INFO - Вызвана главная страница
2024-09-23 10:10:47,616 - INFO - Вызвана главная страница
2024-09-23 10:11:11,231 - INFO - Вызвана главная страница
2024-09-23 10:11:28,468 - INFO - Вызвана главная страница
2024-09-23 10:11:43,723 - INFO - Вызвана главная страница
2024-09-23 10:12:02,229 - INFO - Вызвана главная страница
2024-09-23 10:12:03,771 - INFO - Вызвана главная страница
2024-09-23 10:12:19,022 - INFO - Вызвана главная страница
2024-09-23 10:12:38,702 - INFO - Вызвана главная страница
2024-09-23 10:12:55,404 - INFO - Вызвана главная страница
2024-09-23 10:14:10,455 - INFO - Вызвана главная страница
2024-09-23 10:14:10,813 - INFO - Вызвана главная страница
2024-09-23 10:15:43,208 - INFO - Вызвана главная страница
2024-09-23 10:16:06,956 - INFO - Вызвана главная страница
2024-09-23 10:16:20,724 - INFO - Вызвана главная страница
2024-09-23 10:16:32,010 - INFO - Вызвана главная страница
2024-09-23 10:16:51,948 - INFO - Вызвана главная страница
2024-09-23 10:17:07,795 - INFO - Вызвана главная страница
2024-09-23 10:17:30,652 - INFO - Вызвана главная страница
2024-09-23 10:20:06,749 - INFO - Вызвана главная страница
2024-09-23 10:21:02,107 - INFO - Вызвана главная страница
2024-09-23 10:21:40,142 - INFO - Вызвана главная страница
2024-09-23 10:21:40,962 - INFO - Вызвана главная страница
2024-09-23 10:22:48,773 - INFO - Вызвана главная страница
2024-09-23 10:23:19,650 - INFO - Вызвана главная страница
2024-09-23 10:23:37,686 - INFO - Вызвана главная страница
2024-09-23 10:23:47,559 - INFO - Вызвана главная страница
2024-09-23 10:23:47,959 - INFO - Вызвана главная страница
2024-09-23 10:24:10,420 - INFO - Вызвана главная страница
2024-09-23 10:24:22,866 - INFO - Вызвана главная страница
2024-09-23 10:24:34,550 - INFO - Вызвана главная страница
2024-09-23 10:24:46,577 - INFO - Вызвана главная страница
2024-09-23 10:26:34,743 - INFO - Вызвана главная страница
2024-09-23 10:26:49,714 - INFO - Вызвана главная страница
2024-09-23 10:26:51,367 - INFO - Вызвана главная страница
2024-09-23 10:27:10,994 - INFO - Вызвана главная страница
2024-09-23 10:28:33,577 - INFO - Вызвана главная страница
2024-09-23 10:28:58,201 - INFO - Вызвана главная страница
2024-09-23 10:30:07,406 - INFO - Вызвана главная страница
2024-09-23 10:30:41,503 - INFO - Вызвана главная страница
2024-09-23 10:32:09,039 - INFO - Вызвана главная страница
2024-09-23 10:32:28,586 - INFO - Вызвана главная страница
2024-09-23 10:32:32,756 - INFO - Вызвана главная страница
2024-09-23 10:32:57,624 - INFO - Вызвана главная страница
2024-09-23 10:33:49,284 - INFO - Вызвана главная страница
2024-09-23 10:36:15,196 - INFO - Вызвана главная страница
2024-09-23 10:37:35,311 - INFO - Вызвана главная страница
2024-09-23 10:38:47,105 - INFO - Вызвана главная страница
2024-09-23 10:38:52,332 - INFO - Вызвана главная страница
2024-09-23 10:39:05,846 - INFO - Вызвана главная страница
2024-09-23 10:39:07,207 - INFO - Вызвана главная страница
2024-09-23 10:39:16,804 - INFO - Вызвана главная страница
2024-09-23 10:39:35,661 - INFO - Вызвана главная страница
2024-09-23 10:40:06,854 - INFO - Вызвана главная страница
2024-09-23 10:40:09,286 - INFO - Вызвана главная страница
2024-09-23 10:40:15,917 - INFO - Вызвана главная страница
2024-09-23 10:40:16,514 - INFO - Вызвана главная страница
2024-09-23 10:40:39,750 - INFO - Вызвана главная страница
2024-09-23 10:40:43,090 - INFO - Вызвана главная страница
2024-09-23 10:40:51,538 - INFO - Вызвана главная страница
2024-09-23 10:41:58,528 - INFO - Вызвана главная страница
2024-09-23 10:45:04,655 - INFO - Вызвана главная страница
2024-09-23 10:45:11,608 - INFO - Вызвана главная страница
2024-09-23 10:45:34,248 - INFO - Вызвана главная страница
2024-09-23 10:47:13,829 - INFO - Вызвана главная страница
2024-09-23 10:47:51,805 - INFO - Вызвана главная страница
2024-09-23 10:52:52,160 - INFO - Вызвана главная страница
2024-09-23 10:53:01,362 - INFO - Вызвана главная страница
2024-09-23 10:54:35,750 - INFO - Вызвана главная страница
2024-09-23 10:56:17,889 - INFO - Вызвана главная страница
2024-09-23 10:56:39,528 - INFO - Вызвана главная страница
2024-09-23 11:01:39,690 - INFO - Вызвана главная страница
2024-09-23 11:06:43,658 - INFO - Вызвана главная страница
2024-09-23 11:11:43,924 - INFO - Вызвана главная страница
2024-09-23 11:16:44,231 - INFO - Вызвана главная страница
2024-09-23 11:21:44,620 - INFO - Вызвана главная страница
2024-09-23 11:26:44,885 - INFO - Вызвана главная страница
2024-09-23 11:31:45,177 - INFO - Вызвана главная страница
2024-09-23 11:36:45,410 - INFO - Вызвана главная страница
2024-09-23 14:27:46,169 - INFO - Вызвана главная страница
2024-09-23 14:28:08,740 - INFO - Вызвана страница всех бонусов
2024-09-23 14:34:33,939 - INFO - Вызвана главная страница
2024-09-23 14:34:36,462 - INFO - Вызвана главная страница
2024-09-23 14:35:36,752 - INFO - Вызвана главная страница
2024-09-23 14:38:39,254 - INFO - Вызвана главная страница
2024-09-23 14:39:02,388 - INFO - Вызвана главная страница
2024-09-23 14:44:02,621 - INFO - Вызвана главная страница
2024-09-24 22:39:58,456 - INFO - Вызвана главная страница
2024-09-24 22:40:31,702 - INFO - Вызвана главная страница
2024-09-24 22:40:33,353 - INFO - Вызвана главная страница
2024-09-24 22:40:35,862 - INFO - Вызвана главная страница
2024-09-24 22:40:36,229 - INFO - Вызвана главная страница
2024-09-24 22:40:36,787 - INFO - Вызвана главная страница
2024-09-24 22:41:00,185 - INFO - Вызвана страница всех бонусов
2024-09-24 22:42:04,601 - INFO - Вызвана главная страница
2024-09-24 22:42:13,827 - INFO - Вызвана главная страница
2024-09-24 22:42:14,001 - INFO - Вызвана главная страница
2024-09-24 22:42:14,392 - INFO - Вызвана главная страница
2024-09-24 22:43:14,125 - INFO - Вызвана главная страница
2024-09-24 22:43:16,315 - INFO - Вызвана главная страница
2024-09-24 22:43:23,318 - INFO - Вызвана главная страница
2024-09-24 22:43:24,344 - INFO - Вызвана главная страница
2024-09-24 22:43:34,905 - INFO - Вызвана главная страница
2024-09-24 22:43:35,673 - INFO - Вызвана главная страница
2024-09-24 22:43:41,339 - INFO - Вызвана главная страница
2024-09-24 22:43:42,568 - INFO - Вызвана главная страница
2024-09-24 22:43:54,603 - INFO - Вызвана главная страница
2024-09-24 22:43:56,390 - INFO - Вызвана главная страница
2024-09-24 22:43:59,156 - INFO - Вызвана главная страница
2024-09-24 22:44:00,075 - INFO - Вызвана главная страница
2024-09-24 22:44:16,541 - INFO - Вызвана главная страница
2024-09-24 22:44:18,216 - INFO - Вызвана главная страница
2024-09-24 22:44:19,047 - INFO - Вызвана главная страница
2024-09-24 22:44:23,575 - INFO - Вызвана главная страница
2024-09-24 22:44:37,512 - INFO - Вызвана главная страница
2024-09-24 22:44:38,589 - INFO - Вызвана главная страница
2024-09-24 22:44:47,015 - INFO - Вызвана главная страница
2024-09-24 22:44:52,444 - INFO - Вызвана главная страница
2024-09-24 22:44:55,153 - INFO - Вызвана главная страница
2024-09-24 22:44:57,309 - INFO - Вызвана главная страница
2024-09-24 22:45:06,545 - INFO - Вызвана главная страница
2024-09-24 22:45:07,582 - INFO - Вызвана главная страница
2024-09-24 22:45:13,008 - INFO - Вызвана главная страница
2024-09-24 22:45:15,278 - INFO - Вызвана главная страница
2024-09-24 22:45:41,037 - INFO - Вызвана главная страница
2024-09-24 22:45:42,096 - INFO - Вызвана главная страница
2024-09-24 22:45:54,429 - INFO - Вызвана главная страница
2024-09-24 22:46:06,592 - INFO - Вызвана главная страница
2024-09-24 22:46:07,399 - INFO - Вызвана главная страница
2024-09-24 22:46:11,498 - INFO - Вызвана главная страница
2024-09-24 22:46:12,224 - INFO - Вызвана главная страница
2024-09-24 22:46:16,462 - INFO - Вызвана главная страница
2024-09-24 22:46:16,878 - INFO - Вызвана главная страница
2024-09-24 22:46:17,855 - INFO - Вызвана главная страница
2024-09-24 22:46:22,078 - INFO - Вызвана главная страница
2024-09-24 22:46:23,761 - INFO - Вызвана главная страница
2024-09-24 22:46:24,473 - INFO - Вызвана главная страница
2024-09-24 22:46:24,958 - INFO - Вызвана главная страница
2024-09-24 22:46:25,172 - INFO - Вызвана главная страница
2024-09-24 22:46:25,319 - INFO - Вызвана главная страница
2024-09-24 22:46:25,505 - INFO - Вызвана главная страница
2024-09-24 22:46:25,683 - INFO - Вызвана главная страница
2024-09-24 22:46:25,857 - INFO - Вызвана главная страница
2024-09-24 22:46:26,033 - INFO - Вызвана главная страница
2024-09-24 22:46:26,188 - INFO - Вызвана главная страница
2024-09-24 22:46:26,394 - INFO - Вызвана главная страница
2024-09-24 22:46:39,906 - INFO - Вызвана главная страница
2024-09-24 22:46:40,688 - INFO - Вызвана главная страница
2024-09-24 22:46:47,803 - INFO - Вызвана главная страница
2024-09-24 22:46:52,600 - INFO - Вызвана главная страница
2024-09-24 22:46:58,881 - INFO - Вызвана главная страница
2024-09-24 22:47:08,648 - INFO - Вызвана главная страница
2024-09-24 22:47:09,468 - INFO - Вызвана главная страница
2024-09-24 22:47:15,756 - INFO - Вызвана главная страница
2024-09-24 22:47:41,170 - INFO - Вызвана главная страница
2024-09-24 22:47:42,202 - INFO - Вызвана главная страница
2024-09-24 22:47:53,596 - INFO - Вызвана главная страница
2024-09-24 22:47:58,910 - INFO - Вызвана главная страница
2024-09-24 22:48:00,084 - INFO - Вызвана главная страница
2024-09-24 22:48:05,946 - INFO - Вызвана главная страница
2024-09-24 22:48:07,138 - INFO - Вызвана главная страница
2024-09-24 22:48:09,734 - INFO - Вызвана главная страница
2024-09-24 22:48:15,154 - INFO - Вызвана главная страница
2024-09-24 22:51:02,483 - INFO - Вызвана главная страница
2024-09-24 22:56:02,703 - INFO - Вызвана главная страница
2024-09-25 21:45:05,443 - INFO - Вызвана главная страница
2024-09-25 21:45:15,813 - INFO - Вызвана главная страница
2024-09-25 21:45:20,169 - INFO - Вызвана страница всех бонусов
2024-09-25 21:46:57,798 - WARNING - Not Found: /media/sign.jpg
2024-09-25 21:47:00,366 - WARNING - Not Found: /media/sign.jpg
2024-09-25 21:48:13,592 - INFO - Вызвана главная страница
2024-09-25 21:52:00,573 - WARNING - Not Found: /media/sign.jpg
2024-09-25 21:53:14,141 - INFO - Вызвана главная страница
2024-09-25 22:07:19,195 - INFO - Вызвана главная страница
2024-09-25 22:07:47,785 - WARNING - Not Found: /media/back.jpg
2024-09-25 22:08:02,467 - WARNING - Not Found: /media/back.jpg
2024-09-25 22:08:03,361 - WARNING - Not Found: /media/back.jpg
2024-09-25 23:39:52,379 - INFO - Вызвана главная страница
2024-09-26 00:02:46,826 - INFO - Вызвана главная страница
2024-09-26 00:07:47,653 - INFO - Вызвана главная страница
2024-09-26 00:12:41,750 - INFO -  вошел в аккаунт
2024-09-26 00:12:41,750 - INFO - makskreet вошел в аккаунт
2024-09-26 00:12:41,792 - INFO - Вызвана главная страница
2024-09-26 00:12:44,525 - WARNING - Not Found: /favicon.ico
2024-09-26 00:12:47,872 - INFO - Вызвана главная страница
2024-09-26 00:17:54,640 - INFO - Вызвана страница всех бонусов
2024-09-26 12:08:17,777 - INFO - Вызвана главная страница
2024-09-26 12:08:49,346 - INFO - Вызвана главная страница
2024-09-26 12:08:54,251 - INFO - Вызвана страница всех бонусов
2024-09-26 12:08:57,921 - INFO - Вызвана страница фильтрации заказов
2024-09-26 12:11:12,886 - WARNING - Not Found: /favicon.ico
2024-09-26 12:21:05,769 - INFO - Вызвана страница списка людей
2024-09-26 12:21:08,621 - INFO - Вызвана страница фильтрации заказов
2024-09-26 12:21:32,074 - INFO - Вызвана страница фильтрации заказов
2024-09-26 12:21:34,271 - INFO - Вызвана страница фильтрации заказов
2024-09-26 12:22:20,973 - INFO - Вызвана страница фильтрации заказов
2024-09-26 12:22:39,743 - INFO - Вызвана страница деталей заказа
2024-09-26 12:24:39,739 - INFO - Вызвана страница фильтрации заказов
2024-09-26 12:24:40,325 - INFO - Вызвана страница фильтрации заказов
2024-09-26 12:24:41,231 - INFO - Вызвана страница фильтрации заказов
2024-09-26 12:24:42,172 - INFO - Вызвана страница фильтрации заказов
2024-09-26 12:26:50,243 - INFO - Вызвана страница фильтрации заказов
2024-09-26 12:26:50,887 - INFO - Вызвана страница фильтрации заказов
2024-09-26 12:27:25,868 - INFO - Вызвана страница фильтрации заказов
2024-09-26 12:27:26,401 - INFO - Вызвана страница фильтрации заказов
2024-09-26 12:28:22,066 - INFO - Вызвана страница фильтрации заказов
2024-09-26 12:28:22,944 - INFO - Вызвана страница фильтрации заказов
2024-09-26 12:29:42,152 - INFO - Вызвана страница фильтрации заказов
2024-09-26 12:29:42,457 - ERROR - Internal Server Error: /filter_rentals/
Traceback (most recent call last):
  File "C:\Users\maksk\AppData\Local\Packages\PythonSoftwareFoundation.Python.3.11_qbz5n2kfra8p0\LocalCache\local-packages\Python311\site-packages\django\template\base.py", line 510, in parse
    compile_func = self.tags[command]
                   ~~~~~~~~~^^^^^^^^^
KeyError: 'endblock'

During handling of the above exception, another exception occurred:

Traceback (most recent call last):
  File "C:\Users\maksk\AppData\Local\Packages\PythonSoftwareFoundation.Python.3.11_qbz5n2kfra8p0\LocalCache\local-packages\Python311\site-packages\django\core\handlers\exception.py", line 55, in inner
    response = get_response(request)
               ^^^^^^^^^^^^^^^^^^^^^
  File "C:\Users\maksk\AppData\Local\Packages\PythonSoftwareFoundation.Python.3.11_qbz5n2kfra8p0\LocalCache\local-packages\Python311\site-packages\django\core\handlers\base.py", line 197, in _get_response
    response = wrapped_callback(request, *callback_args, **callback_kwargs)
               ^^^^^^^^^^^^^^^^^^^^^^^^^^^^^^^^^^^^^^^^^^^^^^^^^^^^^^^^^^^^
  File "C:\Users\maksk\AppData\Local\Packages\PythonSoftwareFoundation.Python.3.11_qbz5n2kfra8p0\LocalCache\local-packages\Python311\site-packages\django\contrib\auth\decorators.py", line 60, in _view_wrapper
    return view_func(request, *args, **kwargs)
           ^^^^^^^^^^^^^^^^^^^^^^^^^^^^^^^^^^^
  File "C:\Users\maksk\Desktop\lab5\rent_cars\users\views.py", line 512, in filter_rentals
    return render(request, 'users/filler_rentals.html', context)
           ^^^^^^^^^^^^^^^^^^^^^^^^^^^^^^^^^^^^^^^^^^^^^^^^^^^^^
  File "C:\Users\maksk\AppData\Local\Packages\PythonSoftwareFoundation.Python.3.11_qbz5n2kfra8p0\LocalCache\local-packages\Python311\site-packages\django\shortcuts.py", line 25, in render
    content = loader.render_to_string(template_name, context, request, using=using)
              ^^^^^^^^^^^^^^^^^^^^^^^^^^^^^^^^^^^^^^^^^^^^^^^^^^^^^^^^^^^^^^^^^^^^^
  File "C:\Users\maksk\AppData\Local\Packages\PythonSoftwareFoundation.Python.3.11_qbz5n2kfra8p0\LocalCache\local-packages\Python311\site-packages\django\template\loader.py", line 61, in render_to_string
    template = get_template(template_name, using=using)
               ^^^^^^^^^^^^^^^^^^^^^^^^^^^^^^^^^^^^^^^^
  File "C:\Users\maksk\AppData\Local\Packages\PythonSoftwareFoundation.Python.3.11_qbz5n2kfra8p0\LocalCache\local-packages\Python311\site-packages\django\template\loader.py", line 15, in get_template
    return engine.get_template(template_name)
           ^^^^^^^^^^^^^^^^^^^^^^^^^^^^^^^^^^
  File "C:\Users\maksk\AppData\Local\Packages\PythonSoftwareFoundation.Python.3.11_qbz5n2kfra8p0\LocalCache\local-packages\Python311\site-packages\django\template\backends\django.py", line 79, in get_template
    return Template(self.engine.get_template(template_name), self)
                    ^^^^^^^^^^^^^^^^^^^^^^^^^^^^^^^^^^^^^^^
  File "C:\Users\maksk\AppData\Local\Packages\PythonSoftwareFoundation.Python.3.11_qbz5n2kfra8p0\LocalCache\local-packages\Python311\site-packages\django\template\engine.py", line 177, in get_template
    template, origin = self.find_template(template_name)
                       ^^^^^^^^^^^^^^^^^^^^^^^^^^^^^^^^^
  File "C:\Users\maksk\AppData\Local\Packages\PythonSoftwareFoundation.Python.3.11_qbz5n2kfra8p0\LocalCache\local-packages\Python311\site-packages\django\template\engine.py", line 159, in find_template
    template = loader.get_template(name, skip=skip)
               ^^^^^^^^^^^^^^^^^^^^^^^^^^^^^^^^^^^^
  File "C:\Users\maksk\AppData\Local\Packages\PythonSoftwareFoundation.Python.3.11_qbz5n2kfra8p0\LocalCache\local-packages\Python311\site-packages\django\template\loaders\cached.py", line 57, in get_template
    template = super().get_template(template_name, skip)
               ^^^^^^^^^^^^^^^^^^^^^^^^^^^^^^^^^^^^^^^^^
  File "C:\Users\maksk\AppData\Local\Packages\PythonSoftwareFoundation.Python.3.11_qbz5n2kfra8p0\LocalCache\local-packages\Python311\site-packages\django\template\loaders\base.py", line 28, in get_template
    return Template(
           ^^^^^^^^^
  File "C:\Users\maksk\AppData\Local\Packages\PythonSoftwareFoundation.Python.3.11_qbz5n2kfra8p0\LocalCache\local-packages\Python311\site-packages\django\template\base.py", line 154, in __init__
    self.nodelist = self.compile_nodelist()
                    ^^^^^^^^^^^^^^^^^^^^^^^
  File "C:\Users\maksk\AppData\Local\Packages\PythonSoftwareFoundation.Python.3.11_qbz5n2kfra8p0\LocalCache\local-packages\Python311\site-packages\django\template\base.py", line 196, in compile_nodelist
    nodelist = parser.parse()
               ^^^^^^^^^^^^^^
  File "C:\Users\maksk\AppData\Local\Packages\PythonSoftwareFoundation.Python.3.11_qbz5n2kfra8p0\LocalCache\local-packages\Python311\site-packages\django\template\base.py", line 518, in parse
    raise self.error(token, e)
  File "C:\Users\maksk\AppData\Local\Packages\PythonSoftwareFoundation.Python.3.11_qbz5n2kfra8p0\LocalCache\local-packages\Python311\site-packages\django\template\base.py", line 516, in parse
    compiled_result = compile_func(self, token)
                      ^^^^^^^^^^^^^^^^^^^^^^^^^
  File "C:\Users\maksk\AppData\Local\Packages\PythonSoftwareFoundation.Python.3.11_qbz5n2kfra8p0\LocalCache\local-packages\Python311\site-packages\django\template\loader_tags.py", line 295, in do_extends
    nodelist = parser.parse()
               ^^^^^^^^^^^^^^
  File "C:\Users\maksk\AppData\Local\Packages\PythonSoftwareFoundation.Python.3.11_qbz5n2kfra8p0\LocalCache\local-packages\Python311\site-packages\django\template\base.py", line 518, in parse
    raise self.error(token, e)
  File "C:\Users\maksk\AppData\Local\Packages\PythonSoftwareFoundation.Python.3.11_qbz5n2kfra8p0\LocalCache\local-packages\Python311\site-packages\django\template\base.py", line 516, in parse
    compiled_result = compile_func(self, token)
                      ^^^^^^^^^^^^^^^^^^^^^^^^^
  File "C:\Users\maksk\AppData\Local\Packages\PythonSoftwareFoundation.Python.3.11_qbz5n2kfra8p0\LocalCache\local-packages\Python311\site-packages\django\template\loader_tags.py", line 234, in do_block
    nodelist = parser.parse(("endblock",))
               ^^^^^^^^^^^^^^^^^^^^^^^^^^^
  File "C:\Users\maksk\AppData\Local\Packages\PythonSoftwareFoundation.Python.3.11_qbz5n2kfra8p0\LocalCache\local-packages\Python311\site-packages\django\template\base.py", line 518, in parse
    raise self.error(token, e)
  File "C:\Users\maksk\AppData\Local\Packages\PythonSoftwareFoundation.Python.3.11_qbz5n2kfra8p0\LocalCache\local-packages\Python311\site-packages\django\template\base.py", line 516, in parse
    compiled_result = compile_func(self, token)
                      ^^^^^^^^^^^^^^^^^^^^^^^^^
  File "C:\Users\maksk\AppData\Local\Packages\PythonSoftwareFoundation.Python.3.11_qbz5n2kfra8p0\LocalCache\local-packages\Python311\site-packages\django\template\defaulttags.py", line 962, in do_if
    nodelist = parser.parse(("elif", "else", "endif"))
               ^^^^^^^^^^^^^^^^^^^^^^^^^^^^^^^^^^^^^^^
  File "C:\Users\maksk\AppData\Local\Packages\PythonSoftwareFoundation.Python.3.11_qbz5n2kfra8p0\LocalCache\local-packages\Python311\site-packages\django\template\base.py", line 512, in parse
    self.invalid_block_tag(token, command, parse_until)
  File "C:\Users\maksk\AppData\Local\Packages\PythonSoftwareFoundation.Python.3.11_qbz5n2kfra8p0\LocalCache\local-packages\Python311\site-packages\django\template\base.py", line 563, in invalid_block_tag
    raise self.error(
django.template.exceptions.TemplateSyntaxError: Invalid block tag on line 97: 'endblock', expected 'elif', 'else' or 'endif'. Did you forget to register or load this tag?
2024-09-26 12:29:42,632 - WARNING - Not Found: /favicon.ico
2024-09-26 12:29:42,705 - INFO - Вызвана страница фильтрации заказов
2024-09-26 12:29:42,889 - ERROR - Internal Server Error: /filter_rentals/
Traceback (most recent call last):
  File "C:\Users\maksk\AppData\Local\Packages\PythonSoftwareFoundation.Python.3.11_qbz5n2kfra8p0\LocalCache\local-packages\Python311\site-packages\django\template\base.py", line 510, in parse
    compile_func = self.tags[command]
                   ~~~~~~~~~^^^^^^^^^
KeyError: 'endblock'

During handling of the above exception, another exception occurred:

Traceback (most recent call last):
  File "C:\Users\maksk\AppData\Local\Packages\PythonSoftwareFoundation.Python.3.11_qbz5n2kfra8p0\LocalCache\local-packages\Python311\site-packages\django\core\handlers\exception.py", line 55, in inner
    response = get_response(request)
               ^^^^^^^^^^^^^^^^^^^^^
  File "C:\Users\maksk\AppData\Local\Packages\PythonSoftwareFoundation.Python.3.11_qbz5n2kfra8p0\LocalCache\local-packages\Python311\site-packages\django\core\handlers\base.py", line 197, in _get_response
    response = wrapped_callback(request, *callback_args, **callback_kwargs)
               ^^^^^^^^^^^^^^^^^^^^^^^^^^^^^^^^^^^^^^^^^^^^^^^^^^^^^^^^^^^^
  File "C:\Users\maksk\AppData\Local\Packages\PythonSoftwareFoundation.Python.3.11_qbz5n2kfra8p0\LocalCache\local-packages\Python311\site-packages\django\contrib\auth\decorators.py", line 60, in _view_wrapper
    return view_func(request, *args, **kwargs)
           ^^^^^^^^^^^^^^^^^^^^^^^^^^^^^^^^^^^
  File "C:\Users\maksk\Desktop\lab5\rent_cars\users\views.py", line 512, in filter_rentals
    return render(request, 'users/filler_rentals.html', context)
           ^^^^^^^^^^^^^^^^^^^^^^^^^^^^^^^^^^^^^^^^^^^^^^^^^^^^^
  File "C:\Users\maksk\AppData\Local\Packages\PythonSoftwareFoundation.Python.3.11_qbz5n2kfra8p0\LocalCache\local-packages\Python311\site-packages\django\shortcuts.py", line 25, in render
    content = loader.render_to_string(template_name, context, request, using=using)
              ^^^^^^^^^^^^^^^^^^^^^^^^^^^^^^^^^^^^^^^^^^^^^^^^^^^^^^^^^^^^^^^^^^^^^
  File "C:\Users\maksk\AppData\Local\Packages\PythonSoftwareFoundation.Python.3.11_qbz5n2kfra8p0\LocalCache\local-packages\Python311\site-packages\django\template\loader.py", line 61, in render_to_string
    template = get_template(template_name, using=using)
               ^^^^^^^^^^^^^^^^^^^^^^^^^^^^^^^^^^^^^^^^
  File "C:\Users\maksk\AppData\Local\Packages\PythonSoftwareFoundation.Python.3.11_qbz5n2kfra8p0\LocalCache\local-packages\Python311\site-packages\django\template\loader.py", line 15, in get_template
    return engine.get_template(template_name)
           ^^^^^^^^^^^^^^^^^^^^^^^^^^^^^^^^^^
  File "C:\Users\maksk\AppData\Local\Packages\PythonSoftwareFoundation.Python.3.11_qbz5n2kfra8p0\LocalCache\local-packages\Python311\site-packages\django\template\backends\django.py", line 79, in get_template
    return Template(self.engine.get_template(template_name), self)
                    ^^^^^^^^^^^^^^^^^^^^^^^^^^^^^^^^^^^^^^^
  File "C:\Users\maksk\AppData\Local\Packages\PythonSoftwareFoundation.Python.3.11_qbz5n2kfra8p0\LocalCache\local-packages\Python311\site-packages\django\template\engine.py", line 177, in get_template
    template, origin = self.find_template(template_name)
                       ^^^^^^^^^^^^^^^^^^^^^^^^^^^^^^^^^
  File "C:\Users\maksk\AppData\Local\Packages\PythonSoftwareFoundation.Python.3.11_qbz5n2kfra8p0\LocalCache\local-packages\Python311\site-packages\django\template\engine.py", line 159, in find_template
    template = loader.get_template(name, skip=skip)
               ^^^^^^^^^^^^^^^^^^^^^^^^^^^^^^^^^^^^
  File "C:\Users\maksk\AppData\Local\Packages\PythonSoftwareFoundation.Python.3.11_qbz5n2kfra8p0\LocalCache\local-packages\Python311\site-packages\django\template\loaders\cached.py", line 57, in get_template
    template = super().get_template(template_name, skip)
               ^^^^^^^^^^^^^^^^^^^^^^^^^^^^^^^^^^^^^^^^^
  File "C:\Users\maksk\AppData\Local\Packages\PythonSoftwareFoundation.Python.3.11_qbz5n2kfra8p0\LocalCache\local-packages\Python311\site-packages\django\template\loaders\base.py", line 28, in get_template
    return Template(
           ^^^^^^^^^
  File "C:\Users\maksk\AppData\Local\Packages\PythonSoftwareFoundation.Python.3.11_qbz5n2kfra8p0\LocalCache\local-packages\Python311\site-packages\django\template\base.py", line 154, in __init__
    self.nodelist = self.compile_nodelist()
                    ^^^^^^^^^^^^^^^^^^^^^^^
  File "C:\Users\maksk\AppData\Local\Packages\PythonSoftwareFoundation.Python.3.11_qbz5n2kfra8p0\LocalCache\local-packages\Python311\site-packages\django\template\base.py", line 196, in compile_nodelist
    nodelist = parser.parse()
               ^^^^^^^^^^^^^^
  File "C:\Users\maksk\AppData\Local\Packages\PythonSoftwareFoundation.Python.3.11_qbz5n2kfra8p0\LocalCache\local-packages\Python311\site-packages\django\template\base.py", line 518, in parse
    raise self.error(token, e)
  File "C:\Users\maksk\AppData\Local\Packages\PythonSoftwareFoundation.Python.3.11_qbz5n2kfra8p0\LocalCache\local-packages\Python311\site-packages\django\template\base.py", line 516, in parse
    compiled_result = compile_func(self, token)
                      ^^^^^^^^^^^^^^^^^^^^^^^^^
  File "C:\Users\maksk\AppData\Local\Packages\PythonSoftwareFoundation.Python.3.11_qbz5n2kfra8p0\LocalCache\local-packages\Python311\site-packages\django\template\loader_tags.py", line 295, in do_extends
    nodelist = parser.parse()
               ^^^^^^^^^^^^^^
  File "C:\Users\maksk\AppData\Local\Packages\PythonSoftwareFoundation.Python.3.11_qbz5n2kfra8p0\LocalCache\local-packages\Python311\site-packages\django\template\base.py", line 518, in parse
    raise self.error(token, e)
  File "C:\Users\maksk\AppData\Local\Packages\PythonSoftwareFoundation.Python.3.11_qbz5n2kfra8p0\LocalCache\local-packages\Python311\site-packages\django\template\base.py", line 516, in parse
    compiled_result = compile_func(self, token)
                      ^^^^^^^^^^^^^^^^^^^^^^^^^
  File "C:\Users\maksk\AppData\Local\Packages\PythonSoftwareFoundation.Python.3.11_qbz5n2kfra8p0\LocalCache\local-packages\Python311\site-packages\django\template\loader_tags.py", line 234, in do_block
    nodelist = parser.parse(("endblock",))
               ^^^^^^^^^^^^^^^^^^^^^^^^^^^
  File "C:\Users\maksk\AppData\Local\Packages\PythonSoftwareFoundation.Python.3.11_qbz5n2kfra8p0\LocalCache\local-packages\Python311\site-packages\django\template\base.py", line 518, in parse
    raise self.error(token, e)
  File "C:\Users\maksk\AppData\Local\Packages\PythonSoftwareFoundation.Python.3.11_qbz5n2kfra8p0\LocalCache\local-packages\Python311\site-packages\django\template\base.py", line 516, in parse
    compiled_result = compile_func(self, token)
                      ^^^^^^^^^^^^^^^^^^^^^^^^^
  File "C:\Users\maksk\AppData\Local\Packages\PythonSoftwareFoundation.Python.3.11_qbz5n2kfra8p0\LocalCache\local-packages\Python311\site-packages\django\template\defaulttags.py", line 962, in do_if
    nodelist = parser.parse(("elif", "else", "endif"))
               ^^^^^^^^^^^^^^^^^^^^^^^^^^^^^^^^^^^^^^^
  File "C:\Users\maksk\AppData\Local\Packages\PythonSoftwareFoundation.Python.3.11_qbz5n2kfra8p0\LocalCache\local-packages\Python311\site-packages\django\template\base.py", line 512, in parse
    self.invalid_block_tag(token, command, parse_until)
  File "C:\Users\maksk\AppData\Local\Packages\PythonSoftwareFoundation.Python.3.11_qbz5n2kfra8p0\LocalCache\local-packages\Python311\site-packages\django\template\base.py", line 563, in invalid_block_tag
    raise self.error(
django.template.exceptions.TemplateSyntaxError: Invalid block tag on line 97: 'endblock', expected 'elif', 'else' or 'endif'. Did you forget to register or load this tag?
2024-09-26 12:29:42,981 - WARNING - Not Found: /favicon.ico
2024-09-26 12:29:55,553 - INFO - Вызвана страница фильтрации заказов
2024-09-26 12:29:56,290 - INFO - Вызвана страница фильтрации заказов
2024-09-26 12:30:47,172 - INFO - Вызвана страница фильтрации заказов
2024-09-26 12:30:47,728 - INFO - Вызвана страница фильтрации заказов
2024-09-26 12:30:48,262 - INFO - Вызвана страница фильтрации заказов
2024-09-26 12:30:52,513 - INFO - Вызвана страница фильтрации заказов
2024-09-26 12:30:53,032 - INFO - Вызвана страница фильтрации заказов
2024-09-26 12:30:53,456 - INFO - Вызвана страница фильтрации заказов
2024-09-26 12:31:18,804 - INFO - Вызвана страница фильтрации заказов
2024-09-26 12:31:29,989 - INFO - Вызвана страница фильтрации заказов
2024-09-26 12:31:49,693 - INFO - Вызвана страница фильтрации заказов
2024-09-26 12:31:50,660 - INFO - Вызвана страница фильтрации заказов
2024-09-26 12:31:57,383 - INFO - Вызвана страница фильтрации заказов
2024-09-26 12:31:57,758 - INFO - Вызвана страница фильтрации заказов
2024-09-26 12:31:58,285 - INFO - Вызвана страница фильтрации заказов
2024-09-26 12:31:58,626 - INFO - Вызвана страница фильтрации заказов
2024-09-26 12:33:03,218 - INFO - Вызвана страница фильтрации заказов
2024-09-26 12:33:03,816 - INFO - Вызвана страница фильтрации заказов
2024-09-26 12:33:05,032 - INFO - Вызвана страница фильтрации заказов
2024-09-26 12:33:05,215 - INFO - Вызвана страница фильтрации заказов
2024-09-26 12:33:05,402 - INFO - Вызвана страница фильтрации заказов
2024-09-26 12:33:06,265 - INFO - Вызвана страница фильтрации заказов
2024-09-26 12:33:28,177 - INFO - Вызвана страница фильтрации заказов
2024-09-26 12:33:29,514 - INFO - Вызвана страница фильтрации заказов
2024-09-26 12:33:36,736 - INFO - Вызвана страница фильтрации заказов
2024-09-26 12:33:37,483 - INFO - Вызвана страница фильтрации заказов
2024-09-26 12:33:42,279 - INFO - Вызвана страница фильтрации заказов
2024-09-26 12:33:42,860 - INFO - Вызвана страница фильтрации заказов
2024-09-26 12:34:13,536 - INFO - Вызвана страница фильтрации заказов
2024-09-26 12:34:14,081 - INFO - Вызвана страница фильтрации заказов
2024-09-26 12:34:19,240 - INFO - Вызвана страница фильтрации заказов
2024-09-26 12:34:20,225 - INFO - Вызвана страница фильтрации заказов
2024-09-26 12:34:22,951 - INFO - Вызвана страница фильтрации заказов
2024-09-26 12:34:33,000 - INFO - Вызвана страница фильтрации заказов
2024-09-26 12:34:33,729 - INFO - Вызвана страница фильтрации заказов
2024-09-26 12:34:40,635 - INFO - Вызвана страница фильтрации заказов
2024-09-26 12:34:41,288 - INFO - Вызвана страница фильтрации заказов
2024-09-26 12:34:59,689 - INFO - Вызвана страница фильтрации заказов
2024-09-26 12:35:00,259 - INFO - Вызвана страница фильтрации заказов
2024-09-26 12:35:08,759 - INFO - Вызвана страница фильтрации заказов
2024-09-26 12:35:15,013 - INFO - Вызвана страница фильтрации заказов
2024-09-26 12:35:15,683 - INFO - Вызвана страница фильтрации заказов
2024-09-26 12:35:20,308 - INFO - Вызвана страница фильтрации заказов
2024-09-26 12:36:02,074 - INFO - Вызвана страница фильтрации заказов
2024-09-26 12:36:02,648 - INFO - Вызвана страница фильтрации заказов
2024-09-26 12:36:02,985 - INFO - Вызвана страница фильтрации заказов
2024-09-26 12:36:22,939 - INFO - Вызвана страница фильтрации заказов
2024-09-26 12:36:33,114 - INFO - Вызвана страница фильтрации заказов
2024-09-26 12:36:56,652 - INFO - Вызвана страница фильтрации заказов
2024-09-26 12:36:57,227 - INFO - Вызвана страница фильтрации заказов
2024-09-26 12:36:57,680 - INFO - Вызвана страница фильтрации заказов
2024-09-26 12:37:02,037 - INFO - Вызвана страница фильтрации заказов
2024-09-26 12:37:02,605 - INFO - Вызвана страница фильтрации заказов
2024-09-26 12:37:02,939 - INFO - Вызвана страница фильтрации заказов
2024-09-26 12:37:42,835 - INFO - Вызвана страница фильтрации заказов
2024-09-26 12:37:43,465 - INFO - Вызвана страница фильтрации заказов
2024-09-26 12:37:43,765 - INFO - Вызвана страница фильтрации заказов
2024-09-26 12:37:49,679 - INFO - Вызвана страница фильтрации заказов
2024-09-26 12:37:49,921 - INFO - Вызвана страница фильтрации заказов
2024-09-26 12:37:50,112 - INFO - Вызвана страница фильтрации заказов
2024-09-26 12:37:52,681 - INFO - Вызвана страница фильтрации заказов
2024-09-26 12:37:52,859 - INFO - Вызвана страница фильтрации заказов
2024-09-26 12:37:53,035 - INFO - Вызвана страница фильтрации заказов
2024-09-26 12:38:44,291 - INFO - Вызвана страница фильтрации заказов
2024-09-26 12:38:44,840 - INFO - Вызвана страница фильтрации заказов
2024-09-26 12:38:45,257 - INFO - Вызвана страница фильтрации заказов
2024-09-26 12:38:50,978 - INFO - Вызвана страница фильтрации заказов
2024-09-26 12:38:55,326 - INFO - Вызвана страница фильтрации заказов
2024-09-26 12:39:14,541 - INFO - Вызвана страница фильтрации заказов
2024-09-26 12:39:15,899 - INFO - Вызвана страница фильтрации заказов
2024-09-26 12:39:27,408 - INFO - Вызвана страница анализа заказов
2024-09-26 12:40:11,810 - INFO - Вызвана страница фильтрации заказов
2024-09-26 12:40:16,746 - INFO - Вызвана страница фильтрации заказов
2024-09-26 12:40:17,010 - INFO - Вызвана страница фильтрации заказов
2024-09-26 12:43:23,548 - INFO - Вызвана страница фильтрации заказов
2024-09-26 12:43:39,573 - INFO - Вызвана страница фильтрации заказов
2024-09-26 12:43:39,989 - INFO - Вызвана страница фильтрации заказов
2024-09-26 12:43:40,319 - INFO - Вызвана страница фильтрации заказов
2024-09-26 12:43:51,943 - INFO - Вызвана страница фильтрации заказов
2024-09-26 12:46:10,691 - INFO - Вызвана страница фильтрации заказов
2024-09-26 12:46:11,334 - INFO - Вызвана страница фильтрации заказов
2024-09-26 12:46:12,057 - INFO - Вызвана страница фильтрации заказов
2024-09-26 12:47:15,683 - INFO - Вызвана страница фильтрации заказов
2024-09-26 12:47:17,016 - INFO - Вызвана страница фильтрации заказов
2024-09-26 12:48:05,064 - INFO - Вызвана страница фильтрации заказов
2024-09-26 12:48:13,011 - INFO - Вызвана страница фильтрации заказов
2024-09-26 12:48:13,324 - INFO - Вызвана страница фильтрации заказов
2024-09-26 12:48:13,953 - INFO - Вызвана страница фильтрации заказов
2024-09-26 12:48:17,147 - INFO - Вызвана страница фильтрации заказов
2024-09-26 12:48:40,786 - INFO - Вызвана страница фильтрации заказов
2024-09-26 12:49:06,889 - INFO - Вызвана страница фильтрации заказов
2024-09-26 12:49:07,763 - INFO - Вызвана страница фильтрации заказов
2024-09-26 12:49:20,776 - INFO - Вызвана страница фильтрации заказов
2024-09-26 12:49:21,406 - INFO - Вызвана страница фильтрации заказов
2024-09-26 12:51:36,469 - INFO - Вызвана страница фильтрации заказов
2024-09-26 12:51:37,143 - INFO - Вызвана страница фильтрации заказов
2024-09-26 12:52:45,514 - INFO - Вызвана страница фильтрации заказов
2024-09-26 12:52:45,690 - ERROR - Internal Server Error: /filter_rentals/
Traceback (most recent call last):
  File "C:\Users\maksk\AppData\Local\Packages\PythonSoftwareFoundation.Python.3.11_qbz5n2kfra8p0\LocalCache\local-packages\Python311\site-packages\django\template\base.py", line 510, in parse
    compile_func = self.tags[command]
                   ~~~~~~~~~^^^^^^^^^
KeyError: 'endif'

During handling of the above exception, another exception occurred:

Traceback (most recent call last):
  File "C:\Users\maksk\AppData\Local\Packages\PythonSoftwareFoundation.Python.3.11_qbz5n2kfra8p0\LocalCache\local-packages\Python311\site-packages\django\core\handlers\exception.py", line 55, in inner
    response = get_response(request)
               ^^^^^^^^^^^^^^^^^^^^^
  File "C:\Users\maksk\AppData\Local\Packages\PythonSoftwareFoundation.Python.3.11_qbz5n2kfra8p0\LocalCache\local-packages\Python311\site-packages\django\core\handlers\base.py", line 197, in _get_response
    response = wrapped_callback(request, *callback_args, **callback_kwargs)
               ^^^^^^^^^^^^^^^^^^^^^^^^^^^^^^^^^^^^^^^^^^^^^^^^^^^^^^^^^^^^
  File "C:\Users\maksk\AppData\Local\Packages\PythonSoftwareFoundation.Python.3.11_qbz5n2kfra8p0\LocalCache\local-packages\Python311\site-packages\django\contrib\auth\decorators.py", line 60, in _view_wrapper
    return view_func(request, *args, **kwargs)
           ^^^^^^^^^^^^^^^^^^^^^^^^^^^^^^^^^^^
  File "C:\Users\maksk\Desktop\lab5\rent_cars\users\views.py", line 512, in filter_rentals
    return render(request, 'users/filler_rentals.html', context)
           ^^^^^^^^^^^^^^^^^^^^^^^^^^^^^^^^^^^^^^^^^^^^^^^^^^^^^
  File "C:\Users\maksk\AppData\Local\Packages\PythonSoftwareFoundation.Python.3.11_qbz5n2kfra8p0\LocalCache\local-packages\Python311\site-packages\django\shortcuts.py", line 25, in render
    content = loader.render_to_string(template_name, context, request, using=using)
              ^^^^^^^^^^^^^^^^^^^^^^^^^^^^^^^^^^^^^^^^^^^^^^^^^^^^^^^^^^^^^^^^^^^^^
  File "C:\Users\maksk\AppData\Local\Packages\PythonSoftwareFoundation.Python.3.11_qbz5n2kfra8p0\LocalCache\local-packages\Python311\site-packages\django\template\loader.py", line 61, in render_to_string
    template = get_template(template_name, using=using)
               ^^^^^^^^^^^^^^^^^^^^^^^^^^^^^^^^^^^^^^^^
  File "C:\Users\maksk\AppData\Local\Packages\PythonSoftwareFoundation.Python.3.11_qbz5n2kfra8p0\LocalCache\local-packages\Python311\site-packages\django\template\loader.py", line 15, in get_template
    return engine.get_template(template_name)
           ^^^^^^^^^^^^^^^^^^^^^^^^^^^^^^^^^^
  File "C:\Users\maksk\AppData\Local\Packages\PythonSoftwareFoundation.Python.3.11_qbz5n2kfra8p0\LocalCache\local-packages\Python311\site-packages\django\template\backends\django.py", line 79, in get_template
    return Template(self.engine.get_template(template_name), self)
                    ^^^^^^^^^^^^^^^^^^^^^^^^^^^^^^^^^^^^^^^
  File "C:\Users\maksk\AppData\Local\Packages\PythonSoftwareFoundation.Python.3.11_qbz5n2kfra8p0\LocalCache\local-packages\Python311\site-packages\django\template\engine.py", line 177, in get_template
    template, origin = self.find_template(template_name)
                       ^^^^^^^^^^^^^^^^^^^^^^^^^^^^^^^^^
  File "C:\Users\maksk\AppData\Local\Packages\PythonSoftwareFoundation.Python.3.11_qbz5n2kfra8p0\LocalCache\local-packages\Python311\site-packages\django\template\engine.py", line 159, in find_template
    template = loader.get_template(name, skip=skip)
               ^^^^^^^^^^^^^^^^^^^^^^^^^^^^^^^^^^^^
  File "C:\Users\maksk\AppData\Local\Packages\PythonSoftwareFoundation.Python.3.11_qbz5n2kfra8p0\LocalCache\local-packages\Python311\site-packages\django\template\loaders\cached.py", line 57, in get_template
    template = super().get_template(template_name, skip)
               ^^^^^^^^^^^^^^^^^^^^^^^^^^^^^^^^^^^^^^^^^
  File "C:\Users\maksk\AppData\Local\Packages\PythonSoftwareFoundation.Python.3.11_qbz5n2kfra8p0\LocalCache\local-packages\Python311\site-packages\django\template\loaders\base.py", line 28, in get_template
    return Template(
           ^^^^^^^^^
  File "C:\Users\maksk\AppData\Local\Packages\PythonSoftwareFoundation.Python.3.11_qbz5n2kfra8p0\LocalCache\local-packages\Python311\site-packages\django\template\base.py", line 154, in __init__
    self.nodelist = self.compile_nodelist()
                    ^^^^^^^^^^^^^^^^^^^^^^^
  File "C:\Users\maksk\AppData\Local\Packages\PythonSoftwareFoundation.Python.3.11_qbz5n2kfra8p0\LocalCache\local-packages\Python311\site-packages\django\template\base.py", line 196, in compile_nodelist
    nodelist = parser.parse()
               ^^^^^^^^^^^^^^
  File "C:\Users\maksk\AppData\Local\Packages\PythonSoftwareFoundation.Python.3.11_qbz5n2kfra8p0\LocalCache\local-packages\Python311\site-packages\django\template\base.py", line 518, in parse
    raise self.error(token, e)
  File "C:\Users\maksk\AppData\Local\Packages\PythonSoftwareFoundation.Python.3.11_qbz5n2kfra8p0\LocalCache\local-packages\Python311\site-packages\django\template\base.py", line 516, in parse
    compiled_result = compile_func(self, token)
                      ^^^^^^^^^^^^^^^^^^^^^^^^^
  File "C:\Users\maksk\AppData\Local\Packages\PythonSoftwareFoundation.Python.3.11_qbz5n2kfra8p0\LocalCache\local-packages\Python311\site-packages\django\template\loader_tags.py", line 295, in do_extends
    nodelist = parser.parse()
               ^^^^^^^^^^^^^^
  File "C:\Users\maksk\AppData\Local\Packages\PythonSoftwareFoundation.Python.3.11_qbz5n2kfra8p0\LocalCache\local-packages\Python311\site-packages\django\template\base.py", line 518, in parse
    raise self.error(token, e)
  File "C:\Users\maksk\AppData\Local\Packages\PythonSoftwareFoundation.Python.3.11_qbz5n2kfra8p0\LocalCache\local-packages\Python311\site-packages\django\template\base.py", line 516, in parse
    compiled_result = compile_func(self, token)
                      ^^^^^^^^^^^^^^^^^^^^^^^^^
  File "C:\Users\maksk\AppData\Local\Packages\PythonSoftwareFoundation.Python.3.11_qbz5n2kfra8p0\LocalCache\local-packages\Python311\site-packages\django\template\loader_tags.py", line 234, in do_block
    nodelist = parser.parse(("endblock",))
               ^^^^^^^^^^^^^^^^^^^^^^^^^^^
  File "C:\Users\maksk\AppData\Local\Packages\PythonSoftwareFoundation.Python.3.11_qbz5n2kfra8p0\LocalCache\local-packages\Python311\site-packages\django\template\base.py", line 518, in parse
    raise self.error(token, e)
  File "C:\Users\maksk\AppData\Local\Packages\PythonSoftwareFoundation.Python.3.11_qbz5n2kfra8p0\LocalCache\local-packages\Python311\site-packages\django\template\base.py", line 516, in parse
    compiled_result = compile_func(self, token)
                      ^^^^^^^^^^^^^^^^^^^^^^^^^
  File "C:\Users\maksk\AppData\Local\Packages\PythonSoftwareFoundation.Python.3.11_qbz5n2kfra8p0\LocalCache\local-packages\Python311\site-packages\django\template\defaulttags.py", line 962, in do_if
    nodelist = parser.parse(("elif", "else", "endif"))
               ^^^^^^^^^^^^^^^^^^^^^^^^^^^^^^^^^^^^^^^
  File "C:\Users\maksk\AppData\Local\Packages\PythonSoftwareFoundation.Python.3.11_qbz5n2kfra8p0\LocalCache\local-packages\Python311\site-packages\django\template\base.py", line 518, in parse
    raise self.error(token, e)
  File "C:\Users\maksk\AppData\Local\Packages\PythonSoftwareFoundation.Python.3.11_qbz5n2kfra8p0\LocalCache\local-packages\Python311\site-packages\django\template\base.py", line 516, in parse
    compiled_result = compile_func(self, token)
                      ^^^^^^^^^^^^^^^^^^^^^^^^^
  File "C:\Users\maksk\AppData\Local\Packages\PythonSoftwareFoundation.Python.3.11_qbz5n2kfra8p0\LocalCache\local-packages\Python311\site-packages\django\template\defaulttags.py", line 862, in do_for
    nodelist_loop = parser.parse(
                    ^^^^^^^^^^^^^
  File "C:\Users\maksk\AppData\Local\Packages\PythonSoftwareFoundation.Python.3.11_qbz5n2kfra8p0\LocalCache\local-packages\Python311\site-packages\django\template\base.py", line 512, in parse
    self.invalid_block_tag(token, command, parse_until)
  File "C:\Users\maksk\AppData\Local\Packages\PythonSoftwareFoundation.Python.3.11_qbz5n2kfra8p0\LocalCache\local-packages\Python311\site-packages\django\template\base.py", line 563, in invalid_block_tag
    raise self.error(
django.template.exceptions.TemplateSyntaxError: Invalid block tag on line 91: 'endif', expected 'empty' or 'endfor'. Did you forget to register or load this tag?
2024-09-26 12:52:45,802 - WARNING - Not Found: /favicon.ico
2024-09-26 12:52:57,782 - INFO - Вызвана страница фильтрации заказов
2024-09-26 12:54:06,185 - INFO - Вызвана страница фильтрации заказов
2024-09-26 12:54:07,147 - INFO - Вызвана страница фильтрации заказов
2024-09-26 12:54:20,337 - INFO - Вызвана страница фильтрации заказов
2024-09-26 12:54:21,519 - INFO - Вызвана страница фильтрации заказов
2024-09-26 12:54:54,654 - INFO - Вызвана страница фильтрации заказов
2024-09-26 12:55:27,720 - INFO - Вызвана страница фильтрации заказов
2024-09-26 12:55:42,786 - INFO - Вызвана страница фильтрации заказов
2024-09-26 12:56:07,076 - INFO - Вызвана страница всех бонусов
2024-09-26 12:56:10,325 - INFO - Вызвана страница фильтрации заказов
2024-09-26 13:13:06,249 - INFO - Вызвана главная страница
2024-09-26 13:13:08,047 - INFO - Вызвана главная страница
2024-09-26 13:13:15,128 - INFO - Вызвана главная страница
2024-09-26 13:13:15,822 - INFO - Вызвана главная страница
2024-09-26 13:13:20,805 - INFO - Вызвана главная страница
2024-09-26 13:13:21,498 - INFO - Вызвана главная страница
2024-09-26 13:18:22,405 - INFO - Вызвана главная страница
2024-09-26 13:19:14,632 - INFO - Вызвана страница списка людей
2024-09-26 13:19:29,700 - INFO - Вызвана страница списка людей
2024-09-26 13:19:34,668 - INFO - Вызвана страница списка людей
2024-09-26 13:19:42,552 - INFO - Вызвана страница списка людей
2024-09-26 13:20:31,887 - INFO - Вызвана страница списка людей
2024-09-26 13:20:43,428 - INFO - Вызвана страница списка людей
2024-09-26 13:21:00,983 - INFO - Вызвана страница списка людей
2024-09-26 13:39:34,507 - INFO - Вызвана главная страница
2024-09-26 13:39:35,379 - INFO - Вызвана главная страница
2024-09-26 13:39:46,393 - INFO - Вызвана главная страница
2024-09-26 13:41:35,546 - INFO - Вызвана главная страница
2024-09-26 13:43:14,707 - INFO - Вызвана главная страница
2024-09-26 13:47:51,741 - INFO - Вызвана главная страница
2024-09-26 13:47:52,334 - INFO - Вызвана главная страница
2024-09-26 13:48:03,443 - INFO - Вызвана главная страница
2024-09-26 13:48:07,206 - INFO - Вызвана главная страница
2024-09-26 13:51:19,869 - INFO - Вызвана главная страница
2024-09-26 13:51:23,542 - INFO - Вызвана главная страница
2024-09-26 13:52:31,731 - INFO - Вызвана главная страница
2024-09-26 13:52:48,951 - INFO - Вызвана главная страница
2024-09-26 13:53:03,998 - INFO - Вызвана главная страница
2024-09-26 13:53:05,363 - INFO - Вызвана главная страница
2024-09-26 13:53:14,763 - INFO - Вызвана главная страница
2024-09-26 13:53:15,340 - INFO - Вызвана главная страница
2024-09-26 13:53:25,122 - INFO - Вызвана главная страница
2024-09-26 13:54:02,786 - INFO - Вызвана главная страница
2024-09-26 13:54:04,887 - INFO - Вызвана главная страница
2024-09-26 13:54:20,144 - INFO - Вызвана главная страница
2024-09-26 13:54:21,001 - INFO - Вызвана главная страница
2024-09-26 13:54:24,449 - INFO - Вызвана главная страница
2024-09-26 13:54:40,564 - INFO - Вызвана главная страница
2024-09-26 13:54:41,670 - INFO - Вызвана главная страница
2024-09-26 13:54:47,862 - INFO - Вызвана главная страница
2024-09-26 13:54:52,028 - INFO - Вызвана главная страница
2024-09-26 13:54:54,911 - INFO - Вызвана главная страница
2024-09-26 13:54:57,392 - INFO - Вызвана главная страница
2024-09-26 13:55:02,924 - INFO - Вызвана главная страница
2024-09-26 13:55:42,900 - INFO - Вызвана главная страница
2024-09-26 14:00:25,997 - INFO - Вызвана главная страница
2024-09-26 14:00:36,348 - INFO - Вызвана главная страница
2024-09-26 14:00:42,844 - INFO - Вызвана главная страница
2024-09-26 14:00:52,456 - INFO - Вызвана главная страница
2024-09-26 14:01:03,768 - INFO - Вызвана главная страница
2024-09-26 14:01:41,508 - INFO - Вызвана главная страница
2024-09-26 14:01:48,312 - INFO - Вызвана главная страница
2024-09-26 14:01:53,066 - INFO - Вызвана главная страница
2024-09-26 14:01:56,706 - INFO - Вызвана главная страница
2024-09-26 14:02:09,518 - INFO - Вызвана главная страница
2024-09-26 14:02:16,063 - INFO - Вызвана главная страница
2024-09-26 14:02:18,623 - INFO - Вызвана главная страница
2024-09-26 14:02:35,846 - INFO - Вызвана главная страница
2024-09-26 14:04:23,555 - INFO - Вызвана главная страница
2024-09-26 14:04:41,500 - INFO - Вызвана главная страница
2024-09-26 14:05:01,398 - INFO - Вызвана главная страница
2024-09-26 14:06:23,804 - INFO - Вызвана главная страница
2024-09-26 14:07:29,226 - INFO - Вызвана главная страница
2024-09-26 14:09:05,585 - INFO - Вызвана страница фильтрации заказов
2024-09-26 14:09:06,439 - INFO - Вызвана страница списка людей
2024-09-26 14:09:07,309 - INFO - Вызвана страница анализа заказов
2024-09-26 14:10:31,354 - INFO - Вызвана главная страница
2024-09-26 17:57:47,630 - INFO - Вызвана главная страница
2024-09-26 17:58:02,487 - INFO - Вызвана главная страница
2024-09-26 18:03:02,610 - INFO - Вызвана главная страница
2024-09-26 18:08:02,809 - INFO - Вызвана главная страница
2024-09-26 18:13:04,790 - INFO - Вызвана главная страница
2024-09-26 18:18:05,167 - INFO - Вызвана главная страница
2024-09-26 18:25:18,783 - INFO - Вызвана главная страница
2024-09-26 18:30:19,874 - INFO - Вызвана главная страница
2024-09-26 18:30:25,457 - INFO -  вышел с аккаунта
2024-09-26 18:30:25,465 - INFO - Вызвана главная страница
2024-09-26 18:30:36,053 - INFO -  вошел в аккаунт
2024-09-26 18:30:36,053 - INFO - makskreett вошел в аккаунт
2024-09-26 18:30:36,087 - INFO - Вызвана главная страница
2024-09-26 18:31:45,733 - INFO - Вызвана главная страница
2024-09-26 18:31:46,859 - INFO - Вызвана главная страница
2024-09-26 18:31:47,714 - INFO - Вызвана главная страница
2024-09-26 18:31:51,557 - INFO - Вызвана главная страница
2024-09-26 23:26:12,471 - INFO - Вызвана главная страница
2024-09-26 23:51:03,051 - WARNING - Not Found: /rent_cars/media/company_logos/car-rental-in-georgia.jpg
2024-09-26 23:51:07,517 - WARNING - Not Found: /rent_cars/media/company_logos/car-rental-in-georgia.jpg
2024-09-26 23:51:15,345 - WARNING - Not Found: /rent_cars/media/company_logos/car-rental-in-georgia.jpg
2024-09-26 23:51:15,769 - WARNING - Not Found: /rent_cars/media/company_logos/car-rental-in-georgia.jpg
2024-09-26 23:51:25,868 - WARNING - Not Found: /rent_cars/media/company_logos/car-rental-in-georgia.jpg
2024-09-26 23:51:56,408 - WARNING - Not Found: /rent_cars/media/company_logos/car-rental-in-georgia.jpg
2024-09-26 23:51:57,002 - WARNING - Not Found: /rent_cars/media/company_logos/car-rental-in-georgia.jpg
2024-09-26 23:51:57,203 - WARNING - Not Found: /rent_cars/media/company_logos/car-rental-in-georgia.jpg
2024-09-26 23:53:10,061 - WARNING - Not Found: /rent_cars/users/static/images/1300x200.jpg
2024-09-26 23:53:10,721 - WARNING - Not Found: /rent_cars/users/static/images/1300x200.jpg
2024-09-26 23:53:15,851 - WARNING - Not Found: /rent_cars/users/static/images/3.jpg
2024-09-26 23:53:16,681 - WARNING - Not Found: /rent_cars/users/static/images/3.jpg
2024-09-26 23:53:16,926 - WARNING - Not Found: /rent_cars/users/static/images/3.jpg
2024-09-26 23:53:25,386 - WARNING - Not Found: /rent_cars/users/static/css/fff.png
2024-09-26 23:53:26,294 - WARNING - Not Found: /rent_cars/users/static/css/fff.png
2024-09-26 23:53:26,575 - WARNING - Not Found: /rent_cars/users/static/css/fff.png
2024-09-26 23:55:09,557 - INFO - Вызвана главная страница
2024-09-27 00:04:26,217 - INFO - Вызвана главная страница
2024-09-27 00:04:26,574 - INFO - Вызвана главная страница
2024-09-27 00:04:27,504 - INFO - Вызвана главная страница
2024-09-27 00:05:09,251 - INFO - Вызвана главная страница
2024-09-27 00:05:27,878 - INFO - Вызвана главная страница
2024-09-27 00:05:44,157 - INFO - Вызвана главная страница
2024-09-27 00:05:45,115 - INFO - Вызвана главная страница
2024-09-27 00:05:48,191 - INFO - Вызвана главная страница
2024-09-27 00:05:49,014 - INFO - Вызвана главная страница
2024-09-27 00:06:02,023 - INFO - Вызвана главная страница
2024-09-27 00:06:05,261 - INFO - Вызвана главная страница
2024-09-27 00:06:10,413 - INFO - Вызвана главная страница
2024-09-27 00:06:13,903 - INFO - Вызвана главная страница
2024-09-27 00:06:38,923 - INFO - Вызвана главная страница
2024-09-27 00:06:39,783 - INFO - Вызвана главная страница
2024-09-27 00:06:48,637 - INFO - Вызвана главная страница
2024-09-27 00:06:55,513 - INFO - Вызвана главная страница
2024-09-27 00:06:59,045 - INFO - Вызвана главная страница
2024-09-27 00:07:04,586 - INFO - Вызвана главная страница
2024-09-27 00:09:31,639 - INFO - C:\Users\maksk\Desktop\lab5\rent_cars\users\views.py changed, reloading.
2024-09-27 00:09:44,584 - INFO - C:\Users\maksk\Desktop\lab5\rent_cars\users\views.py changed, reloading.
2024-09-27 00:09:45,898 - ERROR - Internal Server Error: /
Traceback (most recent call last):
  File "C:\Users\maksk\AppData\Local\Packages\PythonSoftwareFoundation.Python.3.11_qbz5n2kfra8p0\LocalCache\local-packages\Python311\site-packages\django\core\handlers\exception.py", line 55, in inner
    response = get_response(request)
               ^^^^^^^^^^^^^^^^^^^^^
  File "C:\Users\maksk\AppData\Local\Packages\PythonSoftwareFoundation.Python.3.11_qbz5n2kfra8p0\LocalCache\local-packages\Python311\site-packages\django\core\handlers\base.py", line 197, in _get_response
    response = wrapped_callback(request, *callback_args, **callback_kwargs)
               ^^^^^^^^^^^^^^^^^^^^^^^^^^^^^^^^^^^^^^^^^^^^^^^^^^^^^^^^^^^^
  File "C:\Users\maksk\Desktop\lab5\rent_cars\users\views.py", line 92, in index
    cal = mark_safe(cal)  # Безопасная вставка HTML
          ^^^^^^^^^
NameError: name 'mark_safe' is not defined
2024-09-27 00:09:45,972 - ERROR - Internal Server Error: /
Traceback (most recent call last):
  File "C:\Users\maksk\AppData\Local\Packages\PythonSoftwareFoundation.Python.3.11_qbz5n2kfra8p0\LocalCache\local-packages\Python311\site-packages\django\core\handlers\exception.py", line 55, in inner
    response = get_response(request)
               ^^^^^^^^^^^^^^^^^^^^^
  File "C:\Users\maksk\AppData\Local\Packages\PythonSoftwareFoundation.Python.3.11_qbz5n2kfra8p0\LocalCache\local-packages\Python311\site-packages\django\core\handlers\base.py", line 197, in _get_response
    response = wrapped_callback(request, *callback_args, **callback_kwargs)
               ^^^^^^^^^^^^^^^^^^^^^^^^^^^^^^^^^^^^^^^^^^^^^^^^^^^^^^^^^^^^
  File "C:\Users\maksk\Desktop\lab5\rent_cars\users\views.py", line 92, in index
    cal = mark_safe(cal)  # Безопасная вставка HTML
          ^^^^^^^^^
NameError: name 'mark_safe' is not defined
2024-09-27 00:09:46,059 - WARNING - Not Found: /favicon.ico
2024-09-27 00:10:22,753 - INFO - C:\Users\maksk\Desktop\lab5\rent_cars\users\views.py changed, reloading.
2024-09-27 00:10:23,941 - INFO - Вызвана главная страница
2024-09-27 00:11:25,681 - INFO - C:\Users\maksk\Desktop\lab5\rent_cars\users\views.py changed, reloading.
2024-09-27 00:11:26,942 - INFO - Вызвана главная страница
2024-09-27 00:11:44,955 - INFO - C:\Users\maksk\Desktop\lab5\rent_cars\users\views.py changed, reloading.
2024-09-27 00:11:48,931 - INFO - Вызвана главная страница
2024-09-27 00:12:17,412 - INFO - Вызвана главная страница
2024-09-27 00:12:17,981 - INFO - Вызвана главная страница
2024-09-27 00:12:25,765 - INFO - Вызвана главная страница
2024-09-27 00:12:26,557 - INFO - Вызвана главная страница
2024-09-28 11:40:14,177 - INFO - Вызвана главная страница
2024-09-28 11:40:38,987 - INFO - Вызвана главная страница
2024-09-28 11:40:39,599 - INFO - Вызвана главная страница
2024-09-28 11:40:58,063 - INFO - Вызвана главная страница
2024-09-28 11:42:23,251 - INFO - Вызвана главная страница
2024-09-28 11:42:38,949 - INFO - Вызвана главная страница
2024-09-28 11:42:39,559 - INFO - Вызвана главная страница
2024-09-28 11:42:50,632 - INFO - Вызвана главная страница
2024-09-28 11:42:53,935 - INFO - Вызвана главная страница
2024-09-28 11:44:05,835 - INFO - Вызвана главная страница
2024-09-28 11:49:06,123 - INFO - Вызвана главная страница
2024-09-28 11:54:06,703 - INFO - Вызвана главная страница
2024-09-28 13:20:10,834 - INFO - Вызвана главная страница
2024-09-28 13:20:22,049 - INFO - Вызвана главная страница
2024-09-30 11:34:28,724 - INFO - Вызвана главная страница
2024-09-30 11:34:31,137 - INFO - Вызвана главная страница
2024-09-30 11:34:31,701 - INFO - Вызвана главная страница
2024-09-30 11:34:32,000 - INFO - Вызвана главная страница
2024-09-30 11:34:32,203 - INFO - Вызвана главная страница
2024-09-30 11:34:32,340 - INFO - Вызвана главная страница
2024-09-30 11:34:32,496 - INFO - Вызвана главная страница
2024-09-30 11:34:32,636 - INFO - Вызвана главная страница
2024-09-30 11:34:33,760 - INFO - Вызвана главная страница
2024-09-30 11:34:34,855 - INFO - Вызвана главная страница
2024-09-30 11:35:45,341 - INFO - Вызвана главная страница
2024-09-30 11:35:45,808 - INFO - Вызвана главная страница
2024-09-30 11:36:04,309 - INFO - Вызвана главная страница
2024-09-30 11:36:22,022 - INFO - Вызвана главная страница
2024-09-30 11:36:40,816 - INFO - Вызвана главная страница
2024-09-30 11:36:55,836 - INFO - Вызвана главная страница
2024-09-30 11:36:59,221 - INFO - Вызвана главная страница
2024-09-30 11:37:12,292 - INFO - Вызвана главная страница
2024-09-30 11:37:26,377 - INFO - Вызвана главная страница
2024-10-01 11:38:32,821 - INFO - Вызвана главная страница
2024-10-01 11:38:41,118 - INFO - Вызвана страница заказов
2024-10-01 12:42:38,486 - INFO - Вызвана главная страница
2024-10-01 12:42:39,565 - INFO - Вызвана главная страница
2024-10-01 12:42:44,723 - INFO - Вызвана главная страница
2024-10-01 12:42:45,054 - INFO - Вызвана главная страница
2024-10-01 12:42:45,823 - INFO - Вызвана главная страница
2024-10-01 12:42:53,146 - INFO - Вызвана главная страница
2024-10-01 12:42:56,887 - INFO - Вызвана главная страница
2024-10-01 12:43:01,508 - INFO - Вызвана главная страница
2024-10-01 12:43:04,967 - INFO - Вызвана главная страница
2024-10-01 12:43:09,261 - INFO - Вызвана главная страница
2024-10-01 13:11:11,355 - INFO - Вызвана главная страница
2024-10-01 13:16:11,628 - INFO - Вызвана главная страница
2024-10-01 13:21:11,961 - INFO - Вызвана главная страница
2024-10-01 13:26:12,215 - INFO - Вызвана главная страница
2024-10-01 13:31:12,574 - INFO - Вызвана главная страница
2024-10-01 13:36:14,838 - INFO - Вызвана главная страница
2024-10-01 13:41:18,370 - INFO - Вызвана главная страница
2024-10-01 13:46:19,017 - INFO - Вызвана главная страница
2024-10-01 13:51:28,033 - INFO - Вызвана главная страница
2024-10-01 13:56:28,945 - INFO - Вызвана главная страница
2024-10-01 14:01:34,288 - INFO - Вызвана главная страница
2024-10-01 14:06:34,565 - INFO - Вызвана главная страница
2024-10-01 14:11:34,834 - INFO - Вызвана главная страница
2024-10-01 14:16:35,258 - INFO - Вызвана главная страница
2024-10-01 14:21:35,580 - INFO - Вызвана главная страница
2024-10-01 14:26:36,313 - INFO - Вызвана главная страница
2024-10-01 14:31:36,678 - INFO - Вызвана главная страница
2024-10-01 14:32:34,281 - INFO - Вызвана главная страница
2024-10-01 14:32:36,081 - INFO - Вызвана главная страница
2024-10-01 14:37:36,738 - INFO - Вызвана главная страница
2024-10-01 14:42:37,070 - INFO - Вызвана главная страница
2024-10-01 14:47:37,420 - INFO - Вызвана главная страница
2024-10-01 14:52:37,765 - INFO - Вызвана главная страница
2024-10-01 14:57:38,120 - INFO - Вызвана главная страница
2024-10-01 15:11:01,386 - INFO - Вызвана главная страница
2024-10-01 15:11:06,606 - INFO - Вызвана главная страница
2024-10-01 15:11:08,766 - INFO - Вызвана главная страница
2024-10-01 23:17:20,324 - INFO - Вызвана главная страница
2024-10-02 11:09:17,912 - INFO - Вызвана главная страница
2024-10-02 11:21:14,268 - INFO - Вызвана страница заказов
2024-10-02 11:27:10,899 - INFO -  вышел с аккаунта
2024-10-02 11:27:10,905 - INFO - Вызвана главная страница
2024-10-02 11:27:16,799 - INFO - Вызвана страница всех бонусов
2024-10-02 11:30:31,701 - INFO - Вызвана главная страница
2024-10-02 11:31:43,456 - INFO - Вызвана главная страница
2024-10-02 13:24:18,115 - INFO - Вызвана главная страница
2024-10-02 13:24:24,217 - INFO - Вызвана главная страница
2024-10-02 13:24:39,188 - INFO - Вызвана главная страница
2024-10-02 13:29:39,436 - INFO - Вызвана главная страница
2024-10-02 13:35:41,079 - INFO -  вошел в аккаунт
2024-10-02 13:35:41,079 - INFO - makskreet вошел в аккаунт
2024-10-02 13:35:41,100 - INFO - Вызвана главная страница
2024-10-02 13:35:43,959 - INFO - Вызвана страница списка людей
2024-10-02 13:36:14,138 - INFO - Вызвана страница списка людей
2024-10-02 13:36:14,531 - INFO - Вызвана страница списка людей
2024-10-02 13:36:15,361 - INFO - Вызвана страница списка людей
2024-10-02 13:36:15,776 - INFO - Вызвана страница списка людей
2024-10-02 13:36:42,056 - INFO - Вызвана страница списка людей
2024-10-02 13:36:42,317 - INFO - Вызвана страница списка людей
2024-10-02 13:36:43,080 - INFO - Вызвана страница списка людей
2024-10-02 13:36:47,758 - INFO - Вызвана страница списка людей
2024-10-02 13:37:10,366 - INFO - Вызвана страница списка людей
2024-10-02 13:37:44,574 - INFO - Вызвана страница списка людей
2024-10-02 13:38:05,870 - INFO - Вызвана страница списка людей
2024-10-02 13:38:07,034 - INFO - Вызвана страница списка людей
2024-10-02 13:38:12,831 - INFO - Вызвана страница списка людей
2024-10-02 13:38:13,238 - INFO - Вызвана страница списка людей
2024-10-02 13:38:13,717 - INFO - Вызвана страница списка людей
2024-10-02 13:38:14,016 - INFO - Вызвана страница списка людей
2024-10-02 13:38:33,304 - INFO - Вызвана страница списка людей
2024-10-02 13:38:33,570 - INFO - Вызвана страница списка людей
2024-10-02 13:38:33,804 - INFO - Вызвана страница списка людей
2024-10-02 13:38:36,218 - INFO - Вызвана страница списка людей
2024-10-02 13:38:36,601 - INFO - Вызвана страница списка людей
2024-10-02 13:38:44,859 - INFO - Вызвана страница списка людей
2024-10-02 13:38:53,488 - INFO - Вызвана страница списка людей
2024-10-02 13:38:53,822 - INFO - Вызвана страница списка людей
2024-10-02 13:39:59,562 - INFO - Вызвана страница списка людей
2024-10-02 13:39:59,780 - INFO - Вызвана страница списка людей
2024-10-02 13:39:59,937 - INFO - Вызвана страница списка людей
2024-10-02 13:40:00,140 - INFO - Вызвана страница списка людей
2024-10-02 13:40:00,540 - INFO - Вызвана страница списка людей
2024-10-02 13:40:00,776 - INFO - Вызвана страница списка людей
2024-10-02 13:41:14,359 - INFO - Вызвана страница списка людей
2024-10-02 13:41:14,848 - INFO - Вызвана страница списка людей
2024-10-02 13:41:15,248 - INFO - Вызвана страница списка людей
2024-10-02 13:41:15,593 - INFO - Вызвана страница списка людей
2024-10-02 13:41:39,484 - INFO - Вызвана страница списка людей
2024-10-02 13:41:39,823 - INFO - Вызвана страница списка людей
2024-10-02 13:41:40,320 - INFO - Вызвана страница списка людей
2024-10-02 13:41:40,579 - INFO - Вызвана страница списка людей
2024-10-02 13:41:42,294 - INFO - Вызвана страница списка людей
2024-10-02 13:41:42,684 - INFO - Вызвана страница списка людей
2024-10-02 13:41:43,186 - INFO - Вызвана страница списка людей
2024-10-02 13:41:43,420 - INFO - Вызвана страница списка людей
2024-10-02 13:41:43,559 - INFO - Вызвана страница списка людей
2024-10-02 13:41:43,719 - INFO - Вызвана страница списка людей
2024-10-02 13:41:55,322 - INFO - Вызвана страница списка людей
2024-10-02 13:41:55,589 - INFO - Вызвана страница списка людей
2024-10-02 13:41:56,063 - INFO - Вызвана страница списка людей
2024-10-02 13:41:56,298 - INFO - Вызвана страница списка людей
2024-10-02 13:42:11,805 - INFO - Вызвана страница списка людей
2024-10-02 13:42:12,130 - INFO - Вызвана страница списка людей
2024-10-02 13:42:34,626 - INFO - Вызвана страница списка людей
2024-10-02 13:42:34,944 - INFO - Вызвана страница списка людей
2024-10-02 13:42:35,372 - INFO - Вызвана страница списка людей
2024-10-02 13:43:10,214 - INFO - Вызвана страница списка людей
2024-10-02 13:43:10,568 - INFO - Вызвана страница списка людей
2024-10-02 13:43:10,900 - INFO - Вызвана страница списка людей
2024-10-02 13:43:11,348 - INFO - Вызвана страница списка людей
2024-10-02 13:43:16,843 - INFO - Вызвана страница списка людей
2024-10-02 13:48:28,567 - INFO - Вызвана главная страница
2024-10-02 13:48:33,035 - INFO - Вызвана главная страница
2024-10-02 13:48:33,376 - INFO - Вызвана главная страница
2024-10-02 13:48:33,842 - INFO - Вызвана главная страница
2024-10-02 13:48:37,151 - INFO - Вызвана главная страница
2024-10-02 13:53:37,312 - INFO - Вызвана главная страница
2024-10-02 13:58:38,361 - INFO - Вызвана главная страница
2024-10-02 14:06:13,073 - INFO - Вызвана главная страница
2024-10-02 14:11:13,425 - INFO - Вызвана главная страница
2024-10-02 14:16:13,637 - INFO - Вызвана главная страница
2024-10-02 15:54:18,742 - INFO - Вызвана главная страница
2024-10-02 15:59:20,637 - INFO - Вызвана главная страница
2024-10-02 16:02:19,665 - INFO - Вызвана главная страница
2024-10-02 16:02:22,850 - INFO - Вызвана главная страница
2024-10-02 16:05:30,960 - INFO - Вызвана главная страница
2024-10-02 16:05:32,577 - INFO - Вызвана главная страница
2024-10-02 16:05:33,236 - INFO - Вызвана главная страница
2024-10-02 16:10:33,739 - INFO - Вызвана главная страница
2024-10-02 16:11:44,974 - INFO - Вызвана главная страница
2024-10-02 16:11:46,256 - INFO - Вызвана главная страница
2024-10-02 16:11:50,022 - INFO - Вызвана главная страница
2024-10-02 16:11:52,194 - INFO - Вызвана главная страница
2024-10-02 16:12:03,939 - INFO - Вызвана главная страница
2024-10-02 16:12:24,840 - INFO - Вызвана главная страница
2024-10-02 16:12:38,111 - INFO - Вызвана главная страница
2024-10-02 16:12:45,063 - INFO - Вызвана главная страница
2024-10-02 16:12:49,140 - INFO - Вызвана главная страница
2024-10-02 16:12:58,279 - INFO - Вызвана главная страница
2024-10-02 16:13:09,044 - INFO - Вызвана главная страница
2024-10-02 16:13:24,349 - INFO - Вызвана главная страница
2024-10-02 16:13:47,742 - INFO - Вызвана главная страница
2024-10-02 16:18:48,603 - INFO - Вызвана главная страница
2024-10-02 16:25:57,804 - INFO - Вызвана главная страница
2024-10-02 16:25:59,036 - INFO - Вызвана главная страница
2024-10-02 16:26:12,746 - INFO - Вызвана главная страница
2024-10-02 16:26:13,481 - INFO - Вызвана главная страница
2024-10-02 16:26:22,997 - INFO - Вызвана главная страница
2024-10-02 16:26:37,886 - INFO - Вызвана главная страница
2024-10-02 16:26:40,224 - INFO - Вызвана главная страница
2024-10-02 16:26:41,817 - INFO - Вызвана главная страница
2024-10-02 16:42:28,076 - INFO - Вызвана главная страница
2024-10-02 16:42:58,559 - INFO - Вызвана главная страница
2024-10-02 16:43:00,951 - INFO - Вызвана главная страница
2024-10-02 16:43:37,734 - INFO - Вызвана главная страница
2024-10-02 16:45:36,069 - INFO - Вызвана страница анализа заказов
2024-10-02 16:45:47,687 - INFO - Вызвана страница всех бонусов
2024-10-02 16:48:03,788 - INFO - Вызвана главная страница
2024-10-02 16:57:05,294 - INFO - Вызвана главная страница
2024-10-02 16:58:58,754 - INFO - Вызвана главная страница
2024-10-17 12:46:44,014 - INFO - Вызвана главная страница
2024-10-17 12:46:48,194 - INFO - Вызвана главная страница
2024-10-17 12:46:51,397 - INFO - Вызвана главная страница
2024-10-17 12:47:03,157 - INFO - Вызвана главная страница
2024-10-17 12:47:05,049 - INFO - Вызвана главная страница
2024-10-17 12:47:34,498 - INFO - Вызвана главная страница
2024-10-17 12:49:10,161 - INFO - Вызвана главная страница
2024-10-17 12:49:17,349 - INFO - Вызвана главная страница
2024-10-17 12:49:20,903 - INFO - Вызвана главная страница
2024-10-17 12:49:25,347 - INFO - Вызвана главная страница
2024-10-17 12:50:36,011 - INFO - Вызвана главная страница
2024-10-17 12:50:37,567 - INFO - Вызвана главная страница
2024-10-17 12:50:42,443 - INFO - Вызвана главная страница
2024-10-17 12:51:08,250 - INFO - Вызвана главная страница
2024-10-17 12:51:33,253 - INFO - Вызвана главная страница
2024-10-17 12:54:20,632 - INFO - Вызвана главная страница
2024-10-17 12:54:24,083 - INFO - Вызвана главная страница
2024-10-17 12:54:30,811 - INFO - Вызвана страница всех бонусов
2024-10-17 12:54:31,887 - INFO - Вызвана главная страница
2024-10-17 12:55:03,203 - INFO - Вызвана главная страница
2024-10-17 12:55:04,677 - INFO - Вызвана главная страница
2024-10-17 12:55:20,349 - INFO - Вызвана главная страница
2024-10-17 12:55:21,377 - INFO - Вызвана главная страница
2024-10-17 12:55:24,888 - INFO - Вызвана главная страница
2024-10-17 13:00:37,788 - INFO - Вызвана главная страница
2024-10-17 13:38:01,472 - INFO - Вызвана главная страница
2024-10-17 13:43:52,475 - INFO - Вызвана главная страница
2024-10-17 13:43:58,964 - INFO - Вызвана страница всех бонусов
2024-10-17 13:46:59,176 - INFO - Вызвана главная страница
2024-10-17 13:47:08,647 - INFO - Вызвана главная страница
2024-10-17 13:48:52,860 - INFO - Вызвана главная страница
2024-10-17 13:53:53,328 - INFO - Вызвана главная страница
2024-10-17 13:58:53,711 - INFO - Вызвана главная страница
2024-10-17 14:03:54,417 - INFO - Вызвана главная страница
2024-10-17 14:08:55,461 - INFO - Вызвана главная страница
2024-10-17 14:13:55,751 - INFO - Вызвана главная страница
2024-10-17 14:18:56,054 - INFO - Вызвана главная страница
2024-10-17 14:23:56,373 - INFO - Вызвана главная страница
2024-10-17 14:28:56,692 - INFO - Вызвана главная страница
2024-10-17 14:33:56,955 - INFO - Вызвана главная страница
2024-10-17 22:46:55,348 - INFO - Вызвана главная страница
2024-10-17 22:51:56,528 - INFO - Вызвана главная страница
2024-10-17 22:53:40,398 - INFO - Вызвана главная страница
2024-10-17 22:53:41,509 - INFO - Вызвана главная страница
2024-10-17 22:58:43,192 - INFO - Вызвана главная страница
2024-10-17 23:03:43,509 - INFO - Вызвана главная страница
2024-10-17 23:06:26,611 - INFO - Вызвана главная страница
2024-10-17 23:06:27,505 - INFO - Вызвана главная страница
2024-10-17 23:07:09,552 - INFO - Вызвана главная страница
2024-10-17 23:07:17,623 - INFO - Вызвана главная страница
2024-10-17 23:08:43,799 - INFO - Вызвана главная страница
2024-10-17 23:11:26,968 - INFO - Вызвана главная страница
2024-10-17 23:11:27,796 - INFO - Вызвана главная страница
2024-10-17 23:12:18,732 - INFO - Вызвана главная страница
2024-10-17 23:13:43,995 - INFO - Вызвана главная страница
2024-10-17 23:14:43,886 - INFO - Вызвана главная страница
2024-10-17 23:14:54,352 - INFO - Вызвана главная страница
2024-10-17 23:14:58,137 - INFO - Вызвана главная страница
2024-10-17 23:16:28,021 - INFO - Вызвана главная страница
2024-10-17 23:17:18,922 - INFO - Вызвана главная страница
2024-10-17 23:18:44,330 - INFO - Вызвана главная страница
2024-10-17 23:19:58,341 - INFO - Вызвана главная страница
2024-10-17 23:21:03,549 - INFO - Вызвана главная страница
2024-10-17 23:21:04,178 - INFO - Вызвана главная страница
2024-10-17 23:21:28,468 - INFO - Вызвана главная страница
2024-10-17 23:21:42,721 - INFO - Вызвана главная страница
2024-10-17 23:21:43,535 - INFO - Вызвана главная страница
2024-10-17 23:22:19,200 - INFO - Вызвана главная страница
2024-10-17 23:23:44,509 - INFO - Вызвана главная страница
2024-10-17 23:26:04,603 - INFO - Вызвана главная страница
2024-10-17 23:26:28,698 - INFO - Вызвана главная страница
2024-10-17 23:27:19,404 - INFO - Вызвана главная страница
2024-10-17 23:28:44,707 - INFO - Вызвана главная страница
2024-10-17 23:31:05,161 - INFO - Вызвана главная страница
2024-10-17 23:31:28,924 - INFO - Вызвана главная страница
2024-10-17 23:32:19,615 - INFO - Вызвана главная страница
2024-10-17 23:33:44,940 - INFO - Вызвана главная страница
2024-10-17 23:36:05,415 - INFO - Вызвана главная страница
2024-10-17 23:36:29,158 - INFO - Вызвана главная страница
2024-10-17 23:37:19,850 - INFO - Вызвана главная страница
2024-10-17 23:39:57,322 - INFO - Вызвана главная страница
2024-10-17 23:41:05,613 - INFO - Вызвана главная страница
2024-10-17 23:41:29,366 - INFO - Вызвана главная страница
2024-10-17 23:42:20,080 - INFO - Вызвана главная страница
2024-10-17 23:43:11,231 - INFO - Вызвана главная страница
2024-10-17 23:43:18,353 - INFO - Вызвана главная страница
2024-10-17 23:43:57,331 - INFO - Вызвана главная страница
2024-10-17 23:44:55,410 - INFO - Вызвана главная страница
2024-10-17 23:44:58,985 - INFO - Вызвана главная страница
2024-10-17 23:45:23,197 - INFO - Вызвана главная страница
2024-10-17 23:45:47,648 - INFO - Вызвана главная страница
2024-10-17 23:46:05,323 - INFO - Вызвана главная страница
2024-10-17 23:46:29,589 - INFO - Вызвана главная страница
2024-10-17 23:47:03,951 - INFO - Вызвана главная страница
2024-10-17 23:47:13,276 - INFO - Вызвана главная страница
2024-10-17 23:47:13,733 - INFO - Вызвана главная страница
2024-10-17 23:47:20,382 - INFO - Вызвана главная страница
2024-10-17 23:49:39,109 - INFO - Вызвана главная страница
2024-10-17 23:49:59,198 - INFO - Вызвана главная страница
2024-10-17 23:50:21,331 - INFO - Вызвана главная страница
2024-10-17 23:51:29,835 - INFO - Вызвана главная страница
2024-10-17 23:52:20,613 - INFO - Вызвана главная страница
2024-10-17 23:53:31,212 - INFO - Вызвана главная страница
2024-10-17 23:54:07,402 - INFO - Вызвана главная страница
2024-10-17 23:54:07,970 - INFO - Вызвана главная страница
2024-10-17 23:54:08,373 - INFO - Вызвана главная страница
2024-10-17 23:54:59,548 - INFO - Вызвана главная страница
2024-10-17 23:56:20,083 - INFO - Вызвана главная страница
2024-10-17 23:56:24,361 - INFO - Вызвана главная страница
2024-10-17 23:56:30,141 - INFO - Вызвана главная страница
2024-10-17 23:57:20,822 - INFO - Вызвана главная страница
2024-10-17 23:58:31,045 - INFO - Вызвана главная страница
2024-10-17 23:59:29,441 - INFO - Вызвана главная страница
2024-10-17 23:59:30,139 - INFO - Вызвана главная страница
2024-10-17 23:59:59,785 - INFO - Вызвана главная страница
2024-10-18 00:01:20,248 - INFO - Вызвана главная страница
2024-10-18 00:01:21,069 - INFO - Вызвана главная страница
2024-10-18 00:01:30,355 - INFO - Вызвана главная страница
2024-10-18 00:01:31,582 - INFO - Вызвана главная страница
2024-10-18 00:01:31,981 - INFO - Вызвана главная страница
2024-10-18 00:01:32,538 - INFO - Вызвана главная страница
2024-10-18 00:02:03,222 - INFO - Вызвана главная страница
2024-10-18 00:02:03,954 - INFO - Вызвана главная страница
2024-10-18 00:02:21,135 - INFO - Вызвана главная страница
2024-10-18 00:02:44,283 - INFO - Вызвана главная страница
2024-10-18 00:02:44,972 - INFO - Вызвана главная страница
2024-10-18 00:04:13,086 - INFO - Вызвана главная страница
2024-10-18 00:04:13,352 - INFO - Вызвана главная страница
2024-10-18 00:04:34,988 - INFO - Вызвана главная страница
2024-10-18 00:04:35,721 - INFO - Вызвана главная страница
2024-10-18 00:05:00,040 - INFO - Вызвана главная страница
2024-10-18 00:06:30,582 - INFO - Вызвана главная страница
2024-10-18 00:07:21,458 - INFO - Вызвана главная страница
2024-10-18 13:03:47,917 - INFO - Вызвана главная страница
2024-10-18 13:03:48,325 - INFO - Вызвана главная страница
2024-10-18 13:07:04,484 - INFO - Вызвана главная страница
2024-10-18 13:07:17,675 - INFO - Вызвана главная страница
2024-10-18 13:07:19,118 - INFO - Вызвана главная страница
2024-10-18 13:07:30,616 - INFO - Вызвана главная страница
2024-10-18 13:08:48,466 - INFO - Вызвана главная страница
2024-10-18 13:08:48,559 - INFO - Вызвана главная страница
2024-10-18 13:08:49,351 - INFO - Вызвана главная страница
2024-10-18 13:12:30,987 - INFO - Вызвана главная страница
2024-10-18 13:13:48,897 - INFO - Вызвана главная страница
2024-10-18 13:13:49,065 - INFO - Вызвана главная страница
2024-10-18 13:13:50,109 - INFO - Вызвана главная страница
2024-10-18 13:13:59,952 - INFO - Вызвана главная страница
2024-10-18 13:14:13,134 - INFO - Вызвана главная страница
2024-10-18 13:16:30,556 - INFO - Вызвана главная страница
2024-10-18 13:16:44,339 - INFO - Вызвана главная страница
2024-10-18 13:18:49,351 - INFO - Вызвана главная страница
2024-10-18 13:18:49,896 - INFO - Вызвана главная страница
2024-10-18 13:18:50,563 - INFO - Вызвана главная страница
2024-10-18 13:19:03,698 - INFO - Вызвана главная страница
2024-10-18 13:19:04,496 - INFO - Вызвана главная страница
2024-10-18 13:19:09,922 - INFO - Вызвана главная страница
2024-10-18 13:19:11,288 - INFO - Вызвана главная страница
2024-10-18 13:20:03,006 - INFO - Вызвана главная страница
2024-10-18 13:20:07,228 - INFO - Вызвана главная страница
2024-10-18 13:20:25,728 - INFO - Вызвана главная страница
2024-10-18 13:20:34,912 - INFO - Вызвана главная страница
2024-10-18 13:20:38,230 - INFO - Вызвана главная страница
2024-10-18 13:20:51,506 - INFO - Вызвана главная страница
2024-10-18 16:44:02,795 - INFO - Вызвана главная страница
2024-10-18 16:47:00,835 - INFO - Вызвана главная страница
2024-10-18 16:47:01,865 - INFO - Вызвана главная страница
2024-10-18 16:52:02,139 - INFO - Вызвана главная страница
2024-10-18 16:54:21,212 - INFO - Вызвана главная страница
2024-10-18 16:54:22,195 - INFO - Вызвана главная страница
2024-10-18 16:54:22,833 - INFO - Вызвана главная страница
2024-10-18 16:55:53,463 - INFO - Вызвана главная страница
2024-10-18 16:55:54,268 - INFO - Вызвана главная страница
2024-10-18 16:55:55,706 - INFO - Вызвана главная страница
2024-10-18 16:57:43,004 - INFO - Вызвана главная страница
2024-10-18 16:57:43,820 - INFO - Вызвана главная страница
2024-10-18 16:58:24,681 - INFO - Вызвана главная страница
2024-10-18 16:58:25,359 - INFO - Вызвана главная страница
2024-10-18 16:58:25,853 - INFO - Вызвана главная страница
2024-10-18 16:58:44,020 - INFO - Вызвана главная страница
2024-10-18 16:58:44,847 - INFO - Вызвана главная страница
2024-10-18 16:58:46,308 - INFO - Вызвана главная страница
2024-10-18 16:59:36,214 - INFO - Вызвана главная страница
2024-10-18 16:59:36,969 - INFO - Вызвана главная страница
2024-10-18 17:00:13,739 - INFO - Вызвана главная страница
2024-10-18 17:01:17,909 - INFO - Вызвана главная страница
2024-10-18 17:01:20,026 - INFO - Вызвана главная страница
2024-10-18 17:01:48,466 - INFO - Вызвана главная страница
2024-10-18 17:02:02,083 - INFO - Вызвана главная страница
2024-10-18 17:03:00,719 - INFO - Вызвана главная страница
2024-10-18 17:03:01,510 - INFO - Вызвана главная страница
2024-10-18 17:03:28,195 - INFO - Вызвана главная страница
2024-10-18 17:04:24,027 - INFO - Вызвана главная страница
2024-10-18 17:04:24,699 - INFO - Вызвана главная страница
2024-10-18 17:04:35,783 - INFO - Вызвана главная страница
2024-10-18 17:05:09,619 - INFO - Вызвана главная страница
2024-10-18 17:05:10,399 - INFO - Вызвана главная страница
2024-10-18 17:05:10,850 - INFO - Вызвана главная страница
2024-10-18 17:05:12,124 - INFO - Вызвана главная страница
2024-10-18 17:05:12,412 - INFO - Вызвана главная страница
2024-10-18 17:05:46,163 - INFO - Вызвана главная страница
2024-10-18 17:06:26,090 - INFO - Вызвана главная страница
2024-10-18 17:06:27,688 - INFO - Вызвана главная страница
2024-10-18 17:06:34,832 - INFO - Вызвана главная страница
2024-10-18 17:06:35,332 - INFO - Вызвана главная страница
2024-10-18 17:06:40,325 - INFO - Вызвана главная страница
2024-10-18 17:06:49,265 - INFO - Вызвана главная страница
2024-10-18 17:06:53,635 - INFO - Вызвана главная страница
2024-10-18 17:06:58,786 - INFO - Вызвана главная страница
2024-10-18 17:06:58,944 - INFO - Вызвана главная страница
2024-10-18 17:11:07,274 - INFO - Вызвана главная страница
2024-10-18 17:11:07,389 - WARNING - Not Found: /images/prev.png
2024-10-18 17:11:08,207 - INFO - Вызвана главная страница
2024-10-18 17:11:08,341 - WARNING - Not Found: /images/prev.png
2024-10-18 17:11:15,769 - INFO - Вызвана главная страница
2024-10-18 17:11:15,890 - WARNING - Not Found: /images/prev.png
2024-10-18 17:11:16,527 - INFO - Вызвана главная страница
2024-10-18 17:11:16,639 - WARNING - Not Found: /images/prev.png
2024-10-18 17:11:18,603 - WARNING - Not Found: /images/prev.png
2024-10-18 17:11:19,033 - WARNING - Not Found: /images/prev.png
2024-10-18 17:11:19,901 - WARNING - Not Found: /images/prev.png
2024-10-18 17:11:20,084 - WARNING - Not Found: /images/prev.png
2024-10-18 17:13:19,528 - INFO - Вызвана главная страница
2024-10-18 17:13:19,680 - WARNING - Not Found: /images/1.jpg
2024-10-18 17:13:20,838 - INFO - Вызвана главная страница
2024-10-18 17:13:20,927 - WARNING - Not Found: /images/1.jpg
2024-10-18 17:13:21,305 - INFO - Вызвана главная страница
2024-10-18 17:13:21,461 - WARNING - Not Found: /images/1.jpg
2024-10-18 17:13:54,975 - INFO - Вызвана главная страница
2024-10-18 17:13:55,102 - WARNING - Not Found: /{% static 'images/no.jpg'
2024-10-18 17:13:55,664 - INFO - Вызвана главная страница
2024-10-18 17:13:55,760 - WARNING - Not Found: /{% static 'images/no.jpg'
2024-10-18 17:13:56,163 - INFO - Вызвана главная страница
2024-10-18 17:13:56,292 - WARNING - Not Found: /{% static 'images/no.jpg'
2024-10-18 17:14:34,966 - INFO - Вызвана главная страница
2024-10-18 17:14:35,091 - WARNING - Not Found: /images/prev.png
2024-10-18 17:14:35,624 - INFO - Вызвана главная страница
2024-10-18 17:14:35,789 - WARNING - Not Found: /images/prev.png
2024-10-18 17:14:36,165 - INFO - Вызвана главная страница
2024-10-18 17:14:36,303 - WARNING - Not Found: /images/prev.png
2024-10-18 17:14:54,380 - INFO - Вызвана главная страница
2024-10-18 17:14:54,508 - WARNING - Not Found: /images/prev.png
2024-10-18 17:14:55,008 - INFO - Вызвана главная страница
2024-10-18 17:14:55,121 - WARNING - Not Found: /images/prev.png
2024-10-18 17:14:55,500 - INFO - Вызвана главная страница
2024-10-18 17:14:55,623 - WARNING - Not Found: /images/prev.png
2024-10-18 17:15:10,273 - INFO - Вызвана главная страница
2024-10-18 17:15:11,056 - INFO - Вызвана главная страница
2024-10-18 17:20:11,622 - INFO - Вызвана главная страница
2024-10-18 17:25:12,029 - INFO - Вызвана главная страница
2024-10-18 17:35:06,324 - INFO - Вызвана главная страница
2024-10-18 17:39:35,005 - INFO - Вызвана главная страница
2024-10-18 17:39:35,864 - INFO - Вызвана главная страница
2024-10-18 17:44:36,403 - INFO - Вызвана главная страница
2024-10-18 17:46:45,314 - INFO - Вызвана главная страница
2024-10-18 17:46:46,056 - INFO - Вызвана главная страница
2024-10-18 17:46:50,319 - INFO - Вызвана главная страница
2024-10-18 17:46:50,794 - INFO - Вызвана главная страница
2024-10-18 17:47:01,590 - INFO - Вызвана главная страница
2024-10-18 17:47:19,784 - INFO - Вызвана главная страница
2024-10-18 17:47:20,379 - INFO - Вызвана главная страница
2024-10-18 17:47:37,728 - INFO - Вызвана главная страница
2024-10-18 17:49:11,947 - INFO - Вызвана главная страница
2024-10-18 17:49:12,642 - INFO - Вызвана главная страница
2024-10-18 17:49:54,380 - INFO - Вызвана главная страница
2024-10-18 17:49:55,028 - INFO - Вызвана главная страница
2024-10-18 17:50:04,641 - INFO - Вызвана главная страница
2024-10-18 17:52:38,411 - INFO - Вызвана главная страница
2024-10-18 17:52:39,013 - INFO - Вызвана главная страница
2024-10-18 17:52:59,408 - INFO - Вызвана главная страница
2024-10-18 17:53:00,048 - INFO - Вызвана главная страница
2024-10-18 17:53:00,386 - INFO - Вызвана главная страница
2024-10-18 17:58:01,414 - INFO - Вызвана главная страница
2024-10-18 18:03:01,799 - INFO - Вызвана главная страница
2024-10-18 18:03:54,719 - INFO - Вызвана главная страница
2024-10-18 18:03:55,815 - INFO - Вызвана главная страница
2024-10-18 18:04:35,610 - INFO - Вызвана главная страница
2024-10-18 18:04:36,413 - INFO - Вызвана главная страница
2024-10-18 18:05:24,265 - INFO - Вызвана главная страница
2024-10-18 18:05:25,148 - INFO - Вызвана главная страница
2024-10-18 18:05:36,587 - INFO - Вызвана главная страница
2024-10-18 18:05:37,193 - INFO - Вызвана главная страница
2024-10-18 18:05:59,263 - INFO - Вызвана главная страница
2024-10-18 18:05:59,983 - INFO - Вызвана главная страница
2024-10-18 18:06:12,079 - INFO - Вызвана главная страница
2024-10-18 18:06:12,815 - INFO - Вызвана главная страница
2024-10-18 18:06:16,000 - INFO - Вызвана главная страница
2024-10-18 18:06:16,614 - INFO - Вызвана главная страница
2024-10-18 18:07:57,578 - INFO - Вызвана главная страница
2024-10-18 18:07:58,365 - INFO - Вызвана главная страница
2024-10-18 18:07:58,831 - INFO - Вызвана главная страница
2024-10-18 18:08:35,839 - INFO - Вызвана главная страница
2024-10-18 18:08:36,379 - INFO - Вызвана главная страница
2024-10-18 18:08:36,804 - INFO - Вызвана главная страница
2024-10-18 18:08:46,612 - INFO - Вызвана главная страница
2024-10-18 18:08:49,754 - INFO - Вызвана главная страница
2024-10-18 18:08:54,576 - INFO - Вызвана главная страница
2024-10-18 18:08:56,834 - INFO - Вызвана главная страница
2024-10-18 18:09:26,221 - INFO - Вызвана главная страница
2024-10-18 20:08:37,303 - INFO - Вызвана главная страница
2024-10-18 20:08:38,002 - INFO - Вызвана главная страница
2024-10-18 20:11:43,538 - INFO - Вызвана главная страница
2024-10-18 20:14:17,687 - INFO - Вызвана главная страница
2024-10-18 20:14:18,387 - INFO - Вызвана главная страница
2024-10-18 20:14:18,842 - INFO - Вызвана главная страница
2024-10-18 20:14:29,324 - INFO - Вызвана главная страница
2024-10-18 20:14:29,638 - INFO - Вызвана главная страница
2024-10-18 20:14:30,160 - INFO - Вызвана главная страница
2024-10-18 20:14:49,049 - INFO - Вызвана главная страница
2024-10-18 20:15:14,457 - INFO - Вызвана главная страница
2024-10-18 20:15:15,270 - INFO - Вызвана главная страница
2024-10-18 20:15:16,088 - INFO - Вызвана главная страница
2024-10-18 20:15:16,464 - INFO - Вызвана главная страница
2024-10-18 20:15:34,636 - INFO - Вызвана главная страница
2024-10-18 20:15:47,020 - INFO - Вызвана главная страница
2024-10-18 20:17:49,628 - INFO - Вызвана главная страница
2024-10-18 20:17:51,745 - INFO - Вызвана главная страница
2024-10-18 20:18:12,390 - INFO - Вызвана главная страница
2024-10-18 20:18:12,986 - INFO - Вызвана главная страница
2024-10-18 20:18:13,341 - INFO - Вызвана главная страница
2024-10-18 20:18:24,981 - INFO - Вызвана главная страница
2024-10-18 20:18:25,474 - INFO - Вызвана главная страница
2024-10-18 20:18:54,541 - INFO - Вызвана главная страница
2024-10-18 20:19:03,644 - INFO - Вызвана главная страница
2024-10-18 20:19:04,127 - INFO - Вызвана главная страница
2024-10-18 20:19:14,907 - INFO - Вызвана главная страница
2024-10-18 20:19:27,106 - INFO - Вызвана главная страница
2024-10-18 20:19:35,787 - INFO - Вызвана главная страница
2024-10-18 20:19:44,612 - INFO - Вызвана главная страница
2024-10-18 20:20:08,636 - INFO - Вызвана главная страница
2024-10-18 20:20:27,346 - INFO - Вызвана главная страница
2024-10-18 20:20:45,364 - INFO - Вызвана главная страница
2024-10-18 20:21:15,307 - INFO - Вызвана главная страница
2024-10-18 20:21:42,480 - INFO - Вызвана главная страница
2024-10-18 20:21:43,122 - INFO - Вызвана главная страница
2024-10-18 20:21:55,538 - INFO - Вызвана главная страница
2024-10-18 20:21:56,177 - INFO - Вызвана главная страница
2024-10-18 20:22:02,692 - INFO - Вызвана главная страница
2024-10-18 20:22:03,212 - INFO - Вызвана главная страница
2024-10-18 20:22:08,270 - INFO - Вызвана главная страница
2024-10-18 20:22:50,147 - INFO - Вызвана главная страница
2024-10-18 20:22:50,955 - INFO - Вызвана главная страница
2024-10-18 20:23:02,114 - INFO - Вызвана главная страница
2024-10-18 20:23:25,309 - INFO - Вызвана главная страница
2024-10-18 20:23:32,950 - INFO - Вызвана главная страница
2024-10-18 20:23:33,203 - INFO - Вызвана главная страница
2024-10-18 20:23:33,718 - INFO - Вызвана главная страница
2024-10-18 20:25:28,677 - INFO - Вызвана главная страница
2024-10-18 20:25:33,952 - INFO - Вызвана главная страница
2024-10-18 20:30:34,136 - INFO - Вызвана главная страница
2024-10-18 20:35:34,488 - INFO - Вызвана главная страница
2024-10-18 20:40:34,950 - INFO - Вызвана главная страница
2024-10-18 20:45:35,478 - INFO - Вызвана главная страница
2024-10-18 21:07:19,729 - INFO - Вызвана главная страница
2024-10-18 21:12:20,763 - INFO - Вызвана главная страница
2024-10-18 21:17:21,124 - INFO - Вызвана главная страница
2024-10-18 21:22:21,624 - INFO - Вызвана главная страница
2024-10-18 21:27:22,125 - INFO - Вызвана главная страница
2024-10-18 21:32:22,619 - INFO - Вызвана главная страница
2024-10-18 21:37:23,348 - INFO - Вызвана главная страница
2024-10-18 21:42:23,812 - INFO - Вызвана главная страница
2024-10-18 21:47:24,328 - INFO - Вызвана главная страница
2024-10-18 21:52:24,797 - INFO - Вызвана главная страница
2024-10-18 21:57:25,385 - INFO - Вызвана главная страница
2024-10-18 22:02:25,813 - INFO - Вызвана главная страница
2024-10-18 22:02:57,783 - INFO - Вызвана главная страница
2024-10-18 22:02:57,861 - WARNING - Not Found: /image3.jpg
2024-10-18 22:02:57,864 - WARNING - Not Found: /image1.jpg
2024-10-18 22:02:57,867 - WARNING - Not Found: /image2.jpg
2024-10-18 22:02:58,674 - INFO - Вызвана главная страница
2024-10-18 22:02:58,721 - WARNING - Not Found: /image1.jpg
2024-10-18 22:02:58,725 - WARNING - Not Found: /image2.jpg
2024-10-18 22:02:58,734 - WARNING - Not Found: /image3.jpg
2024-10-18 22:03:38,730 - INFO - Вызвана главная страница
2024-10-18 22:03:38,778 - WARNING - Not Found: /image2.jpg
2024-10-18 22:03:38,781 - WARNING - Not Found: /image3.jpg
2024-10-18 22:03:38,783 - WARNING - Not Found: /image1.jpg
2024-10-18 22:05:28,752 - INFO - Вызвана главная страница
2024-10-18 22:05:28,809 - WARNING - Not Found: /image2.jpg
2024-10-18 22:05:28,813 - WARNING - Not Found: /image3.jpg
2024-10-18 22:05:50,491 - INFO - Вызвана главная страница
2024-10-18 22:05:50,535 - WARNING - Not Found: /image3.jpg
2024-10-18 22:05:50,538 - WARNING - Not Found: /image2.jpg
2024-10-18 22:05:51,158 - INFO - Вызвана главная страница
2024-10-18 22:05:51,217 - WARNING - Not Found: /image3.jpg
2024-10-18 22:05:53,999 - INFO - Вызвана главная страница
2024-10-18 22:05:54,046 - WARNING - Not Found: /image3.jpg
2024-10-18 22:06:02,888 - INFO - Вызвана главная страница
2024-10-18 22:06:02,928 - WARNING - Not Found: /image3.jpg
2024-10-18 22:06:03,699 - INFO - Вызвана главная страница
2024-10-18 22:06:06,776 - INFO - Вызвана главная страница
2024-10-18 22:06:09,793 - INFO - Вызвана главная страница
2024-10-18 22:06:47,511 - INFO - Вызвана главная страница
2024-10-18 22:07:48,254 - INFO - Вызвана главная страница
2024-10-18 22:08:45,099 - WARNING - Not Found: /link2.html
2024-10-18 22:08:45,168 - WARNING - Not Found: /favicon.ico
2024-10-18 22:09:11,267 - INFO - Вызвана главная страница
2024-10-18 22:09:11,896 - INFO - Вызвана главная страница
2024-10-18 22:09:12,388 - INFO - Вызвана главная страница
2024-10-18 22:09:19,828 - INFO - Вызвана главная страница
2024-10-18 22:09:26,891 - INFO - Вызвана главная страница
2024-10-18 22:09:32,213 - INFO - Вызвана главная страница
2024-10-18 22:09:37,431 - INFO - Вызвана главная страница
2024-10-18 22:09:42,355 - INFO - Вызвана главная страница
2024-10-18 22:09:46,943 - INFO - Вызвана главная страница
2024-10-18 22:10:02,820 - INFO - Вызвана главная страница
2024-10-18 22:10:03,301 - INFO - Вызвана главная страница
2024-10-18 22:10:03,898 - INFO - Вызвана главная страница
2024-10-18 22:10:07,389 - INFO - Вызвана главная страница
2024-10-18 22:10:44,579 - INFO - Вызвана главная страница
2024-10-18 22:10:59,027 - INFO - Вызвана главная страница
2024-10-18 22:11:11,688 - INFO - Вызвана главная страница
2024-10-18 22:11:47,640 - INFO - Вызвана главная страница
2024-10-18 22:11:48,537 - INFO - Вызвана главная страница
2024-10-18 22:16:04,685 - INFO - Вызвана главная страница
2024-10-18 22:16:59,623 - INFO - Вызвана главная страница
2024-10-18 22:18:29,564 - INFO - Вызвана главная страница
2024-10-18 22:18:37,462 - INFO - Вызвана главная страница
2024-10-18 22:18:40,546 - INFO - Вызвана главная страница
2024-10-18 22:18:40,997 - INFO - Вызвана главная страница
2024-10-18 22:18:47,986 - INFO - Вызвана главная страница
2024-10-18 22:18:53,135 - INFO - Вызвана главная страница
2024-10-18 22:21:55,614 - INFO - Вызвана главная страница
2024-10-18 22:21:57,313 - INFO - Вызвана главная страница
2024-10-18 22:26:57,678 - INFO - Вызвана главная страница
2024-10-18 22:31:58,064 - INFO - Вызвана главная страница
2024-10-18 22:36:42,943 - INFO - Вызвана главная страница
2024-10-18 22:36:43,733 - INFO - Вызвана главная страница
2024-10-18 22:41:44,274 - INFO - Вызвана главная страница
2024-10-18 22:46:45,137 - INFO - Вызвана главная страница
2024-10-19 09:38:24,026 - INFO - Вызвана главная страница
2024-10-19 09:38:50,739 - INFO - Вызвана главная страница
2024-10-19 09:38:59,823 - INFO - Вызвана главная страница
2024-10-19 09:39:03,540 - INFO - Вызвана главная страница
2024-10-19 09:39:16,242 - INFO - Вызвана главная страница
2024-10-19 09:39:19,571 - INFO - Вызвана главная страница
2024-10-19 09:39:23,283 - INFO - Вызвана главная страница
2024-10-19 09:41:38,568 - INFO - Вызвана главная страница
2024-10-19 09:41:39,254 - INFO - Вызвана главная страница
2024-10-19 09:41:41,512 - INFO - Вызвана главная страница
2024-10-19 09:41:42,215 - INFO - Вызвана главная страница
2024-10-19 09:41:42,591 - INFO - Вызвана главная страница
2024-10-19 09:43:47,719 - INFO - Вызвана главная страница
2024-10-19 09:43:48,203 - INFO - Вызвана главная страница
2024-10-19 09:43:48,442 - INFO - Вызвана главная страница
2024-10-19 09:44:16,608 - INFO - Вызвана главная страница
2024-10-19 09:44:17,266 - INFO - Вызвана главная страница
2024-10-19 09:46:04,329 - INFO - Вызвана главная страница
2024-10-19 09:46:05,109 - INFO - Вызвана главная страница
2024-10-19 09:46:11,099 - INFO - Вызвана главная страница
2024-10-19 09:46:11,644 - INFO - Вызвана главная страница
2024-10-19 09:46:23,799 - INFO - Вызвана главная страница
2024-10-19 09:46:24,120 - INFO - Вызвана главная страница
2024-10-19 09:50:16,497 - INFO - Вызвана главная страница
2024-10-19 09:50:17,076 - INFO - Вызвана главная страница
2024-10-19 09:51:31,856 - INFO - Вызвана главная страница
2024-10-19 09:53:08,960 - INFO - Вызвана главная страница
2024-10-19 09:53:09,717 - INFO - Вызвана главная страница
2024-10-19 09:53:26,812 - INFO - Вызвана главная страница
2024-10-19 09:53:27,502 - INFO - Вызвана главная страница
2024-10-19 09:53:33,140 - INFO - Вызвана главная страница
2024-10-19 09:53:33,822 - INFO - Вызвана главная страница
2024-10-19 09:53:52,192 - INFO - Вызвана главная страница
2024-10-19 09:53:52,875 - INFO - Вызвана главная страница
2024-10-19 09:54:23,781 - INFO - Вызвана главная страница
2024-10-19 09:54:24,592 - INFO - Вызвана главная страница
2024-10-19 09:54:27,013 - INFO - Вызвана главная страница
2024-10-19 09:56:16,828 - INFO - Вызвана главная страница
2024-10-19 09:56:17,318 - INFO - Вызвана главная страница
2024-10-25 16:28:34,068 - INFO - Вызвана главная страница
2024-10-25 16:28:41,715 - INFO - Вызвана главная страница
2024-10-25 16:28:44,281 - INFO - Вызвана главная страница
2024-10-25 16:28:44,904 - INFO - Вызвана главная страница
2024-10-25 16:29:06,516 - INFO - Вызвана главная страница
2024-10-25 16:29:15,089 - INFO - Вызвана главная страница
2024-10-25 16:29:28,944 - INFO - Вызвана главная страница
2024-10-25 16:29:39,311 - INFO - Вызвана главная страница
2024-10-25 16:29:42,281 - INFO - Вызвана главная страница
2024-10-25 16:34:50,620 - INFO - Вызвана главная страница
2024-10-25 16:39:54,305 - INFO - Вызвана главная страница
2024-10-25 16:44:56,076 - INFO - Вызвана главная страница
2024-10-25 16:58:07,734 - INFO - Вызвана главная страница
2024-10-25 17:03:09,316 - INFO - Вызвана главная страница
2024-10-25 17:08:10,498 - INFO - Вызвана главная страница
2024-10-25 17:11:51,196 - INFO - Вызвана главная страница
2024-10-25 17:13:34,600 - INFO - Вызвана главная страница
2024-10-25 17:13:35,218 - INFO - Вызвана главная страница
2024-10-25 17:14:13,128 - INFO - Вызвана главная страница
2024-10-25 17:14:13,761 - INFO - Вызвана главная страница
2024-10-25 17:14:14,296 - INFO - Вызвана главная страница
2024-10-25 17:14:21,339 - INFO - Вызвана главная страница
2024-10-25 17:14:21,757 - INFO - Вызвана главная страница
2024-10-25 17:14:22,007 - INFO - Вызвана главная страница
2024-10-25 17:14:22,240 - INFO - Вызвана главная страница
2024-10-25 17:14:22,542 - INFO - Вызвана главная страница
2024-10-25 17:14:23,069 - INFO - Вызвана главная страница
2024-10-25 17:14:48,413 - INFO - Вызвана главная страница
2024-10-25 17:14:49,072 - INFO - Вызвана главная страница
2024-10-25 17:14:54,850 - INFO - Вызвана главная страница
2024-10-25 17:14:55,281 - INFO - Вызвана главная страница
2024-10-25 17:14:55,683 - INFO - Вызвана главная страница
2024-10-25 17:14:56,212 - INFO - Вызвана главная страница
2024-10-25 17:15:07,991 - INFO - Вызвана главная страница
2024-10-25 17:15:08,358 - INFO - Вызвана главная страница
2024-10-25 17:15:08,960 - INFO - Вызвана главная страница
2024-10-25 17:15:09,222 - INFO - Вызвана главная страница
2024-10-25 17:15:50,454 - INFO - Вызвана главная страница
2024-10-25 17:15:51,695 - INFO - Вызвана главная страница
2024-10-25 17:16:14,909 - INFO - Вызвана главная страница
2024-10-25 17:16:15,596 - INFO - Вызвана главная страница
2024-10-25 17:16:24,866 - INFO - Вызвана главная страница
2024-10-25 17:16:31,504 - INFO - Вызвана главная страница
2024-10-25 17:21:31,705 - INFO - Вызвана главная страница
2024-10-25 17:23:38,478 - INFO - Вызвана главная страница
2024-10-25 17:23:59,952 - INFO - Вызвана главная страница
2024-10-25 17:24:01,203 - INFO - Вызвана главная страница
2024-10-25 17:24:33,696 - INFO - Вызвана главная страница
2024-10-25 17:24:59,548 - INFO - Вызвана главная страница
2024-10-25 17:25:15,769 - INFO - Вызвана главная страница
2024-10-25 17:25:16,581 - INFO - Вызвана главная страница
2024-10-25 17:25:16,961 - INFO - Вызвана главная страница
2024-10-25 17:25:18,914 - INFO - Вызвана главная страница
2024-10-25 17:25:23,654 - INFO - Вызвана главная страница
2024-10-25 17:30:24,664 - INFO - Вызвана главная страница
2024-10-25 17:35:25,026 - INFO - Вызвана главная страница
2024-10-25 17:40:25,368 - INFO - Вызвана главная страница
2024-10-25 17:46:16,036 - INFO - Вызвана главная страница
2024-10-25 17:50:42,835 - INFO - Вызвана главная страница
2024-10-25 17:50:44,945 - INFO - Вызвана главная страница
2024-10-25 17:51:03,753 - INFO - Вызвана главная страница
2024-10-25 17:53:13,887 - INFO - Вызвана главная страница
2024-10-25 17:54:04,038 - INFO - Вызвана главная страница
2024-10-25 17:55:45,388 - INFO - Вызвана главная страница
2024-10-25 17:56:31,113 - INFO - Вызвана главная страница
2024-10-25 17:56:31,856 - INFO - Вызвана главная страница
2024-10-25 17:57:53,069 - INFO - Вызвана главная страница
2024-10-25 17:58:13,603 - INFO - Вызвана главная страница
2024-10-25 18:03:13,803 - INFO - Вызвана главная страница
2024-10-25 18:07:06,097 - INFO - Вызвана главная страница
2024-10-25 18:07:06,727 - INFO - Вызвана главная страница
2024-10-25 18:12:07,188 - INFO - Вызвана главная страница
2024-10-25 18:17:07,530 - INFO - Вызвана главная страница
2024-10-25 18:22:07,877 - INFO - Вызвана главная страница
2024-10-25 18:30:47,030 - INFO - Вызвана главная страница
2024-10-25 18:33:06,390 - INFO - Вызвана главная страница
2024-10-25 18:33:06,932 - INFO - Вызвана главная страница
2024-10-25 18:33:41,269 - INFO - Вызвана главная страница
2024-10-25 18:33:41,901 - INFO - Вызвана главная страница
2024-10-25 18:33:47,276 - INFO - Вызвана главная страница
2024-10-25 18:38:47,588 - INFO - Вызвана главная страница
2024-10-25 18:43:47,934 - INFO - Вызвана главная страница
2024-10-25 18:48:50,389 - INFO - Вызвана главная страница
2024-10-25 18:49:52,650 - INFO - Вызвана главная страница
2024-10-25 18:49:53,176 - INFO - Вызвана главная страница
2024-10-25 18:49:53,747 - INFO - Вызвана главная страница
2024-10-25 18:50:24,768 - INFO - Вызвана главная страница
2024-10-25 18:50:25,377 - INFO - Вызвана главная страница
2024-10-25 18:55:26,620 - INFO - Вызвана главная страница
2024-10-25 18:55:48,058 - INFO - Вызвана главная страница
2024-10-25 18:55:49,915 - INFO - Вызвана главная страница
2024-10-25 18:55:59,255 - INFO - Вызвана главная страница
2024-10-25 18:55:59,634 - INFO - Вызвана главная страница
2024-10-25 18:56:00,150 - INFO - Вызвана главная страница
2024-10-25 18:56:03,434 - INFO - Вызвана главная страница
2024-10-25 18:56:08,127 - INFO - Вызвана главная страница
2024-10-25 18:56:38,872 - INFO - Вызвана главная страница
2024-10-25 19:01:39,160 - INFO - Вызвана главная страница
2024-10-25 19:02:08,887 - INFO - Вызвана главная страница
2024-10-25 19:02:09,999 - INFO - Вызвана главная страница
2024-10-25 19:03:15,128 - INFO - Вызвана главная страница
2024-10-25 19:03:17,345 - INFO - Вызвана главная страница
2024-10-25 19:03:18,387 - INFO - Вызвана главная страница
2024-10-25 19:06:43,639 - INFO - Вызвана главная страница
2024-10-25 19:06:45,023 - INFO - Вызвана главная страница
2024-10-25 19:09:35,599 - INFO - Вызвана главная страница
2024-10-25 19:09:36,798 - INFO - Вызвана главная страница
2024-10-25 19:09:54,942 - INFO - Вызвана главная страница
2024-10-25 19:09:55,878 - INFO - Вызвана главная страница
2024-10-25 19:10:03,734 - INFO - Вызвана главная страница
2024-10-25 19:10:16,150 - INFO - Вызвана главная страница
2024-10-25 19:10:16,710 - INFO - Вызвана главная страница
2024-10-25 19:12:06,016 - INFO - Вызвана главная страница
2024-10-25 19:12:06,619 - INFO - Вызвана главная страница
2024-10-25 19:14:55,144 - INFO - Вызвана главная страница
2024-10-25 19:16:21,154 - INFO - Вызвана главная страница
2024-10-25 19:17:20,820 - INFO - Вызвана главная страница
2024-10-25 19:17:21,682 - INFO - Вызвана главная страница
2024-10-25 19:17:40,076 - INFO - Вызвана главная страница
2024-10-25 19:17:40,797 - INFO - Вызвана главная страница
2024-10-25 19:17:49,441 - INFO - Вызвана главная страница
2024-10-25 19:17:50,442 - INFO - Вызвана главная страница
2024-10-25 19:18:07,900 - INFO - Вызвана главная страница
2024-10-25 19:18:08,568 - INFO - Вызвана главная страница
2024-10-25 19:18:16,707 - INFO - Вызвана главная страница
2024-10-25 19:18:17,217 - INFO - Вызвана главная страница
2024-10-25 19:18:17,685 - INFO - Вызвана главная страница
2024-10-25 19:18:24,446 - INFO - Вызвана главная страница
2024-10-25 19:18:27,589 - INFO - Вызвана главная страница
2024-10-25 19:18:31,367 - INFO - Вызвана главная страница
2024-10-25 19:21:58,099 - INFO - Вызвана главная страница
2024-10-25 19:22:54,341 - INFO - Вызвана главная страница
2024-10-25 19:22:55,004 - INFO - Вызвана главная страница
2024-10-25 19:24:19,710 - INFO - Вызвана главная страница
2024-10-25 19:24:54,948 - INFO - Вызвана главная страница
2024-10-25 19:26:42,398 - INFO - Вызвана главная страница
2024-10-25 19:28:01,048 - INFO - Вызвана главная страница
2024-10-25 19:28:01,760 - INFO - Вызвана главная страница
2024-10-25 19:32:22,648 - INFO - Вызвана главная страница
2024-10-25 19:32:28,383 - INFO - Вызвана главная страница
2024-10-25 19:32:29,050 - INFO - Вызвана главная страница
2024-10-25 19:34:15,729 - INFO - Вызвана главная страница
2024-10-25 19:34:16,389 - INFO - Вызвана главная страница
2024-10-25 19:34:33,443 - INFO - Вызвана главная страница
2024-10-25 19:35:10,858 - INFO - Вызвана главная страница
2024-10-25 19:35:11,437 - INFO - Вызвана главная страница
2024-10-25 19:36:15,401 - INFO - Вызвана главная страница
2024-10-25 19:36:16,244 - INFO - Вызвана главная страница
2024-10-25 19:36:20,948 - INFO - Вызвана главная страница
2024-10-25 19:36:21,040 - INFO - Вызвана главная страница
2024-10-25 19:39:55,886 - INFO - Вызвана главная страница
2024-10-25 19:39:56,605 - INFO - Вызвана главная страница
2024-10-25 19:40:06,818 - INFO - Вызвана главная страница
2024-10-25 19:40:15,706 - INFO - Вызвана главная страница
2024-10-25 19:40:28,828 - INFO - Вызвана главная страница
2024-10-25 19:40:43,298 - INFO - Вызвана главная страница
2024-10-25 19:42:40,285 - INFO - Вызвана главная страница
2024-10-25 19:45:52,672 - INFO - Вызвана главная страница
2024-10-25 19:47:09,340 - INFO - Вызвана главная страница
2024-10-25 19:47:16,660 - INFO - Вызвана главная страница
2024-10-25 19:47:24,504 - INFO - Вызвана главная страница
2024-10-25 19:47:49,670 - INFO - Вызвана главная страница
2024-10-25 19:48:00,780 - INFO - Вызвана главная страница
2024-10-25 19:48:09,070 - INFO - Вызвана главная страница
2024-10-25 19:48:14,369 - INFO - Вызвана главная страница
2024-10-25 19:48:28,350 - INFO - Вызвана главная страница
2024-10-25 19:50:26,211 - INFO - Вызвана главная страница
2024-10-25 19:51:09,960 - INFO - Вызвана главная страница
2024-10-25 19:51:10,588 - INFO - Вызвана главная страница
2024-10-25 19:52:00,270 - INFO - Вызвана главная страница
2024-10-25 19:52:18,526 - INFO - Вызвана главная страница
2024-10-25 19:52:19,113 - INFO - Вызвана главная страница
2024-10-25 19:52:39,935 - INFO - Вызвана главная страница
2024-10-25 19:53:11,843 - INFO - Вызвана главная страница
2024-10-25 19:53:12,497 - INFO - Вызвана главная страница
2024-10-25 19:53:22,718 - INFO - Вызвана главная страница
2024-10-25 19:53:37,159 - INFO - Вызвана главная страница
2024-10-25 19:53:53,359 - INFO - Вызвана главная страница
2024-10-25 19:54:45,493 - INFO - Вызвана главная страница
2024-10-25 19:54:46,243 - INFO - Вызвана главная страница
2024-10-25 19:54:56,257 - INFO - Вызвана главная страница
2024-10-25 19:54:56,633 - INFO - Вызвана главная страница
2024-10-25 19:55:26,784 - INFO - Вызвана главная страница
2024-10-25 19:55:27,255 - INFO - Вызвана главная страница
2024-10-25 19:55:27,650 - INFO - Вызвана главная страница
2024-10-25 19:56:09,309 - INFO - Вызвана главная страница
2024-10-25 19:56:09,814 - INFO - Вызвана главная страница
2024-10-25 19:56:26,358 - INFO - Вызвана главная страница
2024-10-25 19:56:26,844 - INFO - Вызвана главная страница
2024-10-25 19:56:27,220 - INFO - Вызвана главная страница
2024-10-25 19:56:38,438 - INFO - Вызвана главная страница
2024-10-25 19:57:47,948 - INFO - Вызвана главная страница
2024-10-25 19:58:49,804 - INFO - Вызвана главная страница
2024-10-25 19:58:58,233 - INFO - Вызвана главная страница
2024-10-25 19:58:58,780 - INFO - Вызвана главная страница
2024-10-25 20:02:15,943 - INFO - Вызвана главная страница
2024-10-25 20:03:58,762 - INFO - Вызвана главная страница
2024-10-25 20:04:04,871 - INFO - Вызвана главная страница
2024-10-25 20:04:05,251 - INFO - Вызвана главная страница
2024-10-25 20:04:05,472 - INFO - Вызвана главная страница
2024-10-25 20:04:05,635 - INFO - Вызвана главная страница
2024-10-25 20:04:05,836 - INFO - Вызвана главная страница
2024-10-25 20:04:05,996 - INFO - Вызвана главная страница
2024-10-25 20:04:06,164 - INFO - Вызвана главная страница
2024-10-25 20:04:49,208 - INFO - Вызвана главная страница
2024-10-25 20:04:59,582 - INFO - Вызвана главная страница
2024-10-25 20:06:09,503 - INFO - Вызвана главная страница
2024-10-25 20:06:10,090 - INFO - Вызвана главная страница
2024-10-25 20:07:34,149 - INFO - Вызвана главная страница
2024-10-25 20:07:34,885 - INFO - Вызвана главная страница
2024-10-25 20:07:35,635 - INFO - Вызвана главная страница
2024-10-25 20:07:40,023 - INFO - Вызвана главная страница
2024-10-25 20:07:48,533 - INFO - Вызвана главная страница
2024-10-25 20:07:56,694 - INFO - Вызвана главная страница
2024-10-25 20:07:57,658 - INFO - Вызвана главная страница
2024-10-25 20:07:58,034 - INFO - Вызвана главная страница
2024-10-25 20:08:08,710 - INFO - Вызвана главная страница
2024-10-25 20:08:19,528 - INFO - Вызвана главная страница
2024-10-25 20:08:19,910 - INFO - Вызвана главная страница
2024-10-25 20:08:25,016 - INFO - Вызвана главная страница
2024-10-25 20:08:25,418 - INFO - Вызвана главная страница
2024-10-25 20:08:25,846 - INFO - Вызвана главная страница
2024-10-25 20:08:26,145 - INFO - Вызвана главная страница
2024-10-25 20:08:26,310 - INFO - Вызвана главная страница
2024-10-25 20:08:29,103 - INFO - Вызвана главная страница
2024-10-25 20:08:33,340 - INFO - Вызвана главная страница
2024-10-25 20:08:33,797 - INFO - Вызвана главная страница
2024-10-25 20:08:33,939 - INFO - Вызвана главная страница
2024-10-25 20:08:34,308 - INFO - Вызвана главная страница
2024-10-25 20:08:34,490 - INFO - Вызвана главная страница
2024-10-25 20:08:34,681 - INFO - Вызвана главная страница
2024-10-25 20:08:39,454 - INFO - Вызвана главная страница
2024-10-25 20:08:44,600 - INFO - Вызвана главная страница
2024-10-25 20:08:57,954 - INFO - Вызвана главная страница
2024-10-25 20:09:29,786 - INFO - Вызвана главная страница
2024-10-25 20:09:38,557 - INFO - Вызвана главная страница
2024-10-25 20:09:40,124 - INFO - Вызвана главная страница
2024-10-25 20:11:17,390 - INFO - Вызвана главная страница
2024-10-25 20:11:18,080 - INFO - Вызвана главная страница
2024-10-25 20:11:19,041 - INFO - Вызвана главная страница
2024-10-25 20:11:19,936 - INFO - Вызвана главная страница
2024-10-25 20:11:20,788 - INFO - Вызвана главная страница
2024-10-25 20:11:21,483 - INFO - Вызвана главная страница
2024-10-25 20:12:24,529 - INFO - Вызвана главная страница
2024-10-25 20:12:25,213 - INFO - Вызвана главная страница
2024-10-25 20:12:25,591 - INFO - Вызвана главная страница
2024-10-25 20:12:25,781 - INFO - Вызвана главная страница
2024-10-25 20:12:39,270 - INFO - Вызвана главная страница
2024-10-25 20:12:39,964 - INFO - Вызвана главная страница
2024-10-25 20:12:40,303 - INFO - Вызвана главная страница
2024-10-25 20:12:40,494 - INFO - Вызвана главная страница
2024-10-25 20:12:44,964 - INFO - Вызвана главная страница
2024-10-25 20:12:45,338 - INFO - Вызвана главная страница
2024-10-25 20:12:45,853 - INFO - Вызвана главная страница
2024-10-25 20:13:01,690 - INFO - Вызвана главная страница
2024-10-25 20:13:01,976 - INFO - Вызвана главная страница
2024-10-25 20:13:02,404 - INFO - Вызвана главная страница
2024-10-25 20:13:02,625 - INFO - Вызвана главная страница
2024-10-25 20:13:02,800 - INFO - Вызвана главная страница
2024-10-25 20:13:02,914 - INFO - Вызвана главная страница
2024-10-25 20:14:00,411 - INFO - Вызвана главная страница
2024-10-25 20:14:15,034 - INFO - Вызвана главная страница
2024-10-25 20:14:23,774 - INFO - Вызвана главная страница
2024-10-25 20:14:24,307 - INFO - Вызвана главная страница
2024-10-25 20:14:52,634 - INFO - Вызвана главная страница
2024-10-25 20:14:58,249 - INFO - Вызвана главная страница
2024-10-25 20:14:58,936 - INFO - Вызвана главная страница
2024-10-25 20:15:19,110 - INFO - Вызвана главная страница
2024-10-25 20:15:19,493 - INFO - Вызвана главная страница
2024-10-25 20:15:20,017 - INFO - Вызвана главная страница
2024-10-25 20:15:20,248 - INFO - Вызвана главная страница
2024-10-25 20:15:20,444 - INFO - Вызвана главная страница
2024-10-25 20:15:20,581 - INFO - Вызвана главная страница
2024-10-25 20:15:37,298 - INFO - Вызвана главная страница
2024-10-25 20:15:38,233 - INFO - Вызвана главная страница
2024-10-25 20:15:45,316 - INFO - Вызвана главная страница
2024-10-25 20:15:59,028 - INFO - Вызвана главная страница
2024-10-25 20:16:05,074 - INFO - Вызвана главная страница
2024-10-25 20:16:14,359 - INFO - Вызвана главная страница
2024-10-25 20:16:15,586 - INFO - Вызвана главная страница
2024-10-25 20:17:02,218 - INFO - Вызвана главная страница
2024-10-25 20:17:44,450 - INFO - Вызвана главная страница
2024-10-25 20:17:44,688 - INFO - Вызвана главная страница
2024-10-25 20:17:45,540 - INFO - Вызвана главная страница
2024-10-25 20:19:30,125 - INFO - Вызвана главная страница
2024-10-25 20:19:31,359 - INFO - Вызвана главная страница
2024-10-25 20:20:11,193 - INFO - Вызвана главная страница
2024-10-25 20:20:31,133 - INFO - Вызвана главная страница
2024-10-25 20:20:31,869 - INFO - Вызвана главная страница
2024-10-25 20:20:49,529 - INFO - Вызвана главная страница
2024-10-25 20:21:03,633 - INFO - Вызвана главная страница
2024-10-25 20:21:26,931 - INFO - Вызвана главная страница
2024-10-25 20:22:15,846 - INFO - Вызвана главная страница
2024-10-25 20:22:29,943 - INFO - Вызвана главная страница
2024-10-25 20:22:45,815 - INFO - Вызвана главная страница
2024-10-25 20:22:57,762 - INFO - Вызвана главная страница
2024-10-25 20:23:08,470 - INFO - Вызвана главная страница
2024-10-25 20:23:20,046 - INFO - Вызвана главная страница
2024-10-25 20:24:03,028 - INFO - Вызвана главная страница
2024-10-25 20:25:19,436 - INFO - Вызвана главная страница
2024-10-25 20:25:31,648 - INFO - Вызвана главная страница
2024-10-25 20:25:59,509 - INFO - Вызвана главная страница
2024-10-25 20:26:00,140 - INFO - Вызвана главная страница
2024-10-25 20:26:08,586 - INFO - Вызвана главная страница
2024-10-25 20:26:09,216 - INFO - Вызвана главная страница
2024-10-25 20:26:09,719 - INFO - Вызвана главная страница
2024-10-25 20:26:25,863 - INFO - Вызвана главная страница
2024-10-25 20:26:26,599 - INFO - Вызвана главная страница
2024-10-25 20:26:26,874 - INFO - Вызвана главная страница
2024-10-25 20:26:50,937 - INFO - Вызвана главная страница
2024-10-25 20:26:51,667 - INFO - Вызвана главная страница
2024-10-25 20:27:25,676 - INFO - Вызвана главная страница
2024-10-25 20:27:26,493 - INFO - Вызвана главная страница
2024-10-25 20:27:26,681 - INFO - Вызвана главная страница
2024-10-25 20:27:26,834 - INFO - Вызвана главная страница
2024-10-25 20:28:39,874 - INFO - Вызвана главная страница
2024-10-25 20:28:50,670 - INFO - Вызвана главная страница
2024-10-25 20:28:51,950 - INFO - Вызвана главная страница
2024-10-25 20:32:17,915 - INFO - Вызвана главная страница
2024-10-25 20:32:18,745 - INFO - Вызвана главная страница
2024-10-25 20:32:50,977 - INFO - Вызвана главная страница
2024-10-25 20:33:18,633 - INFO - Вызвана главная страница
2024-10-25 20:33:19,405 - INFO - Вызвана главная страница
2024-10-25 20:33:33,327 - INFO - Вызвана главная страница
2024-10-25 20:33:33,914 - INFO - Вызвана главная страница
2024-10-25 20:33:34,679 - INFO - Вызвана главная страница
2024-10-25 20:33:34,977 - INFO - Вызвана главная страница
2024-10-25 20:33:38,891 - INFO - Вызвана главная страница
2024-10-25 20:33:39,288 - INFO - Вызвана главная страница
2024-10-25 20:33:39,855 - INFO - Вызвана главная страница
2024-10-25 20:33:40,163 - INFO - Вызвана главная страница
2024-10-25 20:34:22,953 - INFO - Вызвана главная страница
2024-10-25 20:34:23,482 - INFO - Вызвана главная страница
2024-10-25 20:35:02,791 - INFO - Вызвана главная страница
2024-10-25 20:35:15,031 - INFO - Вызвана главная страница
2024-10-25 20:36:27,031 - INFO - Вызвана главная страница
2024-10-25 20:36:31,350 - INFO - Вызвана главная страница
2024-10-25 20:39:56,268 - INFO - Вызвана главная страница
2024-10-25 20:39:56,744 - INFO - Вызвана главная страница
2024-10-25 20:40:18,314 - INFO - Вызвана главная страница
2024-10-25 20:40:18,799 - INFO - Вызвана главная страница
2024-10-25 20:40:21,022 - INFO - Вызвана главная страница
2024-10-25 20:41:02,173 - INFO - Вызвана главная страница
2024-10-25 20:41:49,333 - INFO - Вызвана главная страница
2024-10-25 20:42:51,799 - INFO - Вызвана главная страница
2024-10-25 20:42:52,288 - INFO - Вызвана главная страница
2024-10-25 20:42:52,475 - INFO - Вызвана главная страница
2024-10-25 20:42:53,188 - INFO - Вызвана главная страница
2024-10-25 20:46:24,967 - INFO - Вызвана главная страница
2024-10-25 20:46:31,057 - INFO - Вызвана главная страница
2024-10-25 20:47:41,031 - INFO - Вызвана главная страница
2024-10-25 20:47:41,558 - INFO - Вызвана главная страница
2024-10-25 20:47:47,810 - INFO - Вызвана главная страница
2024-10-25 20:47:48,438 - INFO - Вызвана главная страница
2024-10-25 20:51:50,567 - INFO - Вызвана главная страница
2024-10-25 20:51:51,224 - INFO - Вызвана главная страница
2024-10-25 20:56:51,752 - INFO - Вызвана главная страница
2024-10-25 20:59:10,555 - INFO - Вызвана главная страница
2024-10-25 20:59:19,726 - INFO - Вызвана главная страница
2024-10-25 20:59:30,165 - INFO - Вызвана главная страница
2024-10-25 20:59:35,003 - INFO - Вызвана главная страница
2024-10-25 20:59:42,642 - INFO - Вызвана главная страница
2024-10-25 20:59:56,797 - INFO - Вызвана главная страница
2024-10-25 20:59:57,771 - INFO - Вызвана главная страница
2024-10-25 21:00:14,875 - INFO - Вызвана главная страница
2024-10-25 21:00:21,123 - INFO - Вызвана главная страница
2024-10-25 21:00:23,512 - INFO - Вызвана главная страница
2024-10-25 21:00:41,316 - INFO - Вызвана главная страница
2024-10-25 21:01:49,381 - INFO - Вызвана главная страница
2024-10-25 21:02:08,620 - INFO - Вызвана главная страница
2024-10-25 21:02:11,655 - INFO - Вызвана главная страница
2024-10-25 21:02:16,766 - INFO - Вызвана главная страница
2024-10-25 21:02:24,430 - INFO - Вызвана главная страница
2024-10-25 21:02:25,445 - INFO - Вызвана главная страница
2024-10-25 21:02:26,014 - INFO - Вызвана главная страница
2024-10-25 21:02:26,311 - INFO - Вызвана главная страница
2024-10-25 21:02:34,986 - INFO - Вызвана главная страница
2024-10-25 21:02:36,444 - INFO - Вызвана главная страница
2024-10-25 21:02:45,373 - INFO - Вызвана главная страница
2024-10-25 21:02:48,362 - INFO - Вызвана главная страница
2024-10-25 21:02:52,908 - INFO - Вызвана главная страница
2024-10-25 21:03:06,459 - INFO - Вызвана главная страница
2024-10-25 21:03:12,457 - INFO - Вызвана главная страница
2024-10-25 21:15:23,796 - INFO - Вызвана главная страница
2024-10-25 21:15:30,081 - INFO - Вызвана главная страница
2024-10-25 21:20:30,456 - INFO - Вызвана главная страница
2024-10-25 21:25:30,701 - INFO - Вызвана главная страница
2024-10-25 21:30:30,979 - INFO - Вызвана главная страница
2024-10-25 21:35:31,397 - INFO - Вызвана главная страница
2024-10-25 21:40:31,774 - INFO - Вызвана главная страница
2024-10-25 21:45:32,125 - INFO - Вызвана главная страница
2024-10-25 21:50:32,519 - INFO - Вызвана главная страница
2024-10-25 21:55:33,134 - INFO - Вызвана главная страница
2024-10-25 22:00:33,798 - INFO - Вызвана главная страница
2024-10-25 22:01:16,211 - INFO - Вызвана главная страница
2024-10-25 22:01:36,374 - INFO - Вызвана главная страница
2024-10-25 22:01:57,299 - INFO - Вызвана главная страница
2024-10-25 22:04:13,791 - INFO - Вызвана главная страница
2024-10-25 22:04:53,419 - INFO - Вызвана главная страница
2024-10-25 22:05:05,955 - INFO - Вызвана главная страница
2024-10-25 22:05:10,453 - INFO - Вызвана главная страница
2024-10-25 22:05:17,637 - INFO - Вызвана главная страница
2024-10-25 22:05:57,317 - INFO - Вызвана главная страница
2024-10-25 22:07:46,242 - INFO - Вызвана главная страница
2024-10-26 00:03:59,518 - INFO - Вызвана главная страница
2024-10-26 00:04:02,020 - INFO - Вызвана главная страница
2024-10-26 00:09:02,674 - INFO - Вызвана главная страница
2024-10-26 00:09:39,620 - INFO - C:\Users\maksk\Desktop\lab5\rent_cars\users\models.py changed, reloading.
2024-10-26 00:16:21,292 - INFO - Вызвана главная страница
2024-10-26 00:16:21,349 - ERROR - Internal Server Error: /
Traceback (most recent call last):
  File "C:\Users\maksk\AppData\Local\Packages\PythonSoftwareFoundation.Python.3.11_qbz5n2kfra8p0\LocalCache\local-packages\Python311\site-packages\django\core\handlers\exception.py", line 55, in inner
    response = get_response(request)
               ^^^^^^^^^^^^^^^^^^^^^
  File "C:\Users\maksk\AppData\Local\Packages\PythonSoftwareFoundation.Python.3.11_qbz5n2kfra8p0\LocalCache\local-packages\Python311\site-packages\django\core\handlers\base.py", line 197, in _get_response
    response = wrapped_callback(request, *callback_args, **callback_kwargs)
               ^^^^^^^^^^^^^^^^^^^^^^^^^^^^^^^^^^^^^^^^^^^^^^^^^^^^^^^^^^^^
  File "C:\Users\maksk\Desktop\lab5\rent_cars\users\views.py", line 127, in index
    'delay': settings.delay
             ^^^^^^^^^^^^^^
AttributeError: 'NoneType' object has no attribute 'delay'
2024-10-26 00:16:21,517 - WARNING - Not Found: /favicon.ico
2024-10-26 00:16:35,348 - INFO - Вызвана главная страница
2024-10-26 00:16:35,368 - ERROR - Internal Server Error: /
Traceback (most recent call last):
  File "C:\Users\maksk\AppData\Local\Packages\PythonSoftwareFoundation.Python.3.11_qbz5n2kfra8p0\LocalCache\local-packages\Python311\site-packages\django\core\handlers\exception.py", line 55, in inner
    response = get_response(request)
               ^^^^^^^^^^^^^^^^^^^^^
  File "C:\Users\maksk\AppData\Local\Packages\PythonSoftwareFoundation.Python.3.11_qbz5n2kfra8p0\LocalCache\local-packages\Python311\site-packages\django\core\handlers\base.py", line 197, in _get_response
    response = wrapped_callback(request, *callback_args, **callback_kwargs)
               ^^^^^^^^^^^^^^^^^^^^^^^^^^^^^^^^^^^^^^^^^^^^^^^^^^^^^^^^^^^^
  File "C:\Users\maksk\Desktop\lab5\rent_cars\users\views.py", line 127, in index
    'delay': settings.delay
             ^^^^^^^^^^^^^^
AttributeError: 'NoneType' object has no attribute 'delay'
2024-10-26 00:16:36,207 - INFO - Вызвана главная страница
2024-10-26 00:16:36,220 - ERROR - Internal Server Error: /
Traceback (most recent call last):
  File "C:\Users\maksk\AppData\Local\Packages\PythonSoftwareFoundation.Python.3.11_qbz5n2kfra8p0\LocalCache\local-packages\Python311\site-packages\django\core\handlers\exception.py", line 55, in inner
    response = get_response(request)
               ^^^^^^^^^^^^^^^^^^^^^
  File "C:\Users\maksk\AppData\Local\Packages\PythonSoftwareFoundation.Python.3.11_qbz5n2kfra8p0\LocalCache\local-packages\Python311\site-packages\django\core\handlers\base.py", line 197, in _get_response
    response = wrapped_callback(request, *callback_args, **callback_kwargs)
               ^^^^^^^^^^^^^^^^^^^^^^^^^^^^^^^^^^^^^^^^^^^^^^^^^^^^^^^^^^^^
  File "C:\Users\maksk\Desktop\lab5\rent_cars\users\views.py", line 127, in index
    'delay': settings.delay
             ^^^^^^^^^^^^^^
AttributeError: 'NoneType' object has no attribute 'delay'
2024-10-26 00:16:36,283 - WARNING - Not Found: /favicon.ico
2024-10-26 00:18:38,637 - INFO - Вызвана главная страница
2024-10-26 00:18:38,654 - ERROR - Internal Server Error: /
Traceback (most recent call last):
  File "C:\Users\maksk\AppData\Local\Packages\PythonSoftwareFoundation.Python.3.11_qbz5n2kfra8p0\LocalCache\local-packages\Python311\site-packages\django\core\handlers\exception.py", line 55, in inner
    response = get_response(request)
               ^^^^^^^^^^^^^^^^^^^^^
  File "C:\Users\maksk\AppData\Local\Packages\PythonSoftwareFoundation.Python.3.11_qbz5n2kfra8p0\LocalCache\local-packages\Python311\site-packages\django\core\handlers\base.py", line 197, in _get_response
    response = wrapped_callback(request, *callback_args, **callback_kwargs)
               ^^^^^^^^^^^^^^^^^^^^^^^^^^^^^^^^^^^^^^^^^^^^^^^^^^^^^^^^^^^^
  File "C:\Users\maksk\Desktop\lab5\rent_cars\users\views.py", line 127, in index
    'delay': settings.delay
             ^^^^^^^^^^^^^^
AttributeError: 'NoneType' object has no attribute 'delay'
2024-10-26 00:20:39,885 - INFO - C:\Users\maksk\Desktop\lab5\rent_cars\users\admin.py changed, reloading.
2024-10-26 00:20:44,604 - INFO - Вызвана главная страница
2024-10-26 00:20:44,643 - ERROR - Internal Server Error: /
Traceback (most recent call last):
  File "C:\Users\maksk\AppData\Local\Packages\PythonSoftwareFoundation.Python.3.11_qbz5n2kfra8p0\LocalCache\local-packages\Python311\site-packages\django\core\handlers\exception.py", line 55, in inner
    response = get_response(request)
               ^^^^^^^^^^^^^^^^^^^^^
  File "C:\Users\maksk\AppData\Local\Packages\PythonSoftwareFoundation.Python.3.11_qbz5n2kfra8p0\LocalCache\local-packages\Python311\site-packages\django\core\handlers\base.py", line 197, in _get_response
    response = wrapped_callback(request, *callback_args, **callback_kwargs)
               ^^^^^^^^^^^^^^^^^^^^^^^^^^^^^^^^^^^^^^^^^^^^^^^^^^^^^^^^^^^^
  File "C:\Users\maksk\Desktop\lab5\rent_cars\users\views.py", line 127, in index
    'delay': settings.delay
             ^^^^^^^^^^^^^^
AttributeError: 'NoneType' object has no attribute 'delay'
2024-10-26 00:20:44,849 - WARNING - Not Found: /favicon.ico
2024-10-26 00:20:44,854 - WARNING - Not Found: /favicon.ico
2024-10-26 00:21:00,592 - INFO - Вызвана главная страница
2024-10-26 00:21:46,345 - INFO - Вызвана главная страница
2024-10-26 00:21:47,807 - INFO - Вызвана главная страница
2024-10-26 00:21:56,180 - INFO - Вызвана главная страница
2024-10-26 00:21:56,840 - INFO - Вызвана главная страница
2024-10-26 00:21:57,173 - INFO - Вызвана главная страница
2024-10-26 00:23:23,967 - INFO - C:\Users\maksk\Desktop\lab5\rent_cars\users\forms.py changed, reloading.
2024-10-26 00:23:27,188 - INFO - Вызвана главная страница
2024-10-26 00:23:27,919 - INFO - Вызвана главная страница
2024-10-26 00:23:28,444 - INFO - Вызвана главная страница
2024-10-26 00:23:29,163 - INFO - Вызвана главная страница
2024-10-26 00:24:46,105 - INFO - C:\Users\maksk\Desktop\lab5\rent_cars\users\forms.py changed, reloading.
2024-10-26 00:24:47,313 - INFO - Вызвана главная страница
2024-10-26 00:24:47,976 - INFO - Вызвана главная страница
2024-10-26 00:24:48,424 - INFO - Вызвана главная страница
2024-10-26 00:25:13,540 - INFO - C:\Users\maksk\Desktop\lab5\rent_cars\users\forms.py changed, reloading.
2024-10-26 00:26:04,402 - INFO - Вызвана главная страница
2024-10-26 00:26:05,065 - INFO - Вызвана главная страница
2024-10-26 00:26:05,642 - INFO - Вызвана главная страница
2024-10-26 00:26:06,240 - INFO - Вызвана главная страница
2024-10-26 00:26:08,018 - INFO - Вызвана главная страница
2024-10-26 00:26:09,049 - INFO - Вызвана главная страница
2024-10-26 00:26:10,059 - INFO - Вызвана главная страница
2024-10-26 00:26:15,125 - INFO - Вызвана главная страница
2024-10-26 00:26:34,348 - INFO - Вызвана главная страница
2024-10-26 00:26:36,279 - INFO - Вызвана главная страница
2024-10-26 00:27:29,798 - INFO - Вызвана главная страница
2024-10-26 00:27:30,943 - INFO - Вызвана главная страница
2024-10-26 00:27:32,895 - INFO - Вызвана главная страница
2024-10-26 00:27:41,418 - INFO - Вызвана главная страница
2024-10-26 00:29:26,909 - INFO - C:\Users\maksk\Desktop\lab5\rent_cars\users\views.py changed, reloading.
2024-10-26 00:29:28,992 - INFO - Вызвана главная страница
2024-10-26 00:29:38,715 - INFO - C:\Users\maksk\Desktop\lab5\rent_cars\users\views.py changed, reloading.
2024-10-26 00:29:39,905 - INFO - Вызвана главная страница
2024-10-26 00:29:39,940 - INFO - Вызвана главная страница
2024-10-26 00:30:27,759 - INFO - C:\Users\maksk\Desktop\lab5\rent_cars\users\forms.py changed, reloading.
2024-10-26 00:30:28,963 - INFO - Вызвана главная страница
2024-10-26 00:30:29,976 - INFO - Вызвана главная страница
2024-10-26 00:31:14,146 - INFO - Вызвана главная страница
2024-10-26 00:31:17,515 - INFO - Вызвана главная страница
2024-10-26 00:31:18,406 - INFO - Вызвана главная страница
2024-10-26 00:31:43,296 - INFO - Вызвана главная страница
2024-10-26 00:31:44,131 - INFO - Вызвана главная страница
2024-10-26 00:32:09,640 - INFO - Вызвана главная страница
2024-10-26 00:32:10,532 - INFO - Вызвана главная страница
2024-10-26 00:32:19,209 - INFO - Вызвана главная страница
2024-10-26 00:32:19,902 - INFO - Вызвана главная страница
2024-10-26 00:32:31,293 - INFO - Вызвана главная страница
2024-10-26 00:32:59,851 - INFO - Вызвана главная страница
2024-10-26 00:33:00,429 - INFO - Вызвана главная страница
2024-10-26 00:33:01,061 - INFO - Вызвана главная страница
2024-10-26 00:33:28,145 - INFO - Вызвана главная страница
2024-10-26 00:33:34,449 - INFO - Вызвана главная страница
2024-10-26 00:33:36,816 - INFO - Вызвана главная страница
2024-10-26 00:33:39,806 - INFO - Вызвана главная страница
2024-10-26 00:33:43,807 - INFO - Вызвана главная страница
2024-10-26 00:38:43,976 - INFO - Вызвана главная страница
2024-10-26 00:39:06,172 - INFO - Вызвана главная страница
2024-10-26 00:39:23,564 - INFO - Вызвана главная страница
2024-10-26 00:42:32,887 - INFO - Вызвана главная страница
2024-10-26 00:42:33,768 - INFO - Вызвана главная страница
2024-10-26 00:42:34,414 - INFO - Вызвана главная страница
2024-10-26 00:42:37,876 - INFO - Вызвана главная страница
2024-10-26 00:43:01,764 - INFO - Вызвана главная страница
2024-10-26 00:43:04,959 - INFO - Вызвана главная страница
2024-10-26 00:43:05,423 - INFO - Вызвана главная страница
2024-10-26 00:43:05,952 - INFO - Вызвана главная страница
2024-10-26 00:43:07,181 - INFO - Вызвана главная страница
2024-10-26 00:43:44,514 - INFO - Вызвана главная страница
2024-10-26 00:43:46,844 - INFO - Вызвана главная страница
2024-10-26 00:46:15,045 - INFO - Вызвана главная страница
2024-10-26 00:46:26,559 - INFO - Вызвана главная страница
2024-10-26 00:46:31,011 - INFO - Вызвана главная страница
2024-10-26 00:46:31,750 - WARNING - Not Found: /favicon.ico
2024-10-26 00:46:47,771 - INFO - Вызвана главная страница
2024-10-26 00:47:06,143 - INFO - Вызвана главная страница
2024-10-26 00:47:14,820 - INFO - Вызвана главная страница
2024-10-26 13:46:40,022 - INFO - C:\Users\maksk\Desktop\lab5\rent_cars\users\views.py changed, reloading.
2024-10-26 13:48:11,062 - WARNING - Not Found: /favicon.ico
2024-10-26 13:48:14,476 - INFO - Вызвана главная страница
2024-10-26 13:48:14,654 - ERROR - Internal Server Error: /
Traceback (most recent call last):
  File "C:\Users\maksk\AppData\Local\Packages\PythonSoftwareFoundation.Python.3.11_qbz5n2kfra8p0\LocalCache\local-packages\Python311\site-packages\django\core\handlers\exception.py", line 55, in inner
    response = get_response(request)
               ^^^^^^^^^^^^^^^^^^^^^
  File "C:\Users\maksk\AppData\Local\Packages\PythonSoftwareFoundation.Python.3.11_qbz5n2kfra8p0\LocalCache\local-packages\Python311\site-packages\django\core\handlers\base.py", line 197, in _get_response
    response = wrapped_callback(request, *callback_args, **callback_kwargs)
               ^^^^^^^^^^^^^^^^^^^^^^^^^^^^^^^^^^^^^^^^^^^^^^^^^^^^^^^^^^^^
  File "C:\Users\maksk\Desktop\lab5\rent_cars\users\views.py", line 113, in index
    return render(request, 'users/index.html', {
           ^^^^^^^^^^^^^^^^^^^^^^^^^^^^^^^^^^^^^
  File "C:\Users\maksk\AppData\Local\Packages\PythonSoftwareFoundation.Python.3.11_qbz5n2kfra8p0\LocalCache\local-packages\Python311\site-packages\django\shortcuts.py", line 25, in render
    content = loader.render_to_string(template_name, context, request, using=using)
              ^^^^^^^^^^^^^^^^^^^^^^^^^^^^^^^^^^^^^^^^^^^^^^^^^^^^^^^^^^^^^^^^^^^^^
  File "C:\Users\maksk\AppData\Local\Packages\PythonSoftwareFoundation.Python.3.11_qbz5n2kfra8p0\LocalCache\local-packages\Python311\site-packages\django\template\loader.py", line 62, in render_to_string
    return template.render(context, request)
           ^^^^^^^^^^^^^^^^^^^^^^^^^^^^^^^^^
  File "C:\Users\maksk\AppData\Local\Packages\PythonSoftwareFoundation.Python.3.11_qbz5n2kfra8p0\LocalCache\local-packages\Python311\site-packages\django\template\backends\django.py", line 107, in render
    return self.template.render(context)
           ^^^^^^^^^^^^^^^^^^^^^^^^^^^^^
  File "C:\Users\maksk\AppData\Local\Packages\PythonSoftwareFoundation.Python.3.11_qbz5n2kfra8p0\LocalCache\local-packages\Python311\site-packages\django\template\base.py", line 171, in render
    return self._render(context)
           ^^^^^^^^^^^^^^^^^^^^^
  File "C:\Users\maksk\AppData\Local\Packages\PythonSoftwareFoundation.Python.3.11_qbz5n2kfra8p0\LocalCache\local-packages\Python311\site-packages\django\template\base.py", line 163, in _render
    return self.nodelist.render(context)
           ^^^^^^^^^^^^^^^^^^^^^^^^^^^^^
  File "C:\Users\maksk\AppData\Local\Packages\PythonSoftwareFoundation.Python.3.11_qbz5n2kfra8p0\LocalCache\local-packages\Python311\site-packages\django\template\base.py", line 1008, in render
    return SafeString("".join([node.render_annotated(context) for node in self]))
                              ^^^^^^^^^^^^^^^^^^^^^^^^^^^^^^^^^^^^^^^^^^^^^^^^^
  File "C:\Users\maksk\AppData\Local\Packages\PythonSoftwareFoundation.Python.3.11_qbz5n2kfra8p0\LocalCache\local-packages\Python311\site-packages\django\template\base.py", line 1008, in <listcomp>
    return SafeString("".join([node.render_annotated(context) for node in self]))
                               ^^^^^^^^^^^^^^^^^^^^^^^^^^^^^^
  File "C:\Users\maksk\AppData\Local\Packages\PythonSoftwareFoundation.Python.3.11_qbz5n2kfra8p0\LocalCache\local-packages\Python311\site-packages\django\template\base.py", line 969, in render_annotated
    return self.render(context)
           ^^^^^^^^^^^^^^^^^^^^
  File "C:\Users\maksk\AppData\Local\Packages\PythonSoftwareFoundation.Python.3.11_qbz5n2kfra8p0\LocalCache\local-packages\Python311\site-packages\django\template\loader_tags.py", line 159, in render
    return compiled_parent._render(context)
           ^^^^^^^^^^^^^^^^^^^^^^^^^^^^^^^^
  File "C:\Users\maksk\AppData\Local\Packages\PythonSoftwareFoundation.Python.3.11_qbz5n2kfra8p0\LocalCache\local-packages\Python311\site-packages\django\template\base.py", line 163, in _render
    return self.nodelist.render(context)
           ^^^^^^^^^^^^^^^^^^^^^^^^^^^^^
  File "C:\Users\maksk\AppData\Local\Packages\PythonSoftwareFoundation.Python.3.11_qbz5n2kfra8p0\LocalCache\local-packages\Python311\site-packages\django\template\base.py", line 1008, in render
    return SafeString("".join([node.render_annotated(context) for node in self]))
                              ^^^^^^^^^^^^^^^^^^^^^^^^^^^^^^^^^^^^^^^^^^^^^^^^^
  File "C:\Users\maksk\AppData\Local\Packages\PythonSoftwareFoundation.Python.3.11_qbz5n2kfra8p0\LocalCache\local-packages\Python311\site-packages\django\template\base.py", line 1008, in <listcomp>
    return SafeString("".join([node.render_annotated(context) for node in self]))
                               ^^^^^^^^^^^^^^^^^^^^^^^^^^^^^^
  File "C:\Users\maksk\AppData\Local\Packages\PythonSoftwareFoundation.Python.3.11_qbz5n2kfra8p0\LocalCache\local-packages\Python311\site-packages\django\template\base.py", line 969, in render_annotated
    return self.render(context)
           ^^^^^^^^^^^^^^^^^^^^
  File "C:\Users\maksk\AppData\Local\Packages\PythonSoftwareFoundation.Python.3.11_qbz5n2kfra8p0\LocalCache\local-packages\Python311\site-packages\django\template\defaulttags.py", line 480, in render
    url = reverse(view_name, args=args, kwargs=kwargs, current_app=current_app)
          ^^^^^^^^^^^^^^^^^^^^^^^^^^^^^^^^^^^^^^^^^^^^^^^^^^^^^^^^^^^^^^^^^^^^^
  File "C:\Users\maksk\AppData\Local\Packages\PythonSoftwareFoundation.Python.3.11_qbz5n2kfra8p0\LocalCache\local-packages\Python311\site-packages\django\urls\base.py", line 88, in reverse
    return resolver._reverse_with_prefix(view, prefix, *args, **kwargs)
           ^^^^^^^^^^^^^^^^^^^^^^^^^^^^^^^^^^^^^^^^^^^^^^^^^^^^^^^^^^^^
  File "C:\Users\maksk\AppData\Local\Packages\PythonSoftwareFoundation.Python.3.11_qbz5n2kfra8p0\LocalCache\local-packages\Python311\site-packages\django\urls\resolvers.py", line 831, in _reverse_with_prefix
    raise NoReverseMatch(msg)
django.urls.exceptions.NoReverseMatch: Reverse for 'task7_prot' not found. 'task7_prot' is not a valid view function or pattern name.
2024-10-26 13:48:25,209 - INFO - Вызвана главная страница
2024-10-26 13:48:25,242 - ERROR - Internal Server Error: /
Traceback (most recent call last):
  File "C:\Users\maksk\AppData\Local\Packages\PythonSoftwareFoundation.Python.3.11_qbz5n2kfra8p0\LocalCache\local-packages\Python311\site-packages\django\core\handlers\exception.py", line 55, in inner
    response = get_response(request)
               ^^^^^^^^^^^^^^^^^^^^^
  File "C:\Users\maksk\AppData\Local\Packages\PythonSoftwareFoundation.Python.3.11_qbz5n2kfra8p0\LocalCache\local-packages\Python311\site-packages\django\core\handlers\base.py", line 197, in _get_response
    response = wrapped_callback(request, *callback_args, **callback_kwargs)
               ^^^^^^^^^^^^^^^^^^^^^^^^^^^^^^^^^^^^^^^^^^^^^^^^^^^^^^^^^^^^
  File "C:\Users\maksk\Desktop\lab5\rent_cars\users\views.py", line 113, in index
    return render(request, 'users/index.html', {
           ^^^^^^^^^^^^^^^^^^^^^^^^^^^^^^^^^^^^^
  File "C:\Users\maksk\AppData\Local\Packages\PythonSoftwareFoundation.Python.3.11_qbz5n2kfra8p0\LocalCache\local-packages\Python311\site-packages\django\shortcuts.py", line 25, in render
    content = loader.render_to_string(template_name, context, request, using=using)
              ^^^^^^^^^^^^^^^^^^^^^^^^^^^^^^^^^^^^^^^^^^^^^^^^^^^^^^^^^^^^^^^^^^^^^
  File "C:\Users\maksk\AppData\Local\Packages\PythonSoftwareFoundation.Python.3.11_qbz5n2kfra8p0\LocalCache\local-packages\Python311\site-packages\django\template\loader.py", line 62, in render_to_string
    return template.render(context, request)
           ^^^^^^^^^^^^^^^^^^^^^^^^^^^^^^^^^
  File "C:\Users\maksk\AppData\Local\Packages\PythonSoftwareFoundation.Python.3.11_qbz5n2kfra8p0\LocalCache\local-packages\Python311\site-packages\django\template\backends\django.py", line 107, in render
    return self.template.render(context)
           ^^^^^^^^^^^^^^^^^^^^^^^^^^^^^
  File "C:\Users\maksk\AppData\Local\Packages\PythonSoftwareFoundation.Python.3.11_qbz5n2kfra8p0\LocalCache\local-packages\Python311\site-packages\django\template\base.py", line 171, in render
    return self._render(context)
           ^^^^^^^^^^^^^^^^^^^^^
  File "C:\Users\maksk\AppData\Local\Packages\PythonSoftwareFoundation.Python.3.11_qbz5n2kfra8p0\LocalCache\local-packages\Python311\site-packages\django\template\base.py", line 163, in _render
    return self.nodelist.render(context)
           ^^^^^^^^^^^^^^^^^^^^^^^^^^^^^
  File "C:\Users\maksk\AppData\Local\Packages\PythonSoftwareFoundation.Python.3.11_qbz5n2kfra8p0\LocalCache\local-packages\Python311\site-packages\django\template\base.py", line 1008, in render
    return SafeString("".join([node.render_annotated(context) for node in self]))
                              ^^^^^^^^^^^^^^^^^^^^^^^^^^^^^^^^^^^^^^^^^^^^^^^^^
  File "C:\Users\maksk\AppData\Local\Packages\PythonSoftwareFoundation.Python.3.11_qbz5n2kfra8p0\LocalCache\local-packages\Python311\site-packages\django\template\base.py", line 1008, in <listcomp>
    return SafeString("".join([node.render_annotated(context) for node in self]))
                               ^^^^^^^^^^^^^^^^^^^^^^^^^^^^^^
  File "C:\Users\maksk\AppData\Local\Packages\PythonSoftwareFoundation.Python.3.11_qbz5n2kfra8p0\LocalCache\local-packages\Python311\site-packages\django\template\base.py", line 969, in render_annotated
    return self.render(context)
           ^^^^^^^^^^^^^^^^^^^^
  File "C:\Users\maksk\AppData\Local\Packages\PythonSoftwareFoundation.Python.3.11_qbz5n2kfra8p0\LocalCache\local-packages\Python311\site-packages\django\template\loader_tags.py", line 159, in render
    return compiled_parent._render(context)
           ^^^^^^^^^^^^^^^^^^^^^^^^^^^^^^^^
  File "C:\Users\maksk\AppData\Local\Packages\PythonSoftwareFoundation.Python.3.11_qbz5n2kfra8p0\LocalCache\local-packages\Python311\site-packages\django\template\base.py", line 163, in _render
    return self.nodelist.render(context)
           ^^^^^^^^^^^^^^^^^^^^^^^^^^^^^
  File "C:\Users\maksk\AppData\Local\Packages\PythonSoftwareFoundation.Python.3.11_qbz5n2kfra8p0\LocalCache\local-packages\Python311\site-packages\django\template\base.py", line 1008, in render
    return SafeString("".join([node.render_annotated(context) for node in self]))
                              ^^^^^^^^^^^^^^^^^^^^^^^^^^^^^^^^^^^^^^^^^^^^^^^^^
  File "C:\Users\maksk\AppData\Local\Packages\PythonSoftwareFoundation.Python.3.11_qbz5n2kfra8p0\LocalCache\local-packages\Python311\site-packages\django\template\base.py", line 1008, in <listcomp>
    return SafeString("".join([node.render_annotated(context) for node in self]))
                               ^^^^^^^^^^^^^^^^^^^^^^^^^^^^^^
  File "C:\Users\maksk\AppData\Local\Packages\PythonSoftwareFoundation.Python.3.11_qbz5n2kfra8p0\LocalCache\local-packages\Python311\site-packages\django\template\base.py", line 969, in render_annotated
    return self.render(context)
           ^^^^^^^^^^^^^^^^^^^^
  File "C:\Users\maksk\AppData\Local\Packages\PythonSoftwareFoundation.Python.3.11_qbz5n2kfra8p0\LocalCache\local-packages\Python311\site-packages\django\template\defaulttags.py", line 480, in render
    url = reverse(view_name, args=args, kwargs=kwargs, current_app=current_app)
          ^^^^^^^^^^^^^^^^^^^^^^^^^^^^^^^^^^^^^^^^^^^^^^^^^^^^^^^^^^^^^^^^^^^^^
  File "C:\Users\maksk\AppData\Local\Packages\PythonSoftwareFoundation.Python.3.11_qbz5n2kfra8p0\LocalCache\local-packages\Python311\site-packages\django\urls\base.py", line 88, in reverse
    return resolver._reverse_with_prefix(view, prefix, *args, **kwargs)
           ^^^^^^^^^^^^^^^^^^^^^^^^^^^^^^^^^^^^^^^^^^^^^^^^^^^^^^^^^^^^
  File "C:\Users\maksk\AppData\Local\Packages\PythonSoftwareFoundation.Python.3.11_qbz5n2kfra8p0\LocalCache\local-packages\Python311\site-packages\django\urls\resolvers.py", line 831, in _reverse_with_prefix
    raise NoReverseMatch(msg)
django.urls.exceptions.NoReverseMatch: Reverse for 'task7_prot' not found. 'task7_prot' is not a valid view function or pattern name.
2024-10-26 13:48:25,414 - INFO - C:\Users\maksk\Desktop\lab5\rent_cars\users\urls.py changed, reloading.
2024-10-26 13:48:26,733 - INFO - Вызвана главная страница
2024-10-26 14:20:38,443 - INFO - C:\Users\maksk\Desktop\lab5\rent_cars\users\views.py changed, reloading.
2024-10-26 14:21:21,475 - INFO - C:\Users\maksk\Desktop\lab5\rent_cars\users\urls.py changed, reloading.
2024-10-26 14:21:40,213 - INFO - Вызвана главная страница
2024-10-26 14:31:26,367 - INFO - C:\Users\maksk\Desktop\lab5\rent_cars\users\urls.py changed, reloading.
2024-10-26 19:06:52,780 - INFO - Вызвана главная страница
2024-10-26 19:06:53,622 - INFO - Вызвана главная страница
2024-10-26 19:11:54,162 - INFO - Вызвана главная страница
2024-10-26 19:16:54,384 - INFO - Вызвана главная страница
2024-10-26 19:18:00,196 - INFO - Вызвана главная страница
2024-10-26 19:19:37,410 - INFO - Вызвана главная страница
2024-10-26 19:20:39,479 - INFO - Вызвана главная страница
2024-10-26 19:21:31,570 - INFO - Вызвана главная страница
2024-10-26 19:21:47,312 - INFO - Вызвана главная страница
2024-10-26 19:22:16,072 - INFO - Вызвана главная страница
2024-10-26 19:22:24,418 - INFO - Вызвана главная страница
2024-10-26 19:22:25,409 - INFO - Вызвана главная страница
2024-10-26 19:22:35,155 - INFO - Вызвана главная страница
2024-10-26 19:22:35,637 - INFO - Вызвана главная страница
2024-10-26 19:24:00,963 - INFO - Вызвана главная страница
2024-10-26 19:27:35,988 - INFO - Вызвана главная страница
2024-10-26 19:27:44,091 - INFO - Вызвана главная страница
2024-10-26 19:27:46,714 - INFO - Вызвана главная страница
2024-10-26 19:28:08,321 - INFO - Вызвана главная страница
2024-10-26 19:28:09,763 - INFO - Вызвана главная страница
2024-10-26 19:28:32,853 - INFO - Вызвана главная страница
2024-10-26 19:28:33,807 - INFO - Вызвана главная страница
2024-10-26 19:28:48,908 - INFO - Вызвана главная страница
2024-10-26 19:30:12,085 - INFO - Вызвана главная страница
2024-10-26 19:30:19,534 - INFO - Вызвана главная страница
2024-10-26 19:30:20,162 - INFO - Вызвана главная страница
2024-10-26 19:31:38,936 - INFO - Вызвана главная страница
2024-10-26 19:31:39,546 - INFO - Вызвана главная страница
2024-10-26 19:32:24,417 - INFO - Вызвана главная страница
2024-10-26 19:32:24,961 - INFO - Вызвана главная страница
2024-10-26 19:32:41,340 - INFO - Вызвана главная страница
2024-10-26 19:32:41,882 - INFO - Вызвана главная страница
2024-10-26 19:32:44,193 - INFO - Вызвана главная страница
2024-10-26 19:32:45,601 - INFO - Вызвана главная страница
2024-10-26 19:33:23,074 - INFO - Вызвана главная страница
2024-10-26 19:33:23,591 - INFO - Вызвана главная страница
2024-10-26 19:33:57,670 - INFO - Вызвана главная страница
2024-10-26 19:33:58,261 - INFO - Вызвана главная страница
2024-10-26 19:34:02,269 - INFO - Вызвана главная страница
2024-10-26 19:34:02,828 - INFO - Вызвана главная страница
2024-10-26 19:34:03,257 - INFO - Вызвана главная страница
2024-10-26 19:34:13,369 - INFO - Вызвана главная страница
2024-10-26 19:34:13,955 - INFO - Вызвана главная страница
2024-10-26 19:34:21,828 - INFO - Вызвана главная страница
2024-10-26 19:34:22,386 - INFO - Вызвана главная страница
2024-10-26 19:34:22,854 - INFO - Вызвана главная страница
2024-10-26 19:35:14,428 - INFO - Вызвана главная страница
2024-10-26 19:35:28,432 - INFO - Вызвана главная страница
2024-10-26 19:35:28,862 - INFO - Вызвана главная страница
2024-10-26 19:35:29,387 - INFO - Вызвана главная страница
2024-10-26 19:35:33,437 - INFO - Вызвана главная страница
2024-10-26 19:35:33,812 - INFO - Вызвана главная страница
2024-10-26 19:35:34,302 - INFO - Вызвана главная страница
2024-10-26 19:35:34,910 - INFO - Вызвана главная страница
2024-10-26 19:35:39,706 - INFO - Вызвана главная страница
2024-10-26 19:35:40,251 - INFO - Вызвана главная страница
2024-10-26 19:35:40,854 - INFO - Вызвана главная страница
2024-10-26 19:35:43,963 - INFO - Вызвана главная страница
2024-10-26 19:35:44,500 - INFO - Вызвана главная страница
2024-10-26 19:35:44,969 - INFO - Вызвана главная страница
2024-10-26 19:35:59,752 - INFO - Вызвана главная страница
2024-10-26 19:36:00,382 - INFO - Вызвана главная страница
2024-10-26 19:36:01,133 - INFO - Вызвана главная страница
2024-10-26 19:36:09,675 - INFO - Вызвана главная страница
2024-10-26 19:36:10,345 - INFO - Вызвана главная страница
2024-10-26 19:36:38,141 - INFO - Вызвана главная страница
2024-10-26 19:36:39,452 - INFO - Вызвана главная страница
2024-10-26 19:36:47,902 - INFO - Вызвана главная страница
2024-10-26 19:36:48,740 - INFO - Вызвана главная страница
2024-10-26 19:36:50,788 - INFO - Вызвана главная страница
2024-10-26 19:36:51,184 - INFO - Вызвана главная страница
2024-10-26 19:36:51,846 - INFO - Вызвана главная страница
2024-10-26 19:36:58,508 - INFO - Вызвана главная страница
2024-10-26 19:36:58,856 - INFO - Вызвана главная страница
2024-10-26 19:36:59,334 - INFO - Вызвана главная страница
2024-10-26 19:37:12,205 - INFO - Вызвана главная страница
2024-10-26 19:37:26,964 - INFO - Вызвана главная страница
2024-10-26 19:37:32,081 - INFO - Вызвана главная страница
2024-10-26 19:37:37,617 - INFO - Вызвана главная страница
2024-10-26 19:37:40,615 - INFO - Вызвана главная страница
2024-10-26 19:37:49,237 - INFO - Вызвана главная страница
2024-10-26 19:37:52,772 - INFO - Вызвана главная страница
2024-10-26 19:37:58,572 - INFO - Вызвана главная страница
2024-10-26 19:38:05,454 - INFO - Вызвана главная страница
2024-10-26 19:38:08,611 - INFO - Вызвана главная страница
2024-10-26 19:38:11,352 - INFO - Вызвана главная страница
2024-10-26 19:38:16,229 - INFO - Вызвана главная страница
2024-10-26 19:38:21,359 - INFO - Вызвана главная страница
2024-10-26 19:38:47,068 - INFO - Вызвана главная страница
2024-10-26 19:38:50,842 - INFO - Вызвана главная страница
2024-10-26 19:40:05,909 - INFO - Вызвана главная страница
2024-10-26 19:40:06,300 - INFO - Вызвана главная страница
2024-10-26 19:40:06,779 - INFO - Вызвана главная страница
2024-10-26 19:40:09,134 - INFO - Вызвана главная страница
2024-10-26 19:40:10,220 - INFO - Вызвана главная страница
2024-10-26 19:40:10,674 - INFO - Вызвана главная страница
2024-10-26 19:40:13,873 - INFO - Вызвана главная страница
2024-10-26 19:40:15,109 - INFO - Вызвана главная страница
2024-10-26 19:40:15,815 - INFO - Вызвана главная страница
2024-10-26 19:40:27,838 - INFO - Вызвана главная страница
2024-10-26 19:40:28,347 - INFO - Вызвана главная страница
2024-10-26 19:40:34,852 - INFO - Вызвана главная страница
2024-10-26 19:40:35,422 - INFO - Вызвана главная страница
2024-10-26 19:40:48,093 - INFO - Вызвана главная страница
2024-10-26 19:40:55,189 - INFO - Вызвана главная страница
2024-10-26 19:40:57,708 - INFO - Вызвана главная страница
2024-10-26 19:41:35,649 - INFO - Вызвана главная страница
2024-10-26 19:41:40,282 - INFO - Вызвана главная страница
2024-10-26 19:41:42,646 - INFO - Вызвана главная страница
2024-10-26 19:41:49,157 - INFO - Вызвана главная страница
2024-10-26 19:41:53,291 - INFO - Вызвана главная страница
2024-10-26 19:42:03,344 - INFO - Вызвана главная страница
2024-10-26 19:42:08,326 - INFO - Вызвана главная страница
2024-10-26 19:42:25,385 - INFO - Вызвана главная страница
2024-10-26 19:42:26,557 - INFO - Вызвана главная страница
2024-10-26 19:42:34,654 - INFO - Вызвана главная страница
2024-10-26 19:42:35,288 - INFO - Вызвана главная страница
2024-10-26 19:42:47,231 - INFO - Вызвана главная страница
2024-10-26 19:42:47,766 - INFO - Вызвана главная страница
2024-10-26 19:42:51,375 - INFO - Вызвана главная страница
2024-10-26 19:42:56,556 - INFO - Вызвана главная страница
2024-10-26 19:42:57,053 - INFO - Вызвана главная страница
2024-10-26 19:42:59,714 - INFO - Вызвана главная страница
2024-10-26 19:43:16,835 - INFO - Вызвана главная страница
2024-10-26 19:43:17,433 - INFO - Вызвана главная страница
2024-10-26 19:43:33,673 - INFO - Вызвана главная страница
2024-10-26 19:43:34,211 - INFO - Вызвана главная страница
2024-10-26 19:43:41,495 - INFO - Вызвана главная страница
2024-10-26 19:43:42,008 - INFO - Вызвана главная страница
2024-10-26 19:44:29,091 - INFO - Вызвана главная страница
2024-10-26 19:44:29,826 - INFO - Вызвана главная страница
2024-10-26 19:44:59,653 - INFO - Вызвана главная страница
2024-10-26 19:45:00,162 - INFO - Вызвана главная страница
2024-10-26 19:46:03,828 - INFO - Вызвана главная страница
2024-10-26 19:46:04,433 - INFO - Вызвана главная страница
2024-10-26 19:47:51,847 - INFO - Вызвана главная страница
2024-10-26 19:47:52,518 - INFO - Вызвана главная страница
2024-10-26 19:48:35,625 - INFO - Вызвана главная страница
2024-10-26 19:48:35,961 - INFO - Вызвана главная страница
2024-10-26 19:48:36,362 - INFO - Вызвана главная страница
2024-10-26 19:48:36,889 - INFO - Вызвана главная страница
2024-10-26 19:48:50,181 - INFO - Вызвана главная страница
2024-10-26 19:48:50,493 - INFO - Вызвана главная страница
2024-10-26 19:48:50,950 - INFO - Вызвана главная страница
2024-10-26 19:48:51,600 - INFO - Вызвана главная страница
2024-10-26 19:48:52,069 - INFO - Вызвана главная страница
2024-10-26 19:49:07,660 - INFO - Вызвана главная страница
2024-10-26 19:49:08,043 - INFO - Вызвана главная страница
2024-10-26 19:49:08,467 - INFO - Вызвана главная страница
2024-10-26 19:49:09,266 - INFO - Вызвана главная страница
2024-10-26 19:49:09,794 - INFO - Вызвана главная страница
2024-10-26 19:50:00,172 - INFO - Вызвана главная страница
2024-10-26 19:50:00,762 - INFO - Вызвана главная страница
2024-10-26 19:50:20,963 - INFO - Вызвана главная страница
2024-10-26 19:50:21,534 - INFO - Вызвана главная страница
2024-10-26 19:50:43,961 - INFO - Вызвана главная страница
2024-10-26 19:51:16,433 - INFO - Вызвана главная страница
2024-10-26 19:51:18,116 - INFO - Вызвана главная страница
2024-10-26 19:51:20,915 - INFO - Вызвана главная страница
2024-10-26 19:51:31,424 - INFO - Вызвана главная страница
2024-10-26 19:51:32,739 - INFO - Вызвана главная страница
2024-10-26 19:51:33,322 - INFO - Вызвана главная страница
2024-10-26 19:51:38,147 - INFO - Вызвана главная страница
2024-10-26 19:51:45,548 - INFO - Вызвана главная страница
2024-10-26 19:51:45,807 - INFO - Вызвана главная страница
2024-10-26 19:51:54,775 - INFO - Вызвана главная страница
2024-10-26 19:51:55,164 - INFO - Вызвана главная страница
2024-10-26 19:51:55,631 - INFO - Вызвана главная страница
2024-10-26 19:51:55,971 - INFO - Вызвана главная страница
2024-10-26 19:52:31,780 - INFO - Вызвана главная страница
2024-10-26 19:52:32,477 - INFO - Вызвана главная страница
2024-10-26 19:52:53,940 - INFO - Вызвана главная страница
2024-10-26 19:53:01,270 - INFO - Вызвана главная страница
2024-10-26 19:53:06,618 - INFO - Вызвана главная страница
2024-10-26 19:53:08,646 - INFO - Вызвана главная страница
2024-10-26 19:53:09,360 - INFO - Вызвана главная страница
2024-10-26 19:53:34,564 - INFO - Вызвана главная страница
2024-10-26 19:53:35,180 - INFO - Вызвана главная страница
2024-10-26 19:53:36,853 - INFO - Вызвана главная страница
2024-10-26 19:53:38,097 - INFO - Вызвана главная страница
2024-10-26 19:55:25,795 - INFO - Вызвана главная страница
2024-10-26 19:55:45,401 - INFO - Вызвана главная страница
2024-10-26 19:55:49,419 - INFO - Вызвана главная страница
2024-10-26 19:56:09,000 - INFO - Вызвана главная страница
2024-10-26 19:56:11,816 - INFO - Вызвана главная страница
2024-10-26 19:56:23,098 - INFO - Вызвана главная страница
2024-10-26 19:56:35,986 - INFO - Вызвана главная страница
2024-10-26 19:56:36,969 - INFO - Вызвана главная страница
2024-10-26 19:56:44,748 - INFO - Вызвана главная страница
2024-10-26 19:56:47,080 - INFO - Вызвана главная страница
2024-10-26 19:56:51,703 - INFO - Вызвана главная страница
2024-10-26 19:56:52,006 - INFO - Вызвана главная страница
2024-10-26 19:56:52,404 - INFO - Вызвана главная страница
2024-10-26 19:57:10,977 - INFO - Вызвана главная страница
2024-10-26 19:57:20,366 - INFO - Вызвана главная страница
2024-10-26 19:57:20,966 - INFO - Вызвана главная страница
2024-10-26 19:57:25,258 - INFO - Вызвана главная страница
2024-10-26 19:57:25,742 - INFO - Вызвана главная страница
2024-10-26 19:57:26,180 - INFO - Вызвана главная страница
2024-10-26 19:57:26,495 - INFO - Вызвана главная страница
2024-10-26 19:57:26,939 - INFO - Вызвана главная страница
2024-10-26 19:57:56,638 - INFO - Вызвана главная страница
2024-10-26 19:57:57,237 - INFO - Вызвана главная страница
2024-10-26 19:58:02,773 - INFO - Вызвана главная страница
2024-10-26 19:58:04,899 - INFO - Вызвана главная страница
2024-10-26 19:58:05,695 - INFO - Вызвана главная страница
2024-10-26 19:58:08,515 - INFO - Вызвана главная страница
2024-10-26 19:58:22,941 - INFO - Вызвана главная страница
2024-10-26 19:58:25,788 - INFO - Вызвана главная страница
2024-10-26 19:58:25,845 - INFO - Вызвана главная страница
2024-10-26 19:58:26,207 - INFO - Вызвана главная страница
2024-10-26 19:58:26,622 - INFO - Вызвана главная страница
2024-10-26 19:58:37,542 - INFO - Вызвана главная страница
2024-10-26 19:58:38,074 - INFO - Вызвана главная страница
2024-10-26 19:58:53,969 - INFO - Вызвана главная страница
2024-10-26 19:58:57,671 - INFO - Вызвана главная страница
2024-10-26 19:59:11,801 - INFO - Вызвана главная страница
2024-10-26 19:59:12,379 - INFO - Вызвана главная страница
2024-10-26 19:59:29,622 - INFO - Вызвана главная страница
2024-10-26 19:59:30,148 - INFO - Вызвана главная страница
2024-10-26 20:00:13,466 - INFO - Вызвана главная страница
2024-10-26 20:00:14,131 - INFO - Вызвана главная страница
2024-10-26 20:00:37,551 - INFO - Вызвана главная страница
2024-10-26 20:00:38,285 - INFO - Вызвана главная страница
2024-10-26 20:01:35,609 - INFO - Вызвана главная страница
2024-10-26 20:01:45,300 - INFO - Вызвана главная страница
2024-10-26 20:01:45,848 - INFO - Вызвана главная страница
2024-10-26 20:03:47,188 - INFO - Вызвана главная страница
2024-10-26 20:03:47,832 - INFO - Вызвана главная страница
2024-10-26 20:04:24,974 - INFO - Вызвана главная страница
2024-10-26 20:04:25,649 - INFO - Вызвана главная страница
2024-10-26 20:04:26,221 - INFO - Вызвана главная страница
2024-10-26 20:04:38,980 - INFO - Вызвана главная страница
2024-10-26 20:04:39,901 - INFO - Вызвана главная страница
2024-10-26 20:05:16,908 - INFO - Вызвана главная страница
2024-10-26 20:05:17,649 - INFO - Вызвана главная страница
2024-10-26 20:05:39,562 - INFO - Вызвана главная страница
2024-10-26 20:05:40,102 - INFO - Вызвана главная страница
2024-10-26 20:05:40,436 - INFO - Вызвана главная страница
2024-10-26 20:05:46,321 - INFO - Вызвана главная страница
2024-10-26 20:05:46,831 - INFO - Вызвана главная страница
2024-10-26 20:05:47,172 - INFO - Вызвана главная страница
2024-10-26 20:05:55,172 - INFO - Вызвана главная страница
2024-10-26 20:05:55,712 - INFO - Вызвана главная страница
2024-10-26 20:05:55,972 - INFO - Вызвана главная страница
2024-10-26 20:06:57,486 - INFO - Вызвана главная страница
2024-10-26 20:08:22,078 - INFO - Вызвана главная страница
2024-10-26 20:09:00,841 - INFO - Вызвана главная страница
2024-10-26 20:09:04,578 - INFO - Вызвана главная страница
2024-10-26 20:09:07,294 - INFO - Вызвана главная страница
2024-10-26 20:09:09,880 - INFO - Вызвана главная страница
2024-10-26 20:09:17,415 - INFO - Вызвана главная страница
2024-10-26 20:09:20,973 - INFO - Вызвана главная страница
2024-10-26 20:09:34,267 - INFO - Вызвана главная страница
2024-10-26 20:09:35,023 - INFO - Вызвана главная страница
2024-10-26 20:09:35,553 - INFO - Вызвана главная страница
2024-10-26 20:09:37,587 - INFO - Вызвана главная страница
2024-10-26 20:09:40,233 - INFO - Вызвана главная страница
2024-10-26 20:09:41,128 - INFO - Вызвана главная страница
2024-10-26 20:09:47,052 - INFO - Вызвана главная страница
2024-10-26 20:09:47,684 - INFO - Вызвана главная страница
2024-10-26 20:09:51,083 - INFO - Вызвана главная страница
2024-10-26 20:10:00,404 - INFO - Вызвана главная страница
2024-10-26 20:10:33,943 - INFO - Вызвана главная страница
2024-10-26 20:10:34,559 - INFO - Вызвана главная страница
2024-10-26 20:11:43,331 - INFO - Вызвана главная страница
2024-10-26 20:11:44,092 - INFO - Вызвана главная страница
2024-10-26 20:12:58,960 - INFO - Вызвана главная страница
2024-10-26 20:12:59,654 - INFO - Вызвана главная страница
2024-10-26 20:14:41,874 - INFO - Вызвана главная страница
2024-10-26 20:14:42,354 - INFO - Вызвана главная страница
2024-10-26 20:15:08,517 - INFO - Вызвана главная страница
2024-10-26 20:15:09,014 - INFO - Вызвана главная страница
2024-10-26 20:15:43,566 - INFO - Вызвана главная страница
2024-10-26 20:16:03,434 - INFO - Вызвана главная страница
2024-10-26 20:16:40,894 - INFO - Вызвана главная страница
2024-10-26 20:16:41,708 - INFO - Вызвана главная страница
2024-10-26 20:16:44,201 - INFO - Вызвана главная страница
2024-10-26 20:16:49,894 - INFO - Вызвана главная страница
2024-10-26 20:16:57,549 - INFO - Вызвана главная страница
2024-10-26 20:16:58,099 - INFO - Вызвана главная страница
2024-10-26 20:17:01,797 - INFO - Вызвана главная страница
2024-10-26 20:17:10,067 - INFO - Вызвана главная страница
2024-10-26 20:17:52,564 - INFO - Вызвана главная страница
2024-10-26 20:17:53,198 - INFO - Вызвана главная страница
2024-10-26 20:17:54,215 - INFO - Вызвана главная страница
2024-10-26 20:17:56,268 - INFO - Вызвана главная страница
2024-10-26 20:17:56,876 - INFO - Вызвана главная страница
2024-10-26 20:18:06,815 - INFO - Вызвана главная страница
2024-10-26 20:19:41,102 - INFO - Вызвана главная страница
2024-10-26 20:19:43,673 - INFO - Вызвана главная страница
2024-10-26 20:19:44,177 - INFO - Вызвана главная страница
2024-10-26 20:19:50,703 - INFO - Вызвана главная страница
2024-10-26 20:19:57,287 - INFO - Вызвана главная страница
2024-10-26 20:20:03,812 - INFO - Вызвана главная страница
2024-10-26 20:20:04,347 - INFO - Вызвана главная страница
2024-10-26 20:21:09,066 - INFO - Вызвана главная страница
2024-10-26 20:26:09,477 - INFO - Вызвана главная страница
2024-10-26 20:27:44,334 - INFO - Вызвана главная страница
2024-10-26 20:27:44,991 - INFO - Вызвана главная страница
2024-10-26 20:27:45,842 - INFO - Вызвана главная страница
2024-10-26 20:27:46,484 - INFO - Вызвана главная страница
2024-10-26 20:27:47,050 - INFO - Вызвана главная страница
2024-10-26 20:28:03,469 - INFO - Вызвана главная страница
2024-10-26 20:28:04,073 - INFO - Вызвана главная страница
2024-10-26 20:28:14,222 - INFO - Вызвана главная страница
2024-10-26 20:28:14,630 - INFO - Вызвана главная страница
2024-10-26 20:28:15,076 - INFO - Вызвана главная страница
2024-10-26 20:28:20,130 - INFO - Вызвана главная страница
2024-10-26 20:28:28,199 - INFO - Вызвана главная страница
2024-10-26 20:28:36,795 - INFO - Вызвана главная страница
2024-10-26 20:28:41,894 - INFO - Вызвана главная страница
2024-10-26 20:28:42,196 - INFO - Вызвана главная страница
2024-10-26 20:28:54,994 - INFO - Вызвана главная страница
2024-10-26 20:29:01,292 - INFO - Вызвана главная страница
2024-10-26 20:29:05,254 - INFO - Вызвана главная страница
2024-10-26 20:29:07,255 - INFO - Вызвана главная страница
2024-10-26 20:29:07,816 - INFO - Вызвана главная страница
2024-10-26 20:29:15,333 - INFO - Вызвана главная страница
2024-10-26 20:29:29,283 - INFO - Вызвана главная страница
2024-10-26 20:29:32,877 - INFO - Вызвана главная страница
2024-10-26 20:29:36,294 - INFO - Вызвана главная страница
2024-10-26 20:29:43,254 - INFO - Вызвана главная страница
2024-10-26 20:29:54,693 - INFO - Вызвана главная страница
2024-10-26 20:30:00,946 - INFO - Вызвана главная страница
2024-10-26 20:30:06,611 - INFO - Вызвана главная страница
2024-10-26 20:30:12,192 - INFO - Вызвана главная страница
2024-10-26 20:30:20,465 - INFO - Вызвана главная страница
2024-10-26 20:30:22,717 - INFO - Вызвана главная страница
2024-10-26 20:30:39,331 - INFO - Вызвана главная страница
2024-10-26 20:30:51,817 - INFO - Вызвана главная страница
2024-10-26 20:31:01,784 - INFO - Вызвана главная страница
2024-10-26 20:31:04,014 - INFO - Вызвана главная страница
2024-10-26 20:31:59,082 - INFO - Вызвана главная страница
2024-10-26 20:31:59,656 - INFO - Вызвана главная страница
2024-10-26 20:32:09,324 - INFO - Вызвана главная страница
2024-10-26 20:32:32,446 - INFO - Вызвана главная страница
2024-10-26 20:32:33,026 - INFO - Вызвана главная страница
2024-10-26 20:32:36,968 - INFO - Вызвана главная страница
2024-10-26 20:32:42,284 - INFO - Вызвана главная страница
2024-10-26 20:32:42,841 - INFO - Вызвана главная страница
2024-10-26 20:33:04,196 - INFO - Вызвана главная страница
2024-10-26 20:33:04,717 - INFO - Вызвана главная страница
2024-10-26 20:33:23,877 - INFO - Вызвана главная страница
2024-10-26 20:33:32,068 - INFO - Вызвана главная страница
2024-10-26 20:33:32,450 - INFO - Вызвана главная страница
2024-10-26 20:33:50,270 - INFO - Вызвана главная страница
2024-10-26 20:33:50,792 - INFO - Вызвана главная страница
2024-10-26 20:33:58,761 - INFO - Вызвана главная страница
2024-10-26 20:33:59,305 - INFO - Вызвана главная страница
2024-10-26 20:34:14,624 - INFO - Вызвана главная страница
2024-10-26 20:34:15,200 - INFO - Вызвана главная страница
2024-10-26 20:34:21,365 - INFO - Вызвана главная страница
2024-10-26 20:34:21,807 - INFO - Вызвана главная страница
2024-10-26 20:34:32,261 - INFO - Вызвана главная страница
2024-10-26 20:34:32,737 - INFO - Вызвана главная страница
2024-10-26 20:35:19,482 - INFO - Вызвана главная страница
2024-10-26 20:35:20,077 - INFO - Вызвана главная страница
2024-10-26 20:35:25,941 - INFO - Вызвана главная страница
2024-10-26 20:35:26,710 - INFO - Вызвана главная страница
2024-10-26 20:36:45,042 - INFO - Вызвана главная страница
2024-10-26 20:37:06,026 - INFO - Вызвана главная страница
2024-10-26 20:37:06,519 - INFO - Вызвана главная страница
2024-10-26 20:37:32,086 - INFO - Вызвана главная страница
2024-10-26 20:37:32,699 - INFO - Вызвана главная страница
2024-10-26 20:37:42,277 - INFO - Вызвана главная страница
2024-10-26 20:37:42,762 - INFO - Вызвана главная страница
2024-10-26 20:37:53,587 - INFO - Вызвана главная страница
2024-10-26 20:37:54,086 - INFO - Вызвана главная страница
2024-10-26 20:38:05,014 - INFO - Вызвана главная страница
2024-10-26 20:38:05,439 - INFO - Вызвана главная страница
2024-10-26 20:38:27,747 - INFO - Вызвана главная страница
2024-10-26 20:38:28,902 - INFO - Вызвана главная страница
2024-10-26 20:38:29,747 - INFO - Вызвана главная страница
2024-10-26 20:38:46,018 - INFO - Вызвана главная страница
2024-10-26 20:38:46,491 - INFO - Вызвана главная страница
2024-10-26 20:38:55,940 - INFO - Вызвана главная страница
2024-10-26 20:38:56,445 - INFO - Вызвана главная страница
2024-10-26 20:39:00,684 - INFO - Вызвана главная страница
2024-10-26 20:39:01,158 - INFO - Вызвана главная страница
2024-10-26 20:39:09,089 - INFO - Вызвана главная страница
2024-10-26 20:39:09,583 - INFO - Вызвана главная страница
2024-10-26 20:39:17,015 - INFO - Вызвана главная страница
2024-10-26 20:39:18,067 - INFO - Вызвана главная страница
2024-10-26 20:39:37,949 - INFO - Вызвана главная страница
2024-10-26 20:39:38,380 - INFO - Вызвана главная страница
2024-10-26 20:39:48,926 - INFO - Вызвана главная страница
2024-10-26 20:39:49,462 - INFO - Вызвана главная страница
2024-10-26 20:39:52,950 - INFO - Вызвана главная страница
2024-10-26 20:40:29,277 - INFO - Вызвана главная страница
2024-10-26 20:41:03,418 - INFO - Вызвана главная страница
2024-10-26 20:41:03,891 - INFO - Вызвана главная страница
2024-10-26 20:41:26,632 - INFO - Вызвана главная страница
2024-10-26 20:41:27,109 - INFO - Вызвана главная страница
2024-10-26 20:44:14,079 - INFO - Вызвана главная страница
2024-10-26 20:44:14,612 - INFO - Вызвана главная страница
2024-10-26 20:45:09,429 - INFO - Вызвана главная страница
2024-10-26 20:45:10,840 - INFO - Вызвана главная страница
2024-10-26 20:45:11,706 - INFO - Вызвана главная страница
2024-10-26 20:47:49,137 - INFO - Вызвана главная страница
2024-10-26 20:48:16,329 - INFO - Вызвана главная страница
2024-10-26 20:48:17,327 - INFO - Вызвана главная страница
2024-10-26 20:49:39,882 - INFO - Вызвана главная страница
2024-10-26 21:18:14,958 - INFO - Вызвана главная страница
2024-10-26 21:18:20,106 - WARNING - Not Found: /favicon.ico
2024-10-26 21:20:20,348 - INFO - C:\Users\maksk\Desktop\lab5\rent_cars\users\forms.py changed, reloading.
2024-10-26 21:21:29,762 - INFO - C:\Users\maksk\Desktop\lab5\rent_cars\users\views.py changed, reloading.
2024-10-26 21:22:59,931 - INFO - Вызвана главная страница
2024-10-26 21:23:57,064 - INFO - Вызвана главная страница
2024-10-26 21:23:57,660 - INFO - Вызвана главная страница
2024-10-26 21:23:58,471 - INFO - Вызвана главная страница
2024-10-26 21:24:24,714 - INFO - Вызвана главная страница
2024-10-26 21:24:25,482 - INFO - Вызвана главная страница
2024-10-26 21:29:25,847 - INFO - Вызвана главная страница
2024-10-26 21:31:34,992 - INFO - Вызвана главная страница
2024-10-26 21:31:35,632 - INFO - Вызвана главная страница
2024-10-26 21:31:56,268 - INFO - Вызвана главная страница
2024-10-26 21:31:56,818 - INFO - Вызвана главная страница
2024-10-26 21:32:14,724 - INFO - Вызвана главная страница
2024-10-26 21:32:15,304 - INFO - Вызвана главная страница
2024-10-26 21:32:33,553 - INFO - Вызвана главная страница
2024-10-26 21:32:34,179 - INFO - Вызвана главная страница
2024-10-26 21:32:34,668 - INFO - Вызвана главная страница
2024-10-26 21:32:48,191 - INFO - Вызвана главная страница
2024-10-26 21:32:54,569 - INFO - Вызвана главная страница
2024-10-26 21:34:23,517 - INFO - Вызвана главная страница
2024-10-26 21:34:24,569 - INFO - Вызвана главная страница
2024-10-26 21:34:26,788 - INFO - Вызвана главная страница
2024-10-26 21:34:59,990 - INFO - Вызвана главная страница
2024-10-26 21:35:03,091 - INFO - Вызвана главная страница
2024-10-26 21:35:47,221 - INFO - Вызвана главная страница
2024-10-26 21:36:03,200 - INFO - Вызвана главная страница
2024-10-26 21:36:24,870 - INFO - Вызвана главная страница
2024-10-26 21:36:53,748 - INFO - Вызвана главная страница
2024-10-26 21:37:06,933 - INFO - Вызвана главная страница
2024-10-26 21:37:40,544 - INFO - Вызвана главная страница
2024-10-26 21:38:25,000 - INFO - Вызвана главная страница
2024-10-26 21:38:43,713 - WARNING - Not Found: /favicon.ico
2024-10-26 21:38:54,979 - INFO - C:\Users\maksk\Desktop\lab5\rent_cars\users\views.py changed, reloading.
2024-10-26 21:38:57,705 - INFO - Вызвана главная страница
2024-10-26 21:39:02,034 - INFO - Вызвана главная страница
2024-10-26 21:39:05,169 - INFO - Вызвана главная страница
2024-10-26 21:39:08,224 - INFO - Вызвана главная страница
2024-10-26 21:39:58,356 - INFO - Вызвана главная страница
2024-10-26 21:40:24,999 - INFO - C:\Users\maksk\Desktop\lab5\rent_cars\users\models.py changed, reloading.
2024-10-26 21:43:30,622 - INFO - C:\Users\maksk\Desktop\lab5\rent_cars\users\views.py changed, reloading.
2024-10-26 21:43:41,464 - INFO - C:\Users\maksk\Desktop\lab5\rent_cars\users\views.py changed, reloading.
2024-10-26 21:43:42,817 - INFO - Вызвана главная страница
2024-10-26 21:43:51,655 - INFO - Вызвана главная страница
2024-10-26 21:44:29,176 - INFO - Вызвана главная страница
2024-10-26 21:44:35,821 - INFO - Вызвана главная страница
2024-10-26 21:45:01,969 - INFO - Вызвана главная страница
2024-10-26 21:45:34,994 - INFO - Вызвана главная страница
2024-10-26 21:45:36,114 - INFO - Вызвана главная страница
2024-10-26 21:47:03,626 - INFO - Вызвана главная страница
2024-10-26 21:47:04,201 - INFO - Вызвана главная страница
2024-10-26 21:47:06,820 - INFO - Вызвана главная страница
2024-10-26 21:47:07,235 - INFO - Вызвана главная страница
2024-10-26 21:48:10,922 - INFO - C:\Users\maksk\Desktop\lab5\rent_cars\users\forms.py changed, reloading.
2024-10-26 21:48:12,375 - INFO - Вызвана главная страница
2024-10-26 21:48:22,161 - INFO - Вызвана главная страница
2024-10-26 21:48:38,436 - INFO - Вызвана главная страница
2024-10-26 21:48:52,073 - INFO - Вызвана главная страница
2024-10-26 21:49:11,981 - INFO - Вызвана главная страница
2024-10-26 21:54:12,167 - INFO - Вызвана главная страница
2024-10-26 21:59:12,453 - INFO - Вызвана главная страница
2024-10-26 22:04:12,700 - INFO - Вызвана главная страница
2024-10-26 22:09:13,024 - INFO - Вызвана главная страница
2024-10-27 12:56:30,583 - INFO - Вызвана главная страница
2024-10-27 13:15:41,830 - INFO - Вызвана страница фильтрации заказов
2024-10-27 13:16:32,819 - INFO - Вызвана страница фильтрации заказов
2024-10-27 13:16:33,333 - INFO - Вызвана страница фильтрации заказов
2024-10-27 13:21:01,743 - INFO - Вызвана главная страница
2024-10-27 14:03:44,952 - INFO - Вызвана главная страница
2024-10-27 16:24:53,983 - INFO - Вызвана главная страница
2024-10-27 16:29:34,133 - INFO - Вызвана главная страница
2024-10-27 16:29:34,715 - INFO - Вызвана главная страница
2024-10-27 16:31:04,130 - INFO - Вызвана главная страница
2024-10-27 16:31:21,100 - INFO - Вызвана главная страница
2024-10-27 16:31:28,066 - INFO - Вызвана главная страница
2024-10-27 16:31:29,258 - INFO - Вызвана главная страница
2024-10-27 16:31:30,729 - INFO - Вызвана главная страница
2024-10-27 16:31:31,644 - INFO - Вызвана главная страница
2024-10-27 16:31:43,156 - INFO - Вызвана главная страница
2024-10-27 16:31:44,173 - INFO - Вызвана главная страница
2024-10-27 16:31:45,658 - INFO - Вызвана главная страница
2024-10-27 16:31:47,545 - INFO - Вызвана главная страница
2024-10-27 16:33:22,255 - INFO - Вызвана главная страница
2024-10-27 16:33:23,404 - INFO - Вызвана главная страница
2024-10-27 16:33:23,784 - INFO - Вызвана главная страница
2024-10-27 16:33:24,916 - INFO - Вызвана главная страница
2024-10-27 16:34:49,246 - INFO - Вызвана главная страница
2024-10-27 16:34:50,228 - INFO - Вызвана главная страница
2024-10-27 16:34:50,712 - INFO - Вызвана главная страница
2024-10-27 16:34:51,121 - INFO - Вызвана главная страница
2024-10-27 16:34:51,639 - INFO - Вызвана главная страница
2024-10-27 16:34:52,368 - INFO - Вызвана главная страница
2024-10-27 16:34:52,696 - INFO - Вызвана главная страница
2024-10-27 16:34:52,841 - INFO - Вызвана главная страница
2024-10-27 16:34:53,024 - INFO - Вызвана главная страница
2024-10-27 16:34:53,182 - INFO - Вызвана главная страница
2024-10-27 16:34:53,353 - INFO - Вызвана главная страница
2024-10-27 16:34:53,931 - INFO - Вызвана главная страница
2024-10-27 16:34:54,770 - INFO - Вызвана главная страница
2024-10-27 16:34:55,462 - INFO - Вызвана главная страница
2024-10-27 16:39:02,252 - INFO - Вызвана главная страница
2024-10-27 16:39:03,049 - INFO - Вызвана главная страница
2024-10-27 16:39:30,102 - INFO - Вызвана главная страница
2024-10-27 16:40:47,005 - INFO - Вызвана главная страница
2024-10-27 16:44:39,388 - INFO - Вызвана главная страница
2024-10-27 16:45:24,170 - INFO - Вызвана главная страница
2024-10-27 16:45:48,805 - INFO - Вызвана главная страница
2024-10-27 16:45:50,914 - INFO - Вызвана главная страница
2024-10-27 16:45:51,357 - INFO - Вызвана главная страница
2024-10-27 16:46:15,899 - INFO - Вызвана главная страница
2024-10-27 16:46:55,074 - INFO - Вызвана главная страница
2024-10-27 16:47:03,348 - INFO - Вызвана главная страница
2024-10-27 16:47:38,245 - INFO - Вызвана главная страница
2024-10-27 16:47:44,067 - INFO - Вызвана главная страница
2024-10-27 16:48:19,443 - INFO - Вызвана главная страница
2024-10-27 16:48:26,659 - INFO - Вызвана главная страница
2024-10-27 16:53:26,921 - INFO - Вызвана главная страница
2024-10-27 16:58:27,204 - INFO - Вызвана главная страница
2024-10-27 17:03:27,464 - INFO - Вызвана главная страница
2024-10-27 17:08:27,713 - INFO - Вызвана главная страница
2024-10-27 17:13:27,948 - INFO - Вызвана главная страница
2024-10-27 17:18:28,315 - INFO - Вызвана главная страница
2024-10-27 17:23:28,559 - INFO - Вызвана главная страница
2024-10-27 17:28:28,830 - INFO - Вызвана главная страница
2024-10-27 17:32:41,778 - INFO - C:\Users\maksk\Desktop\lab5\rent_cars\portal\views.py changed, reloading.
2024-10-27 17:33:29,093 - INFO - Вызвана главная страница
2024-10-27 17:33:37,321 - INFO - C:\Users\maksk\Desktop\lab5\rent_cars\users\urls.py changed, reloading.
2024-10-27 17:34:10,859 - INFO - C:\Users\maksk\Desktop\lab5\rent_cars\portal\views.py changed, reloading.
2024-10-27 17:35:27,990 - INFO - C:\Users\maksk\Desktop\lab5\rent_cars\portal\views.py changed, reloading.
2024-10-27 17:37:02,293 - INFO - Вызвана главная страница
2024-10-27 17:37:07,344 - ERROR - Internal Server Error: /employee_list_table/
Traceback (most recent call last):
  File "C:\Users\maksk\AppData\Local\Packages\PythonSoftwareFoundation.Python.3.11_qbz5n2kfra8p0\LocalCache\local-packages\Python311\site-packages\django\core\handlers\exception.py", line 55, in inner
    response = get_response(request)
               ^^^^^^^^^^^^^^^^^^^^^
  File "C:\Users\maksk\AppData\Local\Packages\PythonSoftwareFoundation.Python.3.11_qbz5n2kfra8p0\LocalCache\local-packages\Python311\site-packages\django\core\handlers\base.py", line 197, in _get_response
    response = wrapped_callback(request, *callback_args, **callback_kwargs)
               ^^^^^^^^^^^^^^^^^^^^^^^^^^^^^^^^^^^^^^^^^^^^^^^^^^^^^^^^^^^^
  File "C:\Users\maksk\Desktop\lab5\rent_cars\portal\views.py", line 61, in employee_list_table
    return render(request, 'portal/employee_list_table.html',
          ^^^^^^^^^^^^^^^^^^^^^^^^^^^^^^^^^^^^^^^^^^^^^^^^^^
  File "C:\Users\maksk\AppData\Local\Packages\PythonSoftwareFoundation.Python.3.11_qbz5n2kfra8p0\LocalCache\local-packages\Python311\site-packages\django\shortcuts.py", line 25, in render
    content = loader.render_to_string(template_name, context, request, using=using)
              ^^^^^^^^^^^^^^^^^^^^^^^^^^^^^^^^^^^^^^^^^^^^^^^^^^^^^^^^^^^^^^^^^^^^^
  File "C:\Users\maksk\AppData\Local\Packages\PythonSoftwareFoundation.Python.3.11_qbz5n2kfra8p0\LocalCache\local-packages\Python311\site-packages\django\template\loader.py", line 61, in render_to_string
    template = get_template(template_name, using=using)
               ^^^^^^^^^^^^^^^^^^^^^^^^^^^^^^^^^^^^^^^^
  File "C:\Users\maksk\AppData\Local\Packages\PythonSoftwareFoundation.Python.3.11_qbz5n2kfra8p0\LocalCache\local-packages\Python311\site-packages\django\template\loader.py", line 15, in get_template
    return engine.get_template(template_name)
           ^^^^^^^^^^^^^^^^^^^^^^^^^^^^^^^^^^
  File "C:\Users\maksk\AppData\Local\Packages\PythonSoftwareFoundation.Python.3.11_qbz5n2kfra8p0\LocalCache\local-packages\Python311\site-packages\django\template\backends\django.py", line 79, in get_template
    return Template(self.engine.get_template(template_name), self)
                    ^^^^^^^^^^^^^^^^^^^^^^^^^^^^^^^^^^^^^^^
  File "C:\Users\maksk\AppData\Local\Packages\PythonSoftwareFoundation.Python.3.11_qbz5n2kfra8p0\LocalCache\local-packages\Python311\site-packages\django\template\engine.py", line 177, in get_template
    template, origin = self.find_template(template_name)
                       ^^^^^^^^^^^^^^^^^^^^^^^^^^^^^^^^^
  File "C:\Users\maksk\AppData\Local\Packages\PythonSoftwareFoundation.Python.3.11_qbz5n2kfra8p0\LocalCache\local-packages\Python311\site-packages\django\template\engine.py", line 159, in find_template
    template = loader.get_template(name, skip=skip)
               ^^^^^^^^^^^^^^^^^^^^^^^^^^^^^^^^^^^^
  File "C:\Users\maksk\AppData\Local\Packages\PythonSoftwareFoundation.Python.3.11_qbz5n2kfra8p0\LocalCache\local-packages\Python311\site-packages\django\template\loaders\cached.py", line 57, in get_template
    template = super().get_template(template_name, skip)
               ^^^^^^^^^^^^^^^^^^^^^^^^^^^^^^^^^^^^^^^^^
  File "C:\Users\maksk\AppData\Local\Packages\PythonSoftwareFoundation.Python.3.11_qbz5n2kfra8p0\LocalCache\local-packages\Python311\site-packages\django\template\loaders\base.py", line 28, in get_template
    return Template(
           ^^^^^^^^^
  File "C:\Users\maksk\AppData\Local\Packages\PythonSoftwareFoundation.Python.3.11_qbz5n2kfra8p0\LocalCache\local-packages\Python311\site-packages\django\template\base.py", line 154, in __init__
    self.nodelist = self.compile_nodelist()
                    ^^^^^^^^^^^^^^^^^^^^^^^
  File "C:\Users\maksk\AppData\Local\Packages\PythonSoftwareFoundation.Python.3.11_qbz5n2kfra8p0\LocalCache\local-packages\Python311\site-packages\django\template\base.py", line 196, in compile_nodelist
    nodelist = parser.parse()
               ^^^^^^^^^^^^^^
  File "C:\Users\maksk\AppData\Local\Packages\PythonSoftwareFoundation.Python.3.11_qbz5n2kfra8p0\LocalCache\local-packages\Python311\site-packages\django\template\base.py", line 518, in parse
    raise self.error(token, e)
  File "C:\Users\maksk\AppData\Local\Packages\PythonSoftwareFoundation.Python.3.11_qbz5n2kfra8p0\LocalCache\local-packages\Python311\site-packages\django\template\base.py", line 516, in parse
    compiled_result = compile_func(self, token)
                      ^^^^^^^^^^^^^^^^^^^^^^^^^
  File "C:\Users\maksk\AppData\Local\Packages\PythonSoftwareFoundation.Python.3.11_qbz5n2kfra8p0\LocalCache\local-packages\Python311\site-packages\django\template\loader_tags.py", line 295, in do_extends
    nodelist = parser.parse()
               ^^^^^^^^^^^^^^
  File "C:\Users\maksk\AppData\Local\Packages\PythonSoftwareFoundation.Python.3.11_qbz5n2kfra8p0\LocalCache\local-packages\Python311\site-packages\django\template\base.py", line 518, in parse
    raise self.error(token, e)
  File "C:\Users\maksk\AppData\Local\Packages\PythonSoftwareFoundation.Python.3.11_qbz5n2kfra8p0\LocalCache\local-packages\Python311\site-packages\django\template\base.py", line 516, in parse
    compiled_result = compile_func(self, token)
                      ^^^^^^^^^^^^^^^^^^^^^^^^^
  File "C:\Users\maksk\AppData\Local\Packages\PythonSoftwareFoundation.Python.3.11_qbz5n2kfra8p0\LocalCache\local-packages\Python311\site-packages\django\template\loader_tags.py", line 234, in do_block
    nodelist = parser.parse(("endblock",))
               ^^^^^^^^^^^^^^^^^^^^^^^^^^^
  File "C:\Users\maksk\AppData\Local\Packages\PythonSoftwareFoundation.Python.3.11_qbz5n2kfra8p0\LocalCache\local-packages\Python311\site-packages\django\template\base.py", line 523, in parse
    self.unclosed_block_tag(parse_until)
  File "C:\Users\maksk\AppData\Local\Packages\PythonSoftwareFoundation.Python.3.11_qbz5n2kfra8p0\LocalCache\local-packages\Python311\site-packages\django\template\base.py", line 586, in unclosed_block_tag
    raise self.error(token, msg)
django.template.exceptions.TemplateSyntaxError: Unclosed tag on line 1: 'block'. Looking for one of: endblock.
2024-10-27 17:37:07,468 - WARNING - Not Found: /favicon.ico
2024-10-27 17:37:18,270 - ERROR - Internal Server Error: /employee_list_table/
Traceback (most recent call last):
  File "C:\Users\maksk\AppData\Local\Packages\PythonSoftwareFoundation.Python.3.11_qbz5n2kfra8p0\LocalCache\local-packages\Python311\site-packages\django\template\backends\django.py", line 107, in render
    return self.template.render(context)
           ^^^^^^^^^^^^^^^^^^^^^^^^^^^^^
  File "C:\Users\maksk\AppData\Local\Packages\PythonSoftwareFoundation.Python.3.11_qbz5n2kfra8p0\LocalCache\local-packages\Python311\site-packages\django\template\base.py", line 171, in render
    return self._render(context)
           ^^^^^^^^^^^^^^^^^^^^^
  File "C:\Users\maksk\AppData\Local\Packages\PythonSoftwareFoundation.Python.3.11_qbz5n2kfra8p0\LocalCache\local-packages\Python311\site-packages\django\template\base.py", line 163, in _render
    return self.nodelist.render(context)
           ^^^^^^^^^^^^^^^^^^^^^^^^^^^^^
  File "C:\Users\maksk\AppData\Local\Packages\PythonSoftwareFoundation.Python.3.11_qbz5n2kfra8p0\LocalCache\local-packages\Python311\site-packages\django\template\base.py", line 1008, in render
    return SafeString("".join([node.render_annotated(context) for node in self]))
                              ^^^^^^^^^^^^^^^^^^^^^^^^^^^^^^^^^^^^^^^^^^^^^^^^^
  File "C:\Users\maksk\AppData\Local\Packages\PythonSoftwareFoundation.Python.3.11_qbz5n2kfra8p0\LocalCache\local-packages\Python311\site-packages\django\template\base.py", line 1008, in <listcomp>
    return SafeString("".join([node.render_annotated(context) for node in self]))
                               ^^^^^^^^^^^^^^^^^^^^^^^^^^^^^^
  File "C:\Users\maksk\AppData\Local\Packages\PythonSoftwareFoundation.Python.3.11_qbz5n2kfra8p0\LocalCache\local-packages\Python311\site-packages\django\template\base.py", line 969, in render_annotated
    return self.render(context)
           ^^^^^^^^^^^^^^^^^^^^
  File "C:\Users\maksk\AppData\Local\Packages\PythonSoftwareFoundation.Python.3.11_qbz5n2kfra8p0\LocalCache\local-packages\Python311\site-packages\django\template\loader_tags.py", line 134, in render
    compiled_parent = self.get_parent(context)
                      ^^^^^^^^^^^^^^^^^^^^^^^^
  File "C:\Users\maksk\AppData\Local\Packages\PythonSoftwareFoundation.Python.3.11_qbz5n2kfra8p0\LocalCache\local-packages\Python311\site-packages\django\template\loader_tags.py", line 131, in get_parent
    return self.find_template(parent, context)
           ^^^^^^^^^^^^^^^^^^^^^^^^^^^^^^^^^^^
  File "C:\Users\maksk\AppData\Local\Packages\PythonSoftwareFoundation.Python.3.11_qbz5n2kfra8p0\LocalCache\local-packages\Python311\site-packages\django\template\loader_tags.py", line 109, in find_template
    template, origin = context.template.engine.find_template(
                       ^^^^^^^^^^^^^^^^^^^^^^^^^^^^^^^^^^^^^^
  File "C:\Users\maksk\AppData\Local\Packages\PythonSoftwareFoundation.Python.3.11_qbz5n2kfra8p0\LocalCache\local-packages\Python311\site-packages\django\template\engine.py", line 163, in find_template
    raise TemplateDoesNotExist(name, tried=tried)
django.template.exceptions.TemplateDoesNotExist: base.html

The above exception was the direct cause of the following exception:

Traceback (most recent call last):
  File "C:\Users\maksk\AppData\Local\Packages\PythonSoftwareFoundation.Python.3.11_qbz5n2kfra8p0\LocalCache\local-packages\Python311\site-packages\django\core\handlers\exception.py", line 55, in inner
    response = get_response(request)
               ^^^^^^^^^^^^^^^^^^^^^
  File "C:\Users\maksk\AppData\Local\Packages\PythonSoftwareFoundation.Python.3.11_qbz5n2kfra8p0\LocalCache\local-packages\Python311\site-packages\django\core\handlers\base.py", line 197, in _get_response
    response = wrapped_callback(request, *callback_args, **callback_kwargs)
               ^^^^^^^^^^^^^^^^^^^^^^^^^^^^^^^^^^^^^^^^^^^^^^^^^^^^^^^^^^^^
  File "C:\Users\maksk\Desktop\lab5\rent_cars\portal\views.py", line 61, in employee_list_table
    return render(request, 'portal/employee_list_table.html',
          ^^^^^^^^^^^^^^^^^^^^^^^^^^^^^^^^^^^^^^^^^^^^^^^^^^
  File "C:\Users\maksk\AppData\Local\Packages\PythonSoftwareFoundation.Python.3.11_qbz5n2kfra8p0\LocalCache\local-packages\Python311\site-packages\django\shortcuts.py", line 25, in render
    content = loader.render_to_string(template_name, context, request, using=using)
              ^^^^^^^^^^^^^^^^^^^^^^^^^^^^^^^^^^^^^^^^^^^^^^^^^^^^^^^^^^^^^^^^^^^^^
  File "C:\Users\maksk\AppData\Local\Packages\PythonSoftwareFoundation.Python.3.11_qbz5n2kfra8p0\LocalCache\local-packages\Python311\site-packages\django\template\loader.py", line 62, in render_to_string
    return template.render(context, request)
           ^^^^^^^^^^^^^^^^^^^^^^^^^^^^^^^^^
  File "C:\Users\maksk\AppData\Local\Packages\PythonSoftwareFoundation.Python.3.11_qbz5n2kfra8p0\LocalCache\local-packages\Python311\site-packages\django\template\backends\django.py", line 109, in render
    reraise(exc, self.backend)
  File "C:\Users\maksk\AppData\Local\Packages\PythonSoftwareFoundation.Python.3.11_qbz5n2kfra8p0\LocalCache\local-packages\Python311\site-packages\django\template\backends\django.py", line 130, in reraise
    raise new from exc
django.template.exceptions.TemplateDoesNotExist: base.html
2024-10-27 17:37:49,293 - ERROR - Internal Server Error: /employee_list_table/
Traceback (most recent call last):
  File "C:\Users\maksk\AppData\Local\Packages\PythonSoftwareFoundation.Python.3.11_qbz5n2kfra8p0\LocalCache\local-packages\Python311\site-packages\django\template\backends\django.py", line 107, in render
    return self.template.render(context)
           ^^^^^^^^^^^^^^^^^^^^^^^^^^^^^
  File "C:\Users\maksk\AppData\Local\Packages\PythonSoftwareFoundation.Python.3.11_qbz5n2kfra8p0\LocalCache\local-packages\Python311\site-packages\django\template\base.py", line 171, in render
    return self._render(context)
           ^^^^^^^^^^^^^^^^^^^^^
  File "C:\Users\maksk\AppData\Local\Packages\PythonSoftwareFoundation.Python.3.11_qbz5n2kfra8p0\LocalCache\local-packages\Python311\site-packages\django\template\base.py", line 163, in _render
    return self.nodelist.render(context)
           ^^^^^^^^^^^^^^^^^^^^^^^^^^^^^
  File "C:\Users\maksk\AppData\Local\Packages\PythonSoftwareFoundation.Python.3.11_qbz5n2kfra8p0\LocalCache\local-packages\Python311\site-packages\django\template\base.py", line 1008, in render
    return SafeString("".join([node.render_annotated(context) for node in self]))
                              ^^^^^^^^^^^^^^^^^^^^^^^^^^^^^^^^^^^^^^^^^^^^^^^^^
  File "C:\Users\maksk\AppData\Local\Packages\PythonSoftwareFoundation.Python.3.11_qbz5n2kfra8p0\LocalCache\local-packages\Python311\site-packages\django\template\base.py", line 1008, in <listcomp>
    return SafeString("".join([node.render_annotated(context) for node in self]))
                               ^^^^^^^^^^^^^^^^^^^^^^^^^^^^^^
  File "C:\Users\maksk\AppData\Local\Packages\PythonSoftwareFoundation.Python.3.11_qbz5n2kfra8p0\LocalCache\local-packages\Python311\site-packages\django\template\base.py", line 969, in render_annotated
    return self.render(context)
           ^^^^^^^^^^^^^^^^^^^^
  File "C:\Users\maksk\AppData\Local\Packages\PythonSoftwareFoundation.Python.3.11_qbz5n2kfra8p0\LocalCache\local-packages\Python311\site-packages\django\template\loader_tags.py", line 134, in render
    compiled_parent = self.get_parent(context)
                      ^^^^^^^^^^^^^^^^^^^^^^^^
  File "C:\Users\maksk\AppData\Local\Packages\PythonSoftwareFoundation.Python.3.11_qbz5n2kfra8p0\LocalCache\local-packages\Python311\site-packages\django\template\loader_tags.py", line 131, in get_parent
    return self.find_template(parent, context)
           ^^^^^^^^^^^^^^^^^^^^^^^^^^^^^^^^^^^
  File "C:\Users\maksk\AppData\Local\Packages\PythonSoftwareFoundation.Python.3.11_qbz5n2kfra8p0\LocalCache\local-packages\Python311\site-packages\django\template\loader_tags.py", line 109, in find_template
    template, origin = context.template.engine.find_template(
                       ^^^^^^^^^^^^^^^^^^^^^^^^^^^^^^^^^^^^^^
  File "C:\Users\maksk\AppData\Local\Packages\PythonSoftwareFoundation.Python.3.11_qbz5n2kfra8p0\LocalCache\local-packages\Python311\site-packages\django\template\engine.py", line 163, in find_template
    raise TemplateDoesNotExist(name, tried=tried)
django.template.exceptions.TemplateDoesNotExist: base.html

The above exception was the direct cause of the following exception:

Traceback (most recent call last):
  File "C:\Users\maksk\AppData\Local\Packages\PythonSoftwareFoundation.Python.3.11_qbz5n2kfra8p0\LocalCache\local-packages\Python311\site-packages\django\core\handlers\exception.py", line 55, in inner
    response = get_response(request)
               ^^^^^^^^^^^^^^^^^^^^^
  File "C:\Users\maksk\AppData\Local\Packages\PythonSoftwareFoundation.Python.3.11_qbz5n2kfra8p0\LocalCache\local-packages\Python311\site-packages\django\core\handlers\base.py", line 197, in _get_response
    response = wrapped_callback(request, *callback_args, **callback_kwargs)
               ^^^^^^^^^^^^^^^^^^^^^^^^^^^^^^^^^^^^^^^^^^^^^^^^^^^^^^^^^^^^
  File "C:\Users\maksk\Desktop\lab5\rent_cars\portal\views.py", line 61, in employee_list_table
    return render(request, 'portal/employee_list_table.html',
          ^^^^^^^^^^^^^^^^^^^^^^^^^^^^^^^^^^^^^^^^^^^^^^^^^^
  File "C:\Users\maksk\AppData\Local\Packages\PythonSoftwareFoundation.Python.3.11_qbz5n2kfra8p0\LocalCache\local-packages\Python311\site-packages\django\shortcuts.py", line 25, in render
    content = loader.render_to_string(template_name, context, request, using=using)
              ^^^^^^^^^^^^^^^^^^^^^^^^^^^^^^^^^^^^^^^^^^^^^^^^^^^^^^^^^^^^^^^^^^^^^
  File "C:\Users\maksk\AppData\Local\Packages\PythonSoftwareFoundation.Python.3.11_qbz5n2kfra8p0\LocalCache\local-packages\Python311\site-packages\django\template\loader.py", line 62, in render_to_string
    return template.render(context, request)
           ^^^^^^^^^^^^^^^^^^^^^^^^^^^^^^^^^
  File "C:\Users\maksk\AppData\Local\Packages\PythonSoftwareFoundation.Python.3.11_qbz5n2kfra8p0\LocalCache\local-packages\Python311\site-packages\django\template\backends\django.py", line 109, in render
    reraise(exc, self.backend)
  File "C:\Users\maksk\AppData\Local\Packages\PythonSoftwareFoundation.Python.3.11_qbz5n2kfra8p0\LocalCache\local-packages\Python311\site-packages\django\template\backends\django.py", line 130, in reraise
    raise new from exc
django.template.exceptions.TemplateDoesNotExist: base.html
2024-10-27 17:37:49,876 - ERROR - Internal Server Error: /employee_list_table/
Traceback (most recent call last):
  File "C:\Users\maksk\AppData\Local\Packages\PythonSoftwareFoundation.Python.3.11_qbz5n2kfra8p0\LocalCache\local-packages\Python311\site-packages\django\template\backends\django.py", line 107, in render
    return self.template.render(context)
           ^^^^^^^^^^^^^^^^^^^^^^^^^^^^^
  File "C:\Users\maksk\AppData\Local\Packages\PythonSoftwareFoundation.Python.3.11_qbz5n2kfra8p0\LocalCache\local-packages\Python311\site-packages\django\template\base.py", line 171, in render
    return self._render(context)
           ^^^^^^^^^^^^^^^^^^^^^
  File "C:\Users\maksk\AppData\Local\Packages\PythonSoftwareFoundation.Python.3.11_qbz5n2kfra8p0\LocalCache\local-packages\Python311\site-packages\django\template\base.py", line 163, in _render
    return self.nodelist.render(context)
           ^^^^^^^^^^^^^^^^^^^^^^^^^^^^^
  File "C:\Users\maksk\AppData\Local\Packages\PythonSoftwareFoundation.Python.3.11_qbz5n2kfra8p0\LocalCache\local-packages\Python311\site-packages\django\template\base.py", line 1008, in render
    return SafeString("".join([node.render_annotated(context) for node in self]))
                              ^^^^^^^^^^^^^^^^^^^^^^^^^^^^^^^^^^^^^^^^^^^^^^^^^
  File "C:\Users\maksk\AppData\Local\Packages\PythonSoftwareFoundation.Python.3.11_qbz5n2kfra8p0\LocalCache\local-packages\Python311\site-packages\django\template\base.py", line 1008, in <listcomp>
    return SafeString("".join([node.render_annotated(context) for node in self]))
                               ^^^^^^^^^^^^^^^^^^^^^^^^^^^^^^
  File "C:\Users\maksk\AppData\Local\Packages\PythonSoftwareFoundation.Python.3.11_qbz5n2kfra8p0\LocalCache\local-packages\Python311\site-packages\django\template\base.py", line 969, in render_annotated
    return self.render(context)
           ^^^^^^^^^^^^^^^^^^^^
  File "C:\Users\maksk\AppData\Local\Packages\PythonSoftwareFoundation.Python.3.11_qbz5n2kfra8p0\LocalCache\local-packages\Python311\site-packages\django\template\loader_tags.py", line 134, in render
    compiled_parent = self.get_parent(context)
                      ^^^^^^^^^^^^^^^^^^^^^^^^
  File "C:\Users\maksk\AppData\Local\Packages\PythonSoftwareFoundation.Python.3.11_qbz5n2kfra8p0\LocalCache\local-packages\Python311\site-packages\django\template\loader_tags.py", line 131, in get_parent
    return self.find_template(parent, context)
           ^^^^^^^^^^^^^^^^^^^^^^^^^^^^^^^^^^^
  File "C:\Users\maksk\AppData\Local\Packages\PythonSoftwareFoundation.Python.3.11_qbz5n2kfra8p0\LocalCache\local-packages\Python311\site-packages\django\template\loader_tags.py", line 109, in find_template
    template, origin = context.template.engine.find_template(
                       ^^^^^^^^^^^^^^^^^^^^^^^^^^^^^^^^^^^^^^
  File "C:\Users\maksk\AppData\Local\Packages\PythonSoftwareFoundation.Python.3.11_qbz5n2kfra8p0\LocalCache\local-packages\Python311\site-packages\django\template\engine.py", line 163, in find_template
    raise TemplateDoesNotExist(name, tried=tried)
django.template.exceptions.TemplateDoesNotExist: base.html

The above exception was the direct cause of the following exception:

Traceback (most recent call last):
  File "C:\Users\maksk\AppData\Local\Packages\PythonSoftwareFoundation.Python.3.11_qbz5n2kfra8p0\LocalCache\local-packages\Python311\site-packages\django\core\handlers\exception.py", line 55, in inner
    response = get_response(request)
               ^^^^^^^^^^^^^^^^^^^^^
  File "C:\Users\maksk\AppData\Local\Packages\PythonSoftwareFoundation.Python.3.11_qbz5n2kfra8p0\LocalCache\local-packages\Python311\site-packages\django\core\handlers\base.py", line 197, in _get_response
    response = wrapped_callback(request, *callback_args, **callback_kwargs)
               ^^^^^^^^^^^^^^^^^^^^^^^^^^^^^^^^^^^^^^^^^^^^^^^^^^^^^^^^^^^^
  File "C:\Users\maksk\Desktop\lab5\rent_cars\portal\views.py", line 61, in employee_list_table
    return render(request, 'portal/employee_list_table.html',
          ^^^^^^^^^^^^^^^^^^^^^^^^^^^^^^^^^^^^^^^^^^^^^^^^^^
  File "C:\Users\maksk\AppData\Local\Packages\PythonSoftwareFoundation.Python.3.11_qbz5n2kfra8p0\LocalCache\local-packages\Python311\site-packages\django\shortcuts.py", line 25, in render
    content = loader.render_to_string(template_name, context, request, using=using)
              ^^^^^^^^^^^^^^^^^^^^^^^^^^^^^^^^^^^^^^^^^^^^^^^^^^^^^^^^^^^^^^^^^^^^^
  File "C:\Users\maksk\AppData\Local\Packages\PythonSoftwareFoundation.Python.3.11_qbz5n2kfra8p0\LocalCache\local-packages\Python311\site-packages\django\template\loader.py", line 62, in render_to_string
    return template.render(context, request)
           ^^^^^^^^^^^^^^^^^^^^^^^^^^^^^^^^^
  File "C:\Users\maksk\AppData\Local\Packages\PythonSoftwareFoundation.Python.3.11_qbz5n2kfra8p0\LocalCache\local-packages\Python311\site-packages\django\template\backends\django.py", line 109, in render
    reraise(exc, self.backend)
  File "C:\Users\maksk\AppData\Local\Packages\PythonSoftwareFoundation.Python.3.11_qbz5n2kfra8p0\LocalCache\local-packages\Python311\site-packages\django\template\backends\django.py", line 130, in reraise
    raise new from exc
django.template.exceptions.TemplateDoesNotExist: base.html
2024-10-27 17:37:50,510 - ERROR - Internal Server Error: /employee_list_table/
Traceback (most recent call last):
  File "C:\Users\maksk\AppData\Local\Packages\PythonSoftwareFoundation.Python.3.11_qbz5n2kfra8p0\LocalCache\local-packages\Python311\site-packages\django\template\backends\django.py", line 107, in render
    return self.template.render(context)
           ^^^^^^^^^^^^^^^^^^^^^^^^^^^^^
  File "C:\Users\maksk\AppData\Local\Packages\PythonSoftwareFoundation.Python.3.11_qbz5n2kfra8p0\LocalCache\local-packages\Python311\site-packages\django\template\base.py", line 171, in render
    return self._render(context)
           ^^^^^^^^^^^^^^^^^^^^^
  File "C:\Users\maksk\AppData\Local\Packages\PythonSoftwareFoundation.Python.3.11_qbz5n2kfra8p0\LocalCache\local-packages\Python311\site-packages\django\template\base.py", line 163, in _render
    return self.nodelist.render(context)
           ^^^^^^^^^^^^^^^^^^^^^^^^^^^^^
  File "C:\Users\maksk\AppData\Local\Packages\PythonSoftwareFoundation.Python.3.11_qbz5n2kfra8p0\LocalCache\local-packages\Python311\site-packages\django\template\base.py", line 1008, in render
    return SafeString("".join([node.render_annotated(context) for node in self]))
                              ^^^^^^^^^^^^^^^^^^^^^^^^^^^^^^^^^^^^^^^^^^^^^^^^^
  File "C:\Users\maksk\AppData\Local\Packages\PythonSoftwareFoundation.Python.3.11_qbz5n2kfra8p0\LocalCache\local-packages\Python311\site-packages\django\template\base.py", line 1008, in <listcomp>
    return SafeString("".join([node.render_annotated(context) for node in self]))
                               ^^^^^^^^^^^^^^^^^^^^^^^^^^^^^^
  File "C:\Users\maksk\AppData\Local\Packages\PythonSoftwareFoundation.Python.3.11_qbz5n2kfra8p0\LocalCache\local-packages\Python311\site-packages\django\template\base.py", line 969, in render_annotated
    return self.render(context)
           ^^^^^^^^^^^^^^^^^^^^
  File "C:\Users\maksk\AppData\Local\Packages\PythonSoftwareFoundation.Python.3.11_qbz5n2kfra8p0\LocalCache\local-packages\Python311\site-packages\django\template\loader_tags.py", line 134, in render
    compiled_parent = self.get_parent(context)
                      ^^^^^^^^^^^^^^^^^^^^^^^^
  File "C:\Users\maksk\AppData\Local\Packages\PythonSoftwareFoundation.Python.3.11_qbz5n2kfra8p0\LocalCache\local-packages\Python311\site-packages\django\template\loader_tags.py", line 131, in get_parent
    return self.find_template(parent, context)
           ^^^^^^^^^^^^^^^^^^^^^^^^^^^^^^^^^^^
  File "C:\Users\maksk\AppData\Local\Packages\PythonSoftwareFoundation.Python.3.11_qbz5n2kfra8p0\LocalCache\local-packages\Python311\site-packages\django\template\loader_tags.py", line 109, in find_template
    template, origin = context.template.engine.find_template(
                       ^^^^^^^^^^^^^^^^^^^^^^^^^^^^^^^^^^^^^^
  File "C:\Users\maksk\AppData\Local\Packages\PythonSoftwareFoundation.Python.3.11_qbz5n2kfra8p0\LocalCache\local-packages\Python311\site-packages\django\template\engine.py", line 163, in find_template
    raise TemplateDoesNotExist(name, tried=tried)
django.template.exceptions.TemplateDoesNotExist: base.html

The above exception was the direct cause of the following exception:

Traceback (most recent call last):
  File "C:\Users\maksk\AppData\Local\Packages\PythonSoftwareFoundation.Python.3.11_qbz5n2kfra8p0\LocalCache\local-packages\Python311\site-packages\django\core\handlers\exception.py", line 55, in inner
    response = get_response(request)
               ^^^^^^^^^^^^^^^^^^^^^
  File "C:\Users\maksk\AppData\Local\Packages\PythonSoftwareFoundation.Python.3.11_qbz5n2kfra8p0\LocalCache\local-packages\Python311\site-packages\django\core\handlers\base.py", line 197, in _get_response
    response = wrapped_callback(request, *callback_args, **callback_kwargs)
               ^^^^^^^^^^^^^^^^^^^^^^^^^^^^^^^^^^^^^^^^^^^^^^^^^^^^^^^^^^^^
  File "C:\Users\maksk\Desktop\lab5\rent_cars\portal\views.py", line 61, in employee_list_table
    return render(request, 'portal/employee_list_table.html',
          ^^^^^^^^^^^^^^^^^^^^^^^^^^^^^^^^^^^^^^^^^^^^^^^^^^
  File "C:\Users\maksk\AppData\Local\Packages\PythonSoftwareFoundation.Python.3.11_qbz5n2kfra8p0\LocalCache\local-packages\Python311\site-packages\django\shortcuts.py", line 25, in render
    content = loader.render_to_string(template_name, context, request, using=using)
              ^^^^^^^^^^^^^^^^^^^^^^^^^^^^^^^^^^^^^^^^^^^^^^^^^^^^^^^^^^^^^^^^^^^^^
  File "C:\Users\maksk\AppData\Local\Packages\PythonSoftwareFoundation.Python.3.11_qbz5n2kfra8p0\LocalCache\local-packages\Python311\site-packages\django\template\loader.py", line 62, in render_to_string
    return template.render(context, request)
           ^^^^^^^^^^^^^^^^^^^^^^^^^^^^^^^^^
  File "C:\Users\maksk\AppData\Local\Packages\PythonSoftwareFoundation.Python.3.11_qbz5n2kfra8p0\LocalCache\local-packages\Python311\site-packages\django\template\backends\django.py", line 109, in render
    reraise(exc, self.backend)
  File "C:\Users\maksk\AppData\Local\Packages\PythonSoftwareFoundation.Python.3.11_qbz5n2kfra8p0\LocalCache\local-packages\Python311\site-packages\django\template\backends\django.py", line 130, in reraise
    raise new from exc
django.template.exceptions.TemplateDoesNotExist: base.html
2024-10-27 17:37:50,589 - WARNING - Not Found: /favicon.ico
2024-10-27 17:51:32,253 - WARNING - Not Found: /favicon.ico
2024-10-27 18:34:55,965 - INFO - C:\Users\maksk\Desktop\lab5\rent_cars\users\urls.py changed, reloading.
2024-10-27 18:38:54,898 - INFO - C:\Users\maksk\Desktop\lab5\rent_cars\portal\views.py changed, reloading.
2024-10-27 18:41:00,954 - INFO - C:\Users\maksk\Desktop\lab5\rent_cars\users\urls.py changed, reloading.
2024-10-27 18:41:04,091 - INFO - Вызвана главная страница
2024-10-27 22:22:48,095 - INFO - Вызвана главная страница
2024-10-27 22:27:16,083 - INFO - Вызвана главная страница
2024-10-27 22:27:21,010 - INFO - Вызвана главная страница
2024-10-27 22:27:21,738 - INFO - Вызвана главная страница
2024-10-27 22:27:31,965 - INFO - Вызвана главная страница
2024-10-27 22:27:48,843 - INFO - Вызвана главная страница
2024-10-27 22:28:46,255 - INFO - Вызвана главная страница
2024-10-27 22:28:46,927 - INFO - Вызвана главная страница
2024-10-27 22:29:03,791 - INFO - Вызвана главная страница
2024-10-27 22:34:04,115 - INFO - Вызвана главная страница
2024-10-28 00:35:03,079 - INFO - Вызвана главная страница
2024-10-28 09:57:01,522 - INFO - Вызвана главная страница
2024-10-28 09:57:04,154 - INFO - Вызвана главная страница
2024-10-28 09:57:09,408 - INFO - Вызвана главная страница
2024-10-28 09:57:38,666 - INFO - Вызвана главная страница
2024-10-28 10:02:04,413 - INFO - Вызвана главная страница
2024-10-28 10:07:05,141 - INFO - Вызвана главная страница
2024-10-28 10:12:05,477 - INFO - Вызвана главная страница
2024-10-28 10:17:06,127 - INFO - Вызвана главная страница
2024-10-28 10:22:06,458 - INFO - Вызвана главная страница
2024-10-28 11:03:06,807 - INFO - Вызвана главная страница
2024-10-28 11:08:07,213 - INFO - Вызвана главная страница
2024-10-28 11:12:36,963 - INFO - Вызвана главная страница
2024-10-28 11:17:37,253 - INFO - Вызвана главная страница
2024-10-28 11:22:37,594 - INFO - Вызвана главная страница
2024-10-28 11:27:37,961 - INFO - Вызвана главная страница
2024-10-28 11:32:38,658 - INFO - Вызвана главная страница
2024-10-28 11:37:39,154 - INFO - Вызвана главная страница
2024-10-28 11:42:39,503 - INFO - Вызвана главная страница
2024-10-28 11:47:39,881 - INFO - Вызвана главная страница
2024-10-28 11:52:40,883 - INFO - Вызвана главная страница
2024-10-28 11:57:41,280 - INFO - Вызвана главная страница
2024-10-28 12:02:44,636 - INFO - Вызвана главная страница
2024-10-28 12:13:13,395 - INFO - Вызвана главная страница
2024-10-28 12:18:15,185 - INFO - Вызвана главная страница
2024-10-28 12:23:15,481 - INFO - Вызвана главная страница
2024-10-28 12:26:53,028 - INFO - C:\Users\maksk\Desktop\lab5\rent_cars\portal\views.py changed, reloading.
2024-10-28 12:28:12,093 - INFO - C:\Users\maksk\Desktop\lab5\rent_cars\portal\views.py changed, reloading.
2024-10-28 12:30:04,969 - INFO - C:\Users\maksk\Desktop\lab5\rent_cars\portal\views.py changed, reloading.
2024-10-28 12:30:34,201 - INFO - Вызвана главная страница
2024-10-28 12:30:35,350 - WARNING - Not Found: /favicon.ico
2024-10-28 12:33:55,504 - WARNING - Forbidden (CSRF token from the 'X-Csrftoken' HTTP header has incorrect length.): /add_employee/
2024-10-28 12:33:56,972 - WARNING - Forbidden (CSRF token from the 'X-Csrftoken' HTTP header has incorrect length.): /add_employee/
2024-10-28 12:33:57,616 - WARNING - Forbidden (CSRF token from the 'X-Csrftoken' HTTP header has incorrect length.): /add_employee/
2024-10-28 12:34:37,759 - WARNING - Forbidden (CSRF token from the 'X-Csrftoken' HTTP header has incorrect length.): /add_employee/
2024-10-28 12:38:46,940 - WARNING - Not Found: /favicon.ico
2024-10-28 12:39:49,929 - INFO - Вызвана главная страница
2024-10-28 12:41:02,445 - INFO - C:\Users\maksk\Desktop\lab5\rent_cars\portal\views.py changed, reloading.
2024-10-28 12:41:07,764 - INFO - C:\Users\maksk\Desktop\lab5\rent_cars\portal\views.py changed, reloading.
2024-10-28 12:41:19,511 - INFO - Вызвана главная страница
2024-10-28 12:45:38,662 - INFO - C:\Users\maksk\Desktop\lab5\rent_cars\portal\views.py changed, reloading.
2024-10-28 12:45:38,672 - INFO - C:\Users\maksk\Desktop\lab5\rent_cars\portal\views.py changed, reloading.
2024-10-28 12:48:53,755 - INFO - C:\Users\maksk\Desktop\lab5\rent_cars\portal\views.py changed, reloading.
2024-10-28 12:48:54,338 - INFO - C:\Users\maksk\Desktop\lab5\rent_cars\portal\views.py changed, reloading.
2024-10-28 12:49:28,924 - INFO - C:\Users\maksk\Desktop\lab5\rent_cars\portal\views.py changed, reloading.
2024-10-28 12:49:29,385 - INFO - C:\Users\maksk\Desktop\lab5\rent_cars\portal\views.py changed, reloading.
2024-10-28 12:49:53,328 - INFO - C:\Users\maksk\Desktop\lab5\rent_cars\portal\views.py changed, reloading.
2024-10-28 12:49:53,730 - INFO - C:\Users\maksk\Desktop\lab5\rent_cars\portal\views.py changed, reloading.
2024-10-28 12:52:19,395 - WARNING - Not Found: /favicon.ico
2024-10-28 12:56:18,568 - INFO - C:\Users\maksk\Desktop\lab5\rent_cars\portal\forms.py changed, reloading.
2024-10-28 12:56:19,243 - INFO - C:\Users\maksk\Desktop\lab5\rent_cars\portal\forms.py changed, reloading.
2024-10-28 12:57:12,320 - INFO - C:\Users\maksk\Desktop\lab5\rent_cars\portal\views.py changed, reloading.
2024-10-28 12:57:12,714 - INFO - C:\Users\maksk\Desktop\lab5\rent_cars\portal\views.py changed, reloading.
2024-10-28 12:58:17,188 - INFO - C:\Users\maksk\Desktop\lab5\rent_cars\users\urls.py changed, reloading.
2024-10-28 12:58:17,822 - INFO - C:\Users\maksk\Desktop\lab5\rent_cars\users\urls.py changed, reloading.
2024-10-28 12:59:34,054 - WARNING - Not Found: /favicon.ico
2024-10-28 13:04:01,677 - ERROR - Internal Server Error: /employee_list_table/
Traceback (most recent call last):
  File "C:\Users\maksk\AppData\Local\Packages\PythonSoftwareFoundation.Python.3.11_qbz5n2kfra8p0\LocalCache\local-packages\Python311\site-packages\django\template\base.py", line 883, in _resolve_lookup
    current = current[bit]
              ~~~~~~~^^^^^
TypeError: 'ImageFieldFile' object is not subscriptable

During handling of the above exception, another exception occurred:

Traceback (most recent call last):
  File "C:\Users\maksk\AppData\Local\Packages\PythonSoftwareFoundation.Python.3.11_qbz5n2kfra8p0\LocalCache\local-packages\Python311\site-packages\django\core\handlers\exception.py", line 55, in inner
    response = get_response(request)
               ^^^^^^^^^^^^^^^^^^^^^
  File "C:\Users\maksk\AppData\Local\Packages\PythonSoftwareFoundation.Python.3.11_qbz5n2kfra8p0\LocalCache\local-packages\Python311\site-packages\django\core\handlers\base.py", line 197, in _get_response
    response = wrapped_callback(request, *callback_args, **callback_kwargs)
               ^^^^^^^^^^^^^^^^^^^^^^^^^^^^^^^^^^^^^^^^^^^^^^^^^^^^^^^^^^^^
  File "C:\Users\maksk\Desktop\lab5\rent_cars\portal\views.py", line 74, in employee_list_table
    return render(request, 'portal/employee_list_table.html',
          ^^^^^^^^^^^^^^^^^^^^^^^^^^^^^^^^^^^^^^^^^^^^^^^^^^
  File "C:\Users\maksk\AppData\Local\Packages\PythonSoftwareFoundation.Python.3.11_qbz5n2kfra8p0\LocalCache\local-packages\Python311\site-packages\django\shortcuts.py", line 25, in render
    content = loader.render_to_string(template_name, context, request, using=using)
              ^^^^^^^^^^^^^^^^^^^^^^^^^^^^^^^^^^^^^^^^^^^^^^^^^^^^^^^^^^^^^^^^^^^^^
  File "C:\Users\maksk\AppData\Local\Packages\PythonSoftwareFoundation.Python.3.11_qbz5n2kfra8p0\LocalCache\local-packages\Python311\site-packages\django\template\loader.py", line 62, in render_to_string
    return template.render(context, request)
           ^^^^^^^^^^^^^^^^^^^^^^^^^^^^^^^^^
  File "C:\Users\maksk\AppData\Local\Packages\PythonSoftwareFoundation.Python.3.11_qbz5n2kfra8p0\LocalCache\local-packages\Python311\site-packages\django\template\backends\django.py", line 107, in render
    return self.template.render(context)
           ^^^^^^^^^^^^^^^^^^^^^^^^^^^^^
  File "C:\Users\maksk\AppData\Local\Packages\PythonSoftwareFoundation.Python.3.11_qbz5n2kfra8p0\LocalCache\local-packages\Python311\site-packages\django\template\base.py", line 171, in render
    return self._render(context)
           ^^^^^^^^^^^^^^^^^^^^^
  File "C:\Users\maksk\AppData\Local\Packages\PythonSoftwareFoundation.Python.3.11_qbz5n2kfra8p0\LocalCache\local-packages\Python311\site-packages\django\template\base.py", line 163, in _render
    return self.nodelist.render(context)
           ^^^^^^^^^^^^^^^^^^^^^^^^^^^^^
  File "C:\Users\maksk\AppData\Local\Packages\PythonSoftwareFoundation.Python.3.11_qbz5n2kfra8p0\LocalCache\local-packages\Python311\site-packages\django\template\base.py", line 1008, in render
    return SafeString("".join([node.render_annotated(context) for node in self]))
                              ^^^^^^^^^^^^^^^^^^^^^^^^^^^^^^^^^^^^^^^^^^^^^^^^^
  File "C:\Users\maksk\AppData\Local\Packages\PythonSoftwareFoundation.Python.3.11_qbz5n2kfra8p0\LocalCache\local-packages\Python311\site-packages\django\template\base.py", line 1008, in <listcomp>
    return SafeString("".join([node.render_annotated(context) for node in self]))
                               ^^^^^^^^^^^^^^^^^^^^^^^^^^^^^^
  File "C:\Users\maksk\AppData\Local\Packages\PythonSoftwareFoundation.Python.3.11_qbz5n2kfra8p0\LocalCache\local-packages\Python311\site-packages\django\template\base.py", line 969, in render_annotated
    return self.render(context)
           ^^^^^^^^^^^^^^^^^^^^
  File "C:\Users\maksk\AppData\Local\Packages\PythonSoftwareFoundation.Python.3.11_qbz5n2kfra8p0\LocalCache\local-packages\Python311\site-packages\django\template\loader_tags.py", line 159, in render
    return compiled_parent._render(context)
           ^^^^^^^^^^^^^^^^^^^^^^^^^^^^^^^^
  File "C:\Users\maksk\AppData\Local\Packages\PythonSoftwareFoundation.Python.3.11_qbz5n2kfra8p0\LocalCache\local-packages\Python311\site-packages\django\template\base.py", line 163, in _render
    return self.nodelist.render(context)
           ^^^^^^^^^^^^^^^^^^^^^^^^^^^^^
  File "C:\Users\maksk\AppData\Local\Packages\PythonSoftwareFoundation.Python.3.11_qbz5n2kfra8p0\LocalCache\local-packages\Python311\site-packages\django\template\base.py", line 1008, in render
    return SafeString("".join([node.render_annotated(context) for node in self]))
                              ^^^^^^^^^^^^^^^^^^^^^^^^^^^^^^^^^^^^^^^^^^^^^^^^^
  File "C:\Users\maksk\AppData\Local\Packages\PythonSoftwareFoundation.Python.3.11_qbz5n2kfra8p0\LocalCache\local-packages\Python311\site-packages\django\template\base.py", line 1008, in <listcomp>
    return SafeString("".join([node.render_annotated(context) for node in self]))
                               ^^^^^^^^^^^^^^^^^^^^^^^^^^^^^^
  File "C:\Users\maksk\AppData\Local\Packages\PythonSoftwareFoundation.Python.3.11_qbz5n2kfra8p0\LocalCache\local-packages\Python311\site-packages\django\template\base.py", line 969, in render_annotated
    return self.render(context)
           ^^^^^^^^^^^^^^^^^^^^
  File "C:\Users\maksk\AppData\Local\Packages\PythonSoftwareFoundation.Python.3.11_qbz5n2kfra8p0\LocalCache\local-packages\Python311\site-packages\django\template\loader_tags.py", line 65, in render
    result = block.nodelist.render(context)
             ^^^^^^^^^^^^^^^^^^^^^^^^^^^^^^
  File "C:\Users\maksk\AppData\Local\Packages\PythonSoftwareFoundation.Python.3.11_qbz5n2kfra8p0\LocalCache\local-packages\Python311\site-packages\django\template\base.py", line 1008, in render
    return SafeString("".join([node.render_annotated(context) for node in self]))
                              ^^^^^^^^^^^^^^^^^^^^^^^^^^^^^^^^^^^^^^^^^^^^^^^^^
  File "C:\Users\maksk\AppData\Local\Packages\PythonSoftwareFoundation.Python.3.11_qbz5n2kfra8p0\LocalCache\local-packages\Python311\site-packages\django\template\base.py", line 1008, in <listcomp>
    return SafeString("".join([node.render_annotated(context) for node in self]))
                               ^^^^^^^^^^^^^^^^^^^^^^^^^^^^^^
  File "C:\Users\maksk\AppData\Local\Packages\PythonSoftwareFoundation.Python.3.11_qbz5n2kfra8p0\LocalCache\local-packages\Python311\site-packages\django\template\base.py", line 969, in render_annotated
    return self.render(context)
           ^^^^^^^^^^^^^^^^^^^^
  File "C:\Users\maksk\AppData\Local\Packages\PythonSoftwareFoundation.Python.3.11_qbz5n2kfra8p0\LocalCache\local-packages\Python311\site-packages\django\template\defaulttags.py", line 243, in render
    nodelist.append(node.render_annotated(context))
                    ^^^^^^^^^^^^^^^^^^^^^^^^^^^^^^
  File "C:\Users\maksk\AppData\Local\Packages\PythonSoftwareFoundation.Python.3.11_qbz5n2kfra8p0\LocalCache\local-packages\Python311\site-packages\django\template\base.py", line 969, in render_annotated
    return self.render(context)
           ^^^^^^^^^^^^^^^^^^^^
  File "C:\Users\maksk\AppData\Local\Packages\PythonSoftwareFoundation.Python.3.11_qbz5n2kfra8p0\LocalCache\local-packages\Python311\site-packages\django\template\base.py", line 1067, in render
    output = self.filter_expression.resolve(context)
             ^^^^^^^^^^^^^^^^^^^^^^^^^^^^^^^^^^^^^^^
  File "C:\Users\maksk\AppData\Local\Packages\PythonSoftwareFoundation.Python.3.11_qbz5n2kfra8p0\LocalCache\local-packages\Python311\site-packages\django\template\base.py", line 718, in resolve
    obj = self.var.resolve(context)
          ^^^^^^^^^^^^^^^^^^^^^^^^^
  File "C:\Users\maksk\AppData\Local\Packages\PythonSoftwareFoundation.Python.3.11_qbz5n2kfra8p0\LocalCache\local-packages\Python311\site-packages\django\template\base.py", line 850, in resolve
    value = self._resolve_lookup(context)
            ^^^^^^^^^^^^^^^^^^^^^^^^^^^^^
  File "C:\Users\maksk\AppData\Local\Packages\PythonSoftwareFoundation.Python.3.11_qbz5n2kfra8p0\LocalCache\local-packages\Python311\site-packages\django\template\base.py", line 893, in _resolve_lookup
    current = getattr(current, bit)
              ^^^^^^^^^^^^^^^^^^^^^
  File "C:\Users\maksk\AppData\Local\Packages\PythonSoftwareFoundation.Python.3.11_qbz5n2kfra8p0\LocalCache\local-packages\Python311\site-packages\django\db\models\fields\files.py", line 69, in url
    self._require_file()
  File "C:\Users\maksk\AppData\Local\Packages\PythonSoftwareFoundation.Python.3.11_qbz5n2kfra8p0\LocalCache\local-packages\Python311\site-packages\django\db\models\fields\files.py", line 44, in _require_file
    raise ValueError(
ValueError: The 'photo' attribute has no file associated with it.
2024-10-28 13:04:01,793 - WARNING - Not Found: /favicon.ico
2024-10-28 13:04:12,804 - ERROR - Internal Server Error: /employee_list_table/
Traceback (most recent call last):
  File "C:\Users\maksk\AppData\Local\Packages\PythonSoftwareFoundation.Python.3.11_qbz5n2kfra8p0\LocalCache\local-packages\Python311\site-packages\django\template\base.py", line 883, in _resolve_lookup
    current = current[bit]
              ~~~~~~~^^^^^
TypeError: 'ImageFieldFile' object is not subscriptable

During handling of the above exception, another exception occurred:

Traceback (most recent call last):
  File "C:\Users\maksk\AppData\Local\Packages\PythonSoftwareFoundation.Python.3.11_qbz5n2kfra8p0\LocalCache\local-packages\Python311\site-packages\django\core\handlers\exception.py", line 55, in inner
    response = get_response(request)
               ^^^^^^^^^^^^^^^^^^^^^
  File "C:\Users\maksk\AppData\Local\Packages\PythonSoftwareFoundation.Python.3.11_qbz5n2kfra8p0\LocalCache\local-packages\Python311\site-packages\django\core\handlers\base.py", line 197, in _get_response
    response = wrapped_callback(request, *callback_args, **callback_kwargs)
               ^^^^^^^^^^^^^^^^^^^^^^^^^^^^^^^^^^^^^^^^^^^^^^^^^^^^^^^^^^^^
  File "C:\Users\maksk\Desktop\lab5\rent_cars\portal\views.py", line 74, in employee_list_table
    return render(request, 'portal/employee_list_table.html',
          ^^^^^^^^^^^^^^^^^^^^^^^^^^^^^^^^^^^^^^^^^^^^^^^^^^
  File "C:\Users\maksk\AppData\Local\Packages\PythonSoftwareFoundation.Python.3.11_qbz5n2kfra8p0\LocalCache\local-packages\Python311\site-packages\django\shortcuts.py", line 25, in render
    content = loader.render_to_string(template_name, context, request, using=using)
              ^^^^^^^^^^^^^^^^^^^^^^^^^^^^^^^^^^^^^^^^^^^^^^^^^^^^^^^^^^^^^^^^^^^^^
  File "C:\Users\maksk\AppData\Local\Packages\PythonSoftwareFoundation.Python.3.11_qbz5n2kfra8p0\LocalCache\local-packages\Python311\site-packages\django\template\loader.py", line 62, in render_to_string
    return template.render(context, request)
           ^^^^^^^^^^^^^^^^^^^^^^^^^^^^^^^^^
  File "C:\Users\maksk\AppData\Local\Packages\PythonSoftwareFoundation.Python.3.11_qbz5n2kfra8p0\LocalCache\local-packages\Python311\site-packages\django\template\backends\django.py", line 107, in render
    return self.template.render(context)
           ^^^^^^^^^^^^^^^^^^^^^^^^^^^^^
  File "C:\Users\maksk\AppData\Local\Packages\PythonSoftwareFoundation.Python.3.11_qbz5n2kfra8p0\LocalCache\local-packages\Python311\site-packages\django\template\base.py", line 171, in render
    return self._render(context)
           ^^^^^^^^^^^^^^^^^^^^^
  File "C:\Users\maksk\AppData\Local\Packages\PythonSoftwareFoundation.Python.3.11_qbz5n2kfra8p0\LocalCache\local-packages\Python311\site-packages\django\template\base.py", line 163, in _render
    return self.nodelist.render(context)
           ^^^^^^^^^^^^^^^^^^^^^^^^^^^^^
  File "C:\Users\maksk\AppData\Local\Packages\PythonSoftwareFoundation.Python.3.11_qbz5n2kfra8p0\LocalCache\local-packages\Python311\site-packages\django\template\base.py", line 1008, in render
    return SafeString("".join([node.render_annotated(context) for node in self]))
                              ^^^^^^^^^^^^^^^^^^^^^^^^^^^^^^^^^^^^^^^^^^^^^^^^^
  File "C:\Users\maksk\AppData\Local\Packages\PythonSoftwareFoundation.Python.3.11_qbz5n2kfra8p0\LocalCache\local-packages\Python311\site-packages\django\template\base.py", line 1008, in <listcomp>
    return SafeString("".join([node.render_annotated(context) for node in self]))
                               ^^^^^^^^^^^^^^^^^^^^^^^^^^^^^^
  File "C:\Users\maksk\AppData\Local\Packages\PythonSoftwareFoundation.Python.3.11_qbz5n2kfra8p0\LocalCache\local-packages\Python311\site-packages\django\template\base.py", line 969, in render_annotated
    return self.render(context)
           ^^^^^^^^^^^^^^^^^^^^
  File "C:\Users\maksk\AppData\Local\Packages\PythonSoftwareFoundation.Python.3.11_qbz5n2kfra8p0\LocalCache\local-packages\Python311\site-packages\django\template\loader_tags.py", line 159, in render
    return compiled_parent._render(context)
           ^^^^^^^^^^^^^^^^^^^^^^^^^^^^^^^^
  File "C:\Users\maksk\AppData\Local\Packages\PythonSoftwareFoundation.Python.3.11_qbz5n2kfra8p0\LocalCache\local-packages\Python311\site-packages\django\template\base.py", line 163, in _render
    return self.nodelist.render(context)
           ^^^^^^^^^^^^^^^^^^^^^^^^^^^^^
  File "C:\Users\maksk\AppData\Local\Packages\PythonSoftwareFoundation.Python.3.11_qbz5n2kfra8p0\LocalCache\local-packages\Python311\site-packages\django\template\base.py", line 1008, in render
    return SafeString("".join([node.render_annotated(context) for node in self]))
                              ^^^^^^^^^^^^^^^^^^^^^^^^^^^^^^^^^^^^^^^^^^^^^^^^^
  File "C:\Users\maksk\AppData\Local\Packages\PythonSoftwareFoundation.Python.3.11_qbz5n2kfra8p0\LocalCache\local-packages\Python311\site-packages\django\template\base.py", line 1008, in <listcomp>
    return SafeString("".join([node.render_annotated(context) for node in self]))
                               ^^^^^^^^^^^^^^^^^^^^^^^^^^^^^^
  File "C:\Users\maksk\AppData\Local\Packages\PythonSoftwareFoundation.Python.3.11_qbz5n2kfra8p0\LocalCache\local-packages\Python311\site-packages\django\template\base.py", line 969, in render_annotated
    return self.render(context)
           ^^^^^^^^^^^^^^^^^^^^
  File "C:\Users\maksk\AppData\Local\Packages\PythonSoftwareFoundation.Python.3.11_qbz5n2kfra8p0\LocalCache\local-packages\Python311\site-packages\django\template\loader_tags.py", line 65, in render
    result = block.nodelist.render(context)
             ^^^^^^^^^^^^^^^^^^^^^^^^^^^^^^
  File "C:\Users\maksk\AppData\Local\Packages\PythonSoftwareFoundation.Python.3.11_qbz5n2kfra8p0\LocalCache\local-packages\Python311\site-packages\django\template\base.py", line 1008, in render
    return SafeString("".join([node.render_annotated(context) for node in self]))
                              ^^^^^^^^^^^^^^^^^^^^^^^^^^^^^^^^^^^^^^^^^^^^^^^^^
  File "C:\Users\maksk\AppData\Local\Packages\PythonSoftwareFoundation.Python.3.11_qbz5n2kfra8p0\LocalCache\local-packages\Python311\site-packages\django\template\base.py", line 1008, in <listcomp>
    return SafeString("".join([node.render_annotated(context) for node in self]))
                               ^^^^^^^^^^^^^^^^^^^^^^^^^^^^^^
  File "C:\Users\maksk\AppData\Local\Packages\PythonSoftwareFoundation.Python.3.11_qbz5n2kfra8p0\LocalCache\local-packages\Python311\site-packages\django\template\base.py", line 969, in render_annotated
    return self.render(context)
           ^^^^^^^^^^^^^^^^^^^^
  File "C:\Users\maksk\AppData\Local\Packages\PythonSoftwareFoundation.Python.3.11_qbz5n2kfra8p0\LocalCache\local-packages\Python311\site-packages\django\template\defaulttags.py", line 243, in render
    nodelist.append(node.render_annotated(context))
                    ^^^^^^^^^^^^^^^^^^^^^^^^^^^^^^
  File "C:\Users\maksk\AppData\Local\Packages\PythonSoftwareFoundation.Python.3.11_qbz5n2kfra8p0\LocalCache\local-packages\Python311\site-packages\django\template\base.py", line 969, in render_annotated
    return self.render(context)
           ^^^^^^^^^^^^^^^^^^^^
  File "C:\Users\maksk\AppData\Local\Packages\PythonSoftwareFoundation.Python.3.11_qbz5n2kfra8p0\LocalCache\local-packages\Python311\site-packages\django\template\base.py", line 1067, in render
    output = self.filter_expression.resolve(context)
             ^^^^^^^^^^^^^^^^^^^^^^^^^^^^^^^^^^^^^^^
  File "C:\Users\maksk\AppData\Local\Packages\PythonSoftwareFoundation.Python.3.11_qbz5n2kfra8p0\LocalCache\local-packages\Python311\site-packages\django\template\base.py", line 718, in resolve
    obj = self.var.resolve(context)
          ^^^^^^^^^^^^^^^^^^^^^^^^^
  File "C:\Users\maksk\AppData\Local\Packages\PythonSoftwareFoundation.Python.3.11_qbz5n2kfra8p0\LocalCache\local-packages\Python311\site-packages\django\template\base.py", line 850, in resolve
    value = self._resolve_lookup(context)
            ^^^^^^^^^^^^^^^^^^^^^^^^^^^^^
  File "C:\Users\maksk\AppData\Local\Packages\PythonSoftwareFoundation.Python.3.11_qbz5n2kfra8p0\LocalCache\local-packages\Python311\site-packages\django\template\base.py", line 893, in _resolve_lookup
    current = getattr(current, bit)
              ^^^^^^^^^^^^^^^^^^^^^
  File "C:\Users\maksk\AppData\Local\Packages\PythonSoftwareFoundation.Python.3.11_qbz5n2kfra8p0\LocalCache\local-packages\Python311\site-packages\django\db\models\fields\files.py", line 69, in url
    self._require_file()
  File "C:\Users\maksk\AppData\Local\Packages\PythonSoftwareFoundation.Python.3.11_qbz5n2kfra8p0\LocalCache\local-packages\Python311\site-packages\django\db\models\fields\files.py", line 44, in _require_file
    raise ValueError(
ValueError: The 'photo' attribute has no file associated with it.
2024-10-28 14:37:35,323 - WARNING - Not Found: /favicon.ico
2024-10-28 14:38:14,715 - INFO - C:\Users\maksk\Desktop\lab5\rent_cars\portal\forms.py changed, reloading.
2024-10-28 14:52:09,722 - INFO - Вызвана страница фильтрации заказов
2024-10-28 15:06:38,217 - INFO - C:\Users\maksk\Desktop\lab5\rent_cars\portal\models.py changed, reloading.
2024-10-28 15:07:04,311 - WARNING - Not Found: /favicon.ico
2024-10-28 15:07:44,452 - INFO - C:\Users\maksk\Desktop\lab5\rent_cars\portal\forms.py changed, reloading.
2024-10-28 15:07:50,984 - INFO - C:\Users\maksk\Desktop\lab5\rent_cars\portal\forms.py changed, reloading.
2024-10-28 15:09:45,983 - INFO - C:\Users\maksk\Desktop\lab5\rent_cars\portal\models.py changed, reloading.
2024-10-28 18:36:25,612 - INFO - Вызвана главная страница
2024-10-28 18:41:20,995 - WARNING - Not Found: /favicon.ico
2024-10-28 22:02:21,312 - WARNING - Not Found: /favicon.ico
2024-10-28 22:33:50,341 - INFO - Вызвана главная страница
2024-10-28 22:34:31,510 - INFO - Вызвана главная страница
2024-10-28 22:34:46,429 - INFO - Вызвана главная страница
2024-10-28 22:34:47,919 - INFO - Вызвана главная страница
2024-10-28 22:36:19,357 - INFO - Вызвана главная страница
2024-10-28 22:36:34,980 - INFO - Вызвана главная страница
2024-10-28 22:36:35,645 - INFO - Вызвана главная страница
2024-10-28 22:36:36,398 - INFO - Вызвана главная страница
2024-10-28 22:36:42,744 - INFO - Вызвана главная страница
2024-10-28 22:36:43,597 - INFO - Вызвана главная страница
2024-10-28 22:36:44,207 - INFO - Вызвана главная страница
2024-10-28 22:36:57,756 - INFO - Вызвана главная страница
2024-10-28 22:36:58,515 - INFO - Вызвана главная страница
2024-10-28 22:40:29,366 - INFO - Вызвана главная страница
2024-10-28 22:40:33,987 - INFO - Вызвана главная страница
2024-10-28 22:40:34,501 - INFO - Вызвана главная страница
2024-10-28 22:42:18,152 - WARNING - Not Found: /favicon.ico
2024-10-28 22:59:50,557 - INFO - Вызвана главная страница
2024-10-28 22:59:52,772 - INFO - Вызвана главная страница
2024-10-28 22:59:54,251 - INFO - Вызвана главная страница
2024-10-28 23:02:00,227 - INFO - Вызвана главная страница
2024-10-28 23:02:07,567 - INFO - Вызвана главная страница
2024-10-28 23:02:14,685 - INFO - Вызвана главная страница
2024-10-28 23:03:20,061 - INFO - Вызвана главная страница
2024-10-28 23:03:20,946 - INFO - Вызвана главная страница
2024-10-28 23:03:33,213 - INFO - Вызвана главная страница
2024-10-28 23:03:39,816 - INFO - Вызвана главная страница
2024-10-28 23:03:40,478 - INFO - Вызвана главная страница
2024-10-28 23:03:40,783 - INFO - Вызвана главная страница
2024-10-28 23:03:47,704 - INFO - Вызвана главная страница
2024-10-28 23:03:48,458 - INFO - Вызвана главная страница
2024-10-28 23:04:04,501 - INFO - Вызвана главная страница
2024-10-28 23:04:04,861 - INFO - Вызвана главная страница
2024-10-28 23:04:14,271 - INFO - Вызвана главная страница
2024-10-28 23:04:15,894 - INFO - Вызвана главная страница
2024-10-28 23:04:15,927 - INFO - Вызвана главная страница
2024-10-28 23:04:25,594 - INFO - Вызвана главная страница
2024-10-28 23:05:09,011 - INFO - Вызвана главная страница
2024-10-28 23:05:12,387 - INFO - Вызвана главная страница
2024-10-28 23:05:14,174 - INFO - Вызвана главная страница
2024-10-28 23:05:18,293 - INFO - Вызвана главная страница
2024-10-28 23:05:20,076 - INFO - Вызвана главная страница
2024-10-28 23:05:21,946 - INFO - Вызвана главная страница
2024-10-28 23:05:24,544 - INFO - Вызвана главная страница
2024-10-28 23:05:27,369 - INFO - Вызвана страница всех бонусов
2024-10-28 23:05:28,177 - INFO - Вызвана главная страница
2024-10-28 23:05:31,187 - INFO - Вызвана главная страница
2024-10-28 23:05:32,176 - INFO - Вызвана главная страница
2024-10-28 23:05:48,723 - WARNING - Not Found: /favicon.ico
2024-10-28 23:05:51,677 - INFO - Вызвана главная страница
2024-10-28 23:06:03,753 - INFO - Вызвана главная страница
2024-10-28 23:07:48,213 - INFO - Вызвана главная страница
2024-10-28 23:07:56,482 - INFO - Вызвана главная страница
2024-10-28 23:07:57,481 - INFO - Вызвана главная страница
2024-10-28 23:07:57,705 - INFO - Вызвана главная страница
2024-10-28 23:08:16,765 - INFO - Вызвана главная страница
2024-10-28 23:08:43,674 - INFO - Вызвана главная страница
2024-10-28 23:08:44,443 - INFO - Вызвана главная страница
2024-10-28 23:08:56,684 - INFO - Вызвана главная страница
2024-10-28 23:09:37,202 - WARNING - Not Found: /favicon.ico
2024-10-28 23:10:45,964 - INFO - Вызвана главная страница
2024-10-28 23:10:58,535 - INFO - Вызвана главная страница
2024-10-28 23:11:00,340 - INFO - Вызвана главная страница
2024-10-28 23:11:01,121 - INFO - Вызвана главная страница
2024-10-28 23:11:05,401 - INFO - Вызвана главная страница
2024-10-28 23:11:13,131 - INFO - Вызвана главная страница
2024-10-28 23:11:14,034 - INFO - Вызвана главная страница
2024-10-28 23:11:17,385 - INFO - Вызвана главная страница
2024-10-28 23:11:25,438 - INFO - Вызвана главная страница
2024-10-28 23:11:35,883 - INFO - Вызвана главная страница
2024-10-28 23:12:03,595 - INFO - Вызвана главная страница
2024-10-28 23:12:15,564 - INFO - Вызвана главная страница
2024-10-28 23:13:17,522 - INFO - Вызвана главная страница
2024-10-28 23:13:18,692 - INFO - Вызвана главная страница
2024-10-28 23:13:20,115 - INFO - Вызвана главная страница
2024-10-28 23:13:20,638 - INFO - Вызвана главная страница
2024-10-28 23:13:20,931 - INFO - Вызвана главная страница
2024-10-28 23:13:21,171 - INFO - Вызвана главная страница
2024-10-28 23:13:21,436 - INFO - Вызвана главная страница
2024-10-28 23:13:21,634 - INFO - Вызвана главная страница
2024-10-28 23:13:21,837 - INFO - Вызвана главная страница
2024-10-28 23:13:22,021 - INFO - Вызвана главная страница
2024-10-28 23:14:37,440 - INFO - Вызвана главная страница
2024-10-28 23:15:17,474 - INFO - Вызвана главная страница
2024-10-28 23:15:18,148 - INFO - Вызвана главная страница
2024-10-28 23:15:21,416 - INFO - Вызвана главная страница
2024-10-28 23:15:24,962 - INFO - Вызвана главная страница
2024-10-28 23:15:40,090 - INFO - Вызвана главная страница
2024-10-28 23:15:43,477 - INFO - Вызвана главная страница
2024-10-28 23:16:25,058 - INFO - Вызвана главная страница
2024-10-28 23:16:26,626 - INFO - Вызвана главная страница
2024-10-28 23:17:23,346 - INFO - Вызвана главная страница
2024-10-28 23:17:29,808 - INFO - Вызвана главная страница
2024-10-28 23:17:30,358 - INFO - Вызвана главная страница
2024-10-28 23:17:39,410 - INFO - Вызвана главная страница
2024-10-28 23:18:20,834 - INFO - Вызвана главная страница
2024-10-28 23:18:21,804 - INFO - Вызвана главная страница
2024-10-28 23:18:23,318 - INFO - Вызвана главная страница
2024-10-28 23:18:27,722 - INFO - Вызвана главная страница
2024-10-28 23:18:29,962 - INFO - Вызвана главная страница
2024-10-28 23:18:33,375 - INFO - Вызвана главная страница
2024-10-28 23:18:34,086 - INFO - Вызвана главная страница
2024-10-28 23:18:38,140 - INFO - Вызвана главная страница
2024-10-28 23:18:38,950 - INFO - Вызвана главная страница
2024-10-28 23:18:46,448 - INFO - Вызвана главная страница
2024-10-28 23:18:47,270 - INFO - Вызвана главная страница
2024-10-28 23:18:56,234 - INFO - Вызвана главная страница
2024-10-28 23:18:56,770 - INFO - Вызвана главная страница
2024-10-28 23:18:57,127 - INFO - Вызвана главная страница
2024-10-28 23:18:57,819 - INFO - Вызвана главная страница
2024-10-28 23:19:49,226 - INFO - Вызвана главная страница
2024-10-28 23:20:00,381 - INFO - Вызвана главная страница
2024-10-28 23:20:01,931 - INFO - Вызвана главная страница
2024-10-28 23:20:05,818 - INFO - Вызвана главная страница
2024-10-28 23:20:07,238 - INFO - Вызвана страница фильтрации заказов
2024-10-28 23:20:09,765 - INFO - Вызвана страница всех бонусов
2024-10-28 23:20:10,821 - INFO - Вызвана страница всех бонусов
2024-10-28 23:20:12,314 - INFO - Вызвана страница всех бонусов
2024-10-28 23:20:19,072 - INFO - Вызвана страница фильтрации заказов
2024-10-28 23:20:19,715 - INFO - Вызвана страница списка людей
2024-10-28 23:20:21,003 - INFO - Вызвана страница анализа заказов
2024-10-28 23:20:27,332 - INFO - Вызвана страница анализа заказов
2024-10-28 23:20:30,998 - INFO - Вызвана страница анализа заказов
2024-10-28 23:20:37,123 - INFO - Вызвана главная страница
2024-10-29 09:48:40,253 - INFO - Вызвана главная страница
2024-10-29 09:48:41,021 - INFO - Вызвана главная страница
2024-10-29 09:48:42,422 - INFO - Вызвана главная страница
2024-10-29 09:48:44,453 - INFO - Вызвана главная страница
2024-10-29 09:48:45,052 - INFO - Вызвана главная страница
2024-10-29 09:48:45,432 - INFO - Вызвана главная страница
2024-10-29 09:48:45,765 - INFO - Вызвана главная страница
2024-10-29 09:48:46,670 - INFO - Вызвана главная страница
2024-10-29 09:48:49,202 - INFO - Вызвана страница фильтрации заказов
2024-10-29 09:48:53,917 - INFO - Вызвана страница всех бонусов
2024-10-29 09:49:13,529 - INFO - Вызвана страница всех бонусов
2024-10-29 09:49:14,743 - INFO - Вызвана главная страница
2024-10-29 09:49:15,962 - INFO - Вызвана главная страница
2024-10-29 09:49:17,866 - INFO - Вызвана главная страница
2024-10-29 09:50:17,841 - INFO - Вызвана главная страница
2024-10-29 09:50:50,951 - INFO - Вызвана главная страница
2024-10-29 09:50:52,134 - INFO - Вызвана главная страница
2024-10-29 09:50:53,659 - INFO - Вызвана главная страница
2024-10-29 09:50:55,196 - INFO - Вызвана главная страница
2024-10-29 09:50:57,153 - INFO - Вызвана страница фильтрации заказов
2024-10-29 09:50:58,110 - INFO - Вызвана страница списка людей
2024-10-29 09:50:59,178 - INFO - Вызвана страница фильтрации заказов
2024-10-29 09:51:00,153 - INFO - Вызвана страница анализа заказов
2024-10-29 09:51:00,478 - INFO - Вызвана страница анализа заказов
2024-10-29 09:51:15,936 - INFO - Вызвана главная страница
2024-10-29 09:52:33,385 - INFO - Вызвана главная страница
2024-10-29 09:52:39,223 - INFO - Вызвана главная страница
2024-10-29 09:52:40,075 - INFO - Вызвана главная страница
2024-10-29 09:52:45,432 - INFO - Вызвана главная страница
2024-10-29 09:53:01,560 - INFO - Вызвана главная страница
2024-10-29 09:53:08,006 - INFO - Вызвана главная страница
2024-10-29 09:55:03,360 - INFO - Вызвана главная страница
2024-10-29 09:55:13,689 - INFO - Вызвана главная страница
2024-10-29 09:55:14,874 - INFO - Вызвана главная страница
2024-10-29 09:56:19,644 - INFO - Вызвана главная страница
2024-10-29 09:56:23,751 - INFO - Вызвана главная страница
2024-10-29 09:56:33,105 - INFO - Вызвана главная страница
2024-10-29 09:56:47,575 - INFO - Вызвана главная страница
2024-10-29 09:56:48,536 - INFO - Вызвана главная страница
2024-10-29 09:56:48,992 - INFO - Вызвана главная страница
2024-10-29 09:56:50,049 - INFO - Вызвана главная страница
2024-10-29 09:56:54,663 - INFO - Вызвана главная страница
2024-10-29 09:57:04,766 - INFO - Вызвана главная страница
2024-10-29 09:57:05,101 - INFO - Вызвана главная страница
2024-10-29 09:57:06,086 - INFO - Вызвана главная страница
2024-10-29 09:57:07,862 - INFO - Вызвана главная страница
2024-10-29 09:57:24,394 - INFO - Вызвана главная страница
2024-10-29 09:57:25,360 - INFO - Вызвана главная страница
2024-10-29 09:57:33,373 - INFO - Вызвана главная страница
2024-10-29 09:57:34,225 - INFO - Вызвана главная страница
2024-10-29 09:57:35,088 - INFO - Вызвана главная страница
2024-10-29 09:57:41,989 - INFO - Вызвана главная страница
2024-10-29 09:57:42,863 - INFO - Вызвана главная страница
2024-10-29 09:57:43,359 - INFO - Вызвана главная страница
2024-10-29 09:57:43,997 - INFO - Вызвана главная страница
2024-10-29 09:57:48,431 - INFO - Вызвана главная страница
2024-10-29 09:57:57,897 - INFO - Вызвана главная страница
2024-10-29 09:58:01,987 - INFO - Вызвана главная страница
2024-10-29 09:58:25,233 - INFO - Вызвана главная страница
2024-10-29 09:58:37,102 - INFO - Вызвана главная страница
2024-10-29 09:58:55,727 - INFO - Вызвана главная страница
2024-10-29 09:59:00,305 - INFO - Вызвана главная страница
2024-10-29 09:59:01,172 - INFO - Вызвана главная страница
2024-10-29 09:59:01,930 - INFO - Вызвана главная страница
2024-10-29 09:59:13,562 - INFO - Вызвана главная страница
2024-10-29 09:59:28,255 - INFO - Вызвана главная страница
2024-10-29 09:59:32,733 - INFO - Вызвана главная страница
2024-10-29 09:59:34,276 - INFO - Вызвана главная страница
2024-10-29 09:59:35,621 - INFO - Вызвана главная страница
2024-10-29 09:59:36,144 - INFO - Вызвана главная страница
2024-10-29 09:59:36,502 - INFO - Вызвана главная страница
2024-10-29 09:59:36,702 - INFO - Вызвана главная страница
2024-10-29 09:59:37,008 - INFO - Вызвана главная страница
2024-10-29 09:59:45,671 - INFO - Вызвана главная страница
2024-10-29 09:59:46,346 - INFO - Вызвана главная страница
2024-10-29 09:59:46,832 - INFO - Вызвана главная страница
2024-10-29 09:59:54,612 - INFO - Вызвана главная страница
2024-10-29 09:59:59,976 - INFO - Вызвана главная страница
2024-10-29 10:00:06,077 - INFO - Вызвана главная страница
2024-10-29 10:00:06,906 - INFO - Вызвана главная страница
2024-10-29 10:00:08,021 - INFO - Вызвана главная страница
2024-10-29 10:00:08,713 - INFO - Вызвана главная страница
2024-10-29 10:00:09,069 - INFO - Вызвана главная страница
2024-10-29 10:00:20,073 - INFO - Вызвана главная страница
2024-10-29 10:00:24,619 - INFO - Вызвана главная страница
2024-10-29 10:00:26,394 - INFO - Вызвана главная страница
2024-10-29 10:00:27,603 - INFO - Вызвана главная страница
2024-10-29 10:00:37,031 - INFO - Вызвана главная страница
2024-10-29 10:00:37,824 - INFO - Вызвана главная страница
2024-10-29 10:00:41,469 - INFO - Вызвана главная страница
2024-10-29 10:00:46,017 - INFO - Вызвана главная страница
2024-10-29 10:00:46,917 - INFO - Вызвана главная страница
2024-10-29 10:00:54,046 - INFO - Вызвана главная страница
2024-10-29 10:00:56,244 - INFO - Вызвана главная страница
2024-10-29 10:00:59,989 - INFO - Вызвана главная страница
2024-10-29 10:01:10,960 - INFO - Вызвана главная страница
2024-10-29 10:01:15,154 - INFO - Вызвана страница всех бонусов
2024-10-29 10:03:02,394 - INFO - Вызвана главная страница
2024-10-29 10:05:16,139 - INFO - Вызвана главная страница
2024-10-29 10:05:59,890 - INFO - Вызвана главная страница
2024-10-29 10:06:00,930 - INFO - Вызвана главная страница
2024-10-29 10:06:03,926 - INFO - Вызвана главная страница
2024-10-29 10:06:04,438 - INFO - Вызвана главная страница
2024-10-29 10:06:49,427 - INFO - Вызвана главная страница
2024-10-29 10:06:51,450 - INFO - Вызвана главная страница
2024-10-29 10:06:52,126 - INFO - Вызвана главная страница
2024-10-29 10:06:56,891 - INFO - Вызвана главная страница
2024-10-29 10:06:57,565 - INFO - Вызвана главная страница
2024-10-29 10:06:58,622 - INFO - Вызвана главная страница
2024-10-29 10:07:03,321 - INFO - Вызвана главная страница
2024-10-29 10:07:08,060 - INFO - Вызвана страница фильтрации заказов
2024-10-29 10:07:18,793 - INFO - Вызвана страница фильтрации заказов
2024-10-29 10:07:42,500 - INFO - Вызвана главная страница
2024-10-29 10:08:02,736 - INFO - Вызвана главная страница
2024-10-29 10:08:08,921 - INFO - Вызвана главная страница
2024-10-29 10:08:09,892 - INFO - Вызвана главная страница
2024-10-29 10:08:24,430 - INFO - Вызвана главная страница
2024-10-29 10:08:25,158 - INFO - Вызвана главная страница
2024-10-29 10:08:31,624 - INFO - Вызвана главная страница
2024-10-29 10:08:39,192 - INFO - Вызвана главная страница
2024-10-29 10:08:44,228 - INFO - Вызвана главная страница
2024-10-29 10:08:51,420 - INFO - Вызвана главная страница
2024-10-29 10:09:01,916 - INFO - Вызвана главная страница
2024-10-29 10:09:22,353 - INFO - Вызвана главная страница
2024-10-29 10:09:27,419 - INFO - Вызвана главная страница
2024-10-29 10:09:37,287 - INFO - Вызвана главная страница
2024-10-29 10:09:40,855 - INFO - Вызвана главная страница
2024-10-29 10:10:08,439 - INFO - Вызвана главная страница
2024-10-29 10:10:15,366 - INFO - Вызвана главная страница
2024-10-29 10:10:18,918 - INFO - Вызвана главная страница
2024-10-29 10:10:20,347 - INFO - Вызвана главная страница
2024-10-29 10:10:24,218 - INFO - Вызвана главная страница
2024-10-29 10:10:35,263 - INFO - Вызвана главная страница
2024-10-29 10:10:37,203 - INFO - Вызвана главная страница
2024-10-29 10:10:37,915 - INFO - Вызвана главная страница
2024-10-29 10:10:44,080 - INFO - Вызвана главная страница
2024-10-29 10:13:02,989 - INFO - Вызвана главная страница
2024-10-29 10:15:46,334 - INFO - Вызвана главная страница
2024-10-29 10:18:05,293 - INFO - Вызвана главная страница
2024-10-29 10:20:46,674 - INFO - Вызвана главная страница
2024-10-29 10:25:46,908 - INFO - Вызвана главная страница
2024-10-29 21:45:40,856 - INFO - Вызвана главная страница
2024-10-29 22:54:19,498 - WARNING - Not Found: /favicon.ico
2024-10-29 22:56:35,591 - INFO - Вызвана главная страница
2024-10-30 20:50:56,915 - INFO - Вызвана главная страница
2024-10-30 20:55:54,107 - INFO - Вызвана главная страница
2024-10-30 20:56:04,785 - INFO - Вызвана главная страница
2024-10-30 20:56:09,389 - INFO - Вызвана главная страница
2024-10-30 20:57:05,077 - INFO - Вызвана главная страница
2024-10-30 20:57:18,341 - INFO - Вызвана главная страница
2024-10-30 20:57:20,209 - INFO - Вызвана главная страница
2024-10-30 20:57:29,709 - INFO - Вызвана главная страница
2024-10-30 20:57:40,974 - INFO - Вызвана главная страница
2024-10-30 20:57:51,813 - INFO - Вызвана главная страница
2024-10-30 20:58:21,716 - INFO - Вызвана главная страница
2024-10-30 20:58:27,965 - INFO - Вызвана главная страница
2024-10-30 20:58:36,620 - INFO - Вызвана главная страница
2024-10-30 20:58:55,607 - INFO - Вызвана главная страница
2024-10-30 21:20:48,514 - INFO - Вызвана главная страница
2024-10-30 21:21:04,671 - INFO - Вызвана страница списка людей
2024-10-30 21:21:06,757 - INFO - Вызвана страница фильтрации заказов
2024-10-30 21:24:47,331 - INFO - Вызвана главная страница
2024-10-30 22:31:54,952 - INFO - Вызвана главная страница
2024-10-30 22:32:39,738 - INFO - Вызвана главная страница
2024-10-30 22:32:47,021 - INFO - Вызвана главная страница
2024-10-30 22:32:59,123 - INFO - Вызвана главная страница
2024-10-30 22:33:40,028 - INFO - Вызвана главная страница
2024-10-30 22:33:40,731 - INFO - Вызвана главная страница
2024-10-30 22:33:57,591 - INFO - Вызвана главная страница
2024-10-30 22:34:51,556 - INFO - Вызвана главная страница
2024-10-30 22:34:52,922 - INFO - Вызвана главная страница
2024-10-30 22:35:23,979 - INFO - Вызвана главная страница
2024-10-30 22:39:05,136 - INFO - Вызвана главная страница
2024-10-30 22:39:16,160 - INFO - Вызвана главная страница
2024-10-30 22:39:51,931 - INFO - Вызвана главная страница
2024-10-30 22:40:05,425 - INFO - Вызвана главная страница
2024-10-30 22:40:24,766 - INFO - Вызвана главная страница
2024-10-30 22:42:56,441 - INFO - Вызвана главная страница
2024-10-30 22:43:29,871 - INFO - Вызвана главная страница
2024-10-30 22:47:34,312 - INFO - Вызвана главная страница
2024-10-30 22:49:30,026 - INFO - Вызвана главная страница
2024-10-30 22:52:16,413 - INFO - Вызвана главная страница
2024-10-30 22:52:50,196 - INFO - Вызвана главная страница
2024-10-30 22:54:16,457 - INFO - Вызвана главная страница
2024-10-30 22:54:43,254 - INFO - Вызвана главная страница
2024-10-31 10:59:51,807 - INFO - Вызвана главная страница
2024-10-31 11:00:07,049 - INFO - Вызвана главная страница
2024-10-31 11:01:30,122 - INFO - Вызвана главная страница
2024-10-31 11:02:08,761 - INFO - Вызвана главная страница
2024-10-31 11:07:32,388 - INFO - Вызвана главная страница
2024-10-31 11:07:53,431 - INFO - Вызвана главная страница
2024-10-31 11:08:08,186 - INFO - Вызвана главная страница
2024-10-31 11:08:13,772 - INFO - Вызвана главная страница
2024-10-31 11:08:16,985 - INFO - Вызвана главная страница
2024-10-31 11:09:03,564 - INFO - Вызвана главная страница
2024-10-31 11:09:31,651 - INFO - Вызвана главная страница
2024-10-31 11:13:23,702 - INFO - Вызвана главная страница
2024-10-31 11:13:27,316 - INFO - Вызвана главная страница
2024-10-31 11:14:09,902 - INFO - Вызвана главная страница
2024-10-31 11:14:56,798 - INFO - Вызвана главная страница
2024-10-31 11:16:44,369 - INFO - Вызвана главная страница
2024-10-31 11:22:25,068 - INFO - Вызвана главная страница
2024-10-31 11:26:28,065 - INFO - Вызвана главная страница
2024-10-31 11:27:11,395 - INFO - Вызвана главная страница
2024-10-31 11:27:33,739 - INFO - Вызвана главная страница
2024-10-31 11:28:05,625 - INFO - Вызвана главная страница
2024-10-31 11:29:02,557 - INFO - Вызвана главная страница
2024-10-31 11:29:05,586 - INFO - Вызвана главная страница
2024-10-31 11:29:25,880 - INFO - Вызвана главная страница
2024-10-31 11:31:06,098 - INFO - Вызвана главная страница
2024-10-31 12:34:20,285 - WARNING - Not Found: /favicon.ico
2024-10-31 12:34:22,941 - INFO - Вызвана главная страница
2024-10-31 12:34:50,699 - INFO - Вызвана главная страница
2024-10-31 12:36:38,419 - INFO - Вызвана главная страница
2024-10-31 12:37:09,490 - INFO - Вызвана главная страница
2024-10-31 13:36:21,592 - INFO - Вызвана главная страница
2024-10-31 13:38:09,988 - INFO - Вызвана главная страница
2024-10-31 13:39:39,012 - INFO - Вызвана главная страница
2024-10-31 13:40:18,762 - INFO - Вызвана главная страница
2024-10-31 13:40:34,704 - INFO - Вызвана главная страница
2024-10-31 13:40:39,003 - INFO - Вызвана главная страница
2024-10-31 13:40:54,899 - INFO - Вызвана главная страница
2024-10-31 13:41:02,180 - INFO - Вызвана главная страница
2024-10-31 13:41:33,677 - INFO - Вызвана главная страница
2024-10-31 13:41:34,856 - INFO - Вызвана главная страница
2024-10-31 13:41:46,350 - INFO - Вызвана главная страница
2024-10-31 13:41:53,946 - INFO - Вызвана главная страница
2024-10-31 13:41:59,350 - INFO - Вызвана главная страница
2024-10-31 13:42:05,019 - INFO - Вызвана главная страница
2024-10-31 13:42:55,210 - INFO - Вызвана главная страница
2024-10-31 13:44:21,977 - INFO - Вызвана главная страница
2024-10-31 13:45:20,815 - INFO - Вызвана главная страница
2024-10-31 14:33:59,685 - INFO - Вызвана главная страница
2024-10-31 14:34:36,898 - INFO - Вызвана главная страница
2024-10-31 14:34:47,510 - INFO - Вызвана главная страница
2024-10-31 14:34:50,144 - INFO - Вызвана главная страница
2024-10-31 14:35:08,894 - INFO - Вызвана главная страница
2024-10-31 14:35:48,568 - INFO - Вызвана главная страница
2024-10-31 14:37:20,866 - INFO - Вызвана главная страница
2024-11-02 14:05:23,578 - INFO - Вызвана главная страница
2024-11-02 14:05:23,809 - WARNING - Not Found: /car-image.png
2024-11-02 14:07:15,649 - INFO - Вызвана главная страница
2024-11-02 14:07:40,986 - INFO - Вызвана главная страница
2024-11-02 14:09:03,117 - INFO - Вызвана главная страница
2024-11-02 14:11:34,857 - INFO - Вызвана главная страница
2024-11-02 14:12:43,909 - INFO - Вызвана главная страница
2024-11-02 14:12:51,135 - INFO - Вызвана главная страница
2024-11-02 14:13:00,263 - INFO - Вызвана главная страница
2024-11-02 14:13:07,005 - INFO - Вызвана главная страница
2024-11-02 14:13:11,810 - INFO - Вызвана главная страница
2024-11-02 14:14:24,493 - INFO - Вызвана главная страница
2024-11-02 14:14:37,095 - INFO - Вызвана главная страница
2024-11-02 14:14:43,963 - INFO - Вызвана главная страница
2024-11-02 14:14:55,674 - INFO - Вызвана главная страница
2024-11-02 14:15:08,450 - INFO - Вызвана главная страница
2024-11-02 14:15:18,229 - INFO - Вызвана главная страница
2024-11-02 14:15:27,095 - INFO - Вызвана главная страница
2024-11-02 14:15:40,884 - INFO - Вызвана главная страница
2024-11-02 14:15:46,501 - INFO - Вызвана главная страница
2024-11-02 14:17:46,653 - INFO - Вызвана главная страница
2024-11-02 14:18:10,985 - INFO - Вызвана главная страница
2024-11-02 14:18:39,902 - INFO - Вызвана главная страница
2024-11-02 14:18:50,314 - INFO - Вызвана главная страница
2024-11-02 14:18:52,509 - INFO - Вызвана главная страница
2024-11-02 14:19:48,329 - INFO - Вызвана главная страница
2024-11-02 14:20:10,745 - INFO - Вызвана главная страница
2024-11-02 14:20:13,088 - INFO - Вызвана главная страница
2024-11-02 14:20:14,595 - INFO - Вызвана главная страница
2024-11-02 14:20:20,955 - INFO - Вызвана главная страница
2024-11-02 14:20:22,975 - INFO - Вызвана главная страница
2024-11-02 14:20:34,730 - INFO - Вызвана главная страница
2024-11-02 14:20:49,477 - INFO - Вызвана главная страница
2024-11-02 14:21:04,265 - INFO - Вызвана главная страница
2024-11-02 14:21:10,416 - INFO - Вызвана главная страница
2024-11-02 14:21:24,486 - INFO - Вызвана главная страница
2024-11-02 14:21:28,293 - INFO - Вызвана главная страница
2024-11-02 14:21:34,506 - INFO - Вызвана главная страница
2024-11-02 14:21:48,797 - INFO - Вызвана главная страница
2024-11-02 14:21:55,375 - INFO - Вызвана главная страница
2024-11-02 14:22:12,970 - INFO - Вызвана главная страница
2024-11-02 14:22:20,140 - INFO - Вызвана главная страница
2024-11-02 14:22:27,853 - INFO - Вызвана главная страница
2024-11-02 14:22:35,765 - INFO - Вызвана главная страница
2024-11-02 14:22:52,706 - INFO - Вызвана главная страница
2024-11-02 14:22:59,659 - INFO - Вызвана главная страница
2024-11-02 14:23:01,337 - INFO - Вызвана главная страница
2024-11-02 14:23:48,673 - INFO - Вызвана главная страница
2024-11-02 14:23:59,271 - INFO - Вызвана главная страница
2024-11-02 14:24:04,662 - INFO - Вызвана главная страница
2024-11-02 14:24:07,579 - INFO - Вызвана главная страница
2024-11-02 14:24:15,343 - INFO - Вызвана главная страница
2024-11-02 14:24:23,913 - INFO - Вызвана главная страница
2024-11-02 14:24:29,856 - INFO - Вызвана главная страница
2024-11-02 14:24:32,850 - INFO - Вызвана главная страница
2024-11-02 14:24:39,625 - INFO - Вызвана главная страница
2024-11-02 14:24:47,565 - INFO - Вызвана главная страница
2024-11-02 14:24:52,610 - INFO - Вызвана главная страница
2024-11-02 14:25:00,012 - INFO - Вызвана главная страница
2024-11-02 14:25:30,878 - INFO - Вызвана главная страница
2024-11-02 14:34:34,517 - INFO - Вызвана главная страница
2024-11-02 14:39:36,242 - INFO - Вызвана главная страница
2024-11-02 14:44:37,056 - INFO - Вызвана главная страница
2024-11-02 14:49:37,385 - INFO - Вызвана главная страница
2024-11-02 14:54:37,776 - INFO - Вызвана главная страница
2024-11-02 14:59:38,165 - INFO - Вызвана главная страница
2024-11-02 15:04:39,214 - INFO - Вызвана главная страница
2024-11-02 15:09:39,606 - INFO - Вызвана главная страница
2024-11-02 16:33:06,281 - INFO - Вызвана главная страница
2024-11-02 16:34:16,482 - INFO - Вызвана главная страница
2024-11-02 16:34:29,289 - INFO - Вызвана главная страница
2024-11-02 16:34:34,628 - INFO - Вызвана главная страница
2024-11-02 16:34:42,531 - INFO - Вызвана главная страница
2024-11-02 16:34:54,309 - INFO - Вызвана главная страница
2024-11-02 16:35:11,631 - INFO - Вызвана главная страница
2024-11-02 16:35:16,742 - INFO - Вызвана главная страница
2024-11-02 16:38:24,659 - INFO - Вызвана главная страница
2024-11-02 16:38:48,752 - INFO - Вызвана главная страница
2024-11-02 16:39:47,682 - INFO - Вызвана главная страница
2024-11-02 16:40:05,708 - INFO - Вызвана главная страница
2024-11-02 16:40:22,724 - INFO - Вызвана главная страница
2024-11-02 16:40:32,765 - INFO - Вызвана главная страница
2024-11-02 16:40:41,414 - INFO - Вызвана главная страница
2024-11-02 16:40:57,537 - INFO - Вызвана главная страница
2024-11-02 16:42:02,240 - INFO - Вызвана главная страница
2024-11-02 16:43:20,155 - INFO - Вызвана главная страница
2024-11-02 16:43:59,171 - INFO - Вызвана главная страница
2024-11-02 16:44:15,164 - INFO - Вызвана главная страница
2024-11-02 16:49:15,752 - INFO - Вызвана главная страница
2024-11-02 16:52:11,325 - INFO - Вызвана главная страница
2024-11-02 16:52:22,475 - INFO - Вызвана главная страница
2024-11-02 16:52:28,116 - INFO - Вызвана главная страница
2024-11-02 16:52:50,932 - INFO - Вызвана главная страница
2024-11-02 16:53:03,933 - INFO - Вызвана главная страница
2024-11-02 16:53:12,237 - INFO - Вызвана главная страница
2024-11-02 16:53:32,716 - INFO - Вызвана главная страница
2024-11-02 16:53:42,678 - INFO - Вызвана главная страница
2024-11-02 16:53:52,344 - INFO - Вызвана главная страница
2024-11-02 16:54:05,092 - INFO - Вызвана главная страница
2024-11-02 16:54:33,731 - INFO - Вызвана главная страница
2024-11-02 16:54:44,241 - INFO - Вызвана главная страница
2024-11-02 16:55:04,153 - INFO - Вызвана главная страница
2024-11-02 16:55:23,263 - INFO - Вызвана главная страница
2024-11-02 16:55:30,390 - INFO - Вызвана главная страница
2024-11-02 16:55:39,889 - INFO - Вызвана главная страница
2024-11-02 16:56:45,512 - INFO - Вызвана главная страница
2024-11-02 16:57:03,625 - INFO - Вызвана главная страница
2024-11-02 16:59:06,298 - INFO - Вызвана главная страница
2024-11-02 16:59:11,854 - INFO - Вызвана главная страница
2024-11-02 16:59:59,651 - INFO - Вызвана главная страница
2024-11-02 17:01:37,269 - INFO - Вызвана главная страница
2024-11-02 17:03:06,744 - INFO - Вызвана главная страница
2024-11-02 17:03:46,423 - INFO - Вызвана главная страница
2024-11-02 17:08:47,244 - INFO - Вызвана главная страница
2024-11-02 17:13:47,590 - INFO - Вызвана главная страница
2024-11-02 17:16:07,064 - INFO - Вызвана главная страница
2024-11-02 17:16:59,498 - INFO - Вызвана главная страница
2024-11-02 17:17:03,925 - INFO - Вызвана главная страница
2024-11-02 17:17:26,886 - INFO - Вызвана главная страница
2024-11-02 17:17:44,716 - INFO - Вызвана главная страница
2024-11-02 17:18:18,031 - INFO - Вызвана главная страница
2024-11-02 17:18:35,001 - INFO - Вызвана главная страница
2024-11-02 17:18:45,403 - INFO - Вызвана главная страница
2024-11-02 17:18:59,254 - INFO - Вызвана главная страница
2024-11-02 17:19:08,796 - INFO - Вызвана главная страница
2024-11-02 17:24:09,234 - INFO - Вызвана главная страница
2024-11-02 17:29:09,636 - INFO - Вызвана главная страница
2024-11-02 17:30:03,898 - INFO - Вызвана главная страница
2024-11-02 17:33:02,723 - INFO - Вызвана главная страница
2024-11-02 17:33:16,554 - INFO - Вызвана главная страница
2024-11-02 17:34:07,003 - INFO - Вызвана главная страница
2024-11-02 17:34:15,403 - INFO - Вызвана главная страница
2024-11-02 17:34:27,432 - INFO - Вызвана главная страница
2024-11-02 17:39:27,766 - INFO - Вызвана главная страница
2024-11-02 17:39:44,946 - INFO - Вызвана главная страница
2024-11-02 17:40:11,988 - INFO - Вызвана главная страница
2024-11-02 17:40:18,968 - INFO - Вызвана главная страница
2024-11-02 17:40:29,736 - INFO - Вызвана главная страница
2024-11-02 17:40:37,091 - INFO - Вызвана главная страница
2024-11-02 17:41:01,489 - INFO - Вызвана главная страница
2024-11-02 17:41:10,955 - INFO - Вызвана главная страница
2024-11-02 17:41:17,724 - INFO - Вызвана главная страница
2024-11-02 17:41:39,667 - INFO - Вызвана главная страница
2024-11-02 17:41:52,455 - INFO - Вызвана главная страница
2024-11-02 17:42:01,415 - INFO - Вызвана главная страница
2024-11-02 17:42:14,831 - INFO - Вызвана главная страница
2024-11-02 17:46:38,908 - INFO - Вызвана страница всех бонусов
2024-11-02 17:47:02,352 - INFO - Вызвана страница списка людей
2024-11-02 17:47:04,290 - INFO - Вызвана страница фильтрации заказов
2024-11-02 17:50:19,127 - INFO - Вызвана главная страница
2024-11-02 17:50:35,512 - INFO - Вызвана главная страница
2024-11-02 17:52:09,701 - INFO - Вызвана главная страница
2024-11-02 17:52:45,752 - INFO - Вызвана главная страница
2024-11-02 17:53:21,551 - INFO - Вызвана главная страница
2024-11-02 17:53:41,607 - INFO - Вызвана главная страница
2024-11-02 17:53:56,357 - INFO - Вызвана главная страница
2024-11-02 17:54:26,304 - INFO - Вызвана главная страница
2024-11-02 17:54:56,256 - INFO - Вызвана главная страница
2024-11-02 17:55:10,960 - INFO - Вызвана главная страница
2024-11-02 17:55:29,514 - INFO - Вызвана главная страница
2024-11-02 17:55:43,606 - INFO - Вызвана главная страница
2024-11-02 17:55:53,128 - INFO - Вызвана главная страница
2024-11-02 17:55:59,562 - INFO - Вызвана главная страница
2024-11-02 17:56:10,519 - INFO - Вызвана главная страница
2024-11-02 17:56:42,684 - INFO - Вызвана главная страница
2024-11-02 18:06:17,818 - INFO - Вызвана главная страница
2024-11-02 18:07:07,027 - INFO - Вызвана главная страница
2024-11-02 18:12:07,355 - INFO - Вызвана главная страница
2024-11-02 18:17:09,216 - INFO - Вызвана главная страница
2024-11-02 18:22:10,845 - INFO - Вызвана главная страница
2024-11-02 19:34:30,808 - INFO - Вызвана главная страница
2024-11-02 19:34:42,131 - INFO - Вызвана главная страница
2024-11-02 19:34:45,964 - INFO - Вызвана главная страница
2024-11-02 19:35:29,109 - INFO - Вызвана главная страница
2024-11-02 19:40:29,733 - INFO - Вызвана главная страница
2024-11-02 19:45:29,980 - INFO - Вызвана главная страница
2024-11-02 19:48:57,355 - INFO - Вызвана главная страница
2024-11-02 19:49:13,876 - INFO - Вызвана главная страница
2024-11-02 19:49:20,157 - INFO - Вызвана главная страница
2024-11-02 19:49:21,633 - INFO - Вызвана главная страница
2024-11-02 19:55:00,977 - INFO - Вызвана главная страница
2024-11-02 19:55:01,840 - INFO - Вызвана главная страница
2024-11-02 19:55:33,970 - INFO - Вызвана главная страница
2024-11-02 20:00:34,631 - INFO - Вызвана главная страница
2024-11-02 20:05:34,934 - INFO - Вызвана главная страница
2024-11-02 20:10:35,319 - INFO - Вызвана главная страница
2024-11-02 20:24:44,367 - INFO - Вызвана главная страница
2024-11-02 20:29:44,709 - INFO - Вызвана главная страница
2024-11-02 20:34:45,032 - INFO - Вызвана главная страница
2024-11-02 20:39:45,351 - INFO - Вызвана главная страница
2024-11-02 20:44:45,688 - INFO - Вызвана главная страница
2024-11-02 20:49:46,013 - INFO - Вызвана главная страница
2024-11-02 20:54:49,783 - INFO - Вызвана главная страница
2024-11-02 20:59:50,153 - INFO - Вызвана главная страница
2024-11-02 21:00:01,831 - INFO - Вызвана главная страница
2024-11-02 21:00:09,011 - INFO - Вызвана главная страница
2024-11-02 21:00:23,733 - INFO - Вызвана главная страница
2024-11-02 21:00:33,305 - INFO - Вызвана главная страница
2024-11-02 21:00:41,639 - INFO - Вызвана главная страница
2024-11-02 21:00:50,935 - INFO - Вызвана главная страница
2024-11-02 21:00:59,492 - INFO - Вызвана главная страница
2024-11-02 21:01:04,737 - INFO - Вызвана главная страница
2024-11-02 21:01:19,416 - INFO - Вызвана главная страница
2024-11-02 21:01:22,492 - INFO - Вызвана главная страница
2024-11-02 21:01:58,870 - INFO - Вызвана главная страница
2024-11-02 21:02:00,945 - INFO - Вызвана главная страница
2024-11-02 21:02:08,920 - INFO - Вызвана главная страница
2024-11-02 21:02:14,772 - INFO - Вызвана главная страница
2024-11-02 21:02:20,742 - INFO - Вызвана главная страница
2024-11-02 21:02:26,788 - INFO - Вызвана главная страница
2024-11-02 21:02:58,475 - INFO - Вызвана главная страница
2024-11-02 21:03:56,275 - INFO - Вызвана главная страница
2024-11-02 21:04:42,140 - INFO - Вызвана главная страница
2024-11-02 21:10:01,504 - INFO - Вызвана главная страница
2024-11-02 21:17:15,138 - INFO - Вызвана главная страница
2024-11-02 21:18:50,212 - INFO - Вызвана главная страница
2024-11-02 21:19:39,298 - INFO - Вызвана главная страница
2024-11-02 21:20:12,967 - INFO - Вызвана главная страница
2024-11-02 21:20:31,309 - INFO - Вызвана главная страница
2024-11-02 21:20:42,162 - INFO - Вызвана главная страница
2024-11-02 21:20:47,323 - INFO - Вызвана главная страница
2024-11-02 21:20:58,471 - INFO - Вызвана главная страница
2024-11-02 21:21:34,429 - INFO - Вызвана главная страница
2024-11-02 21:23:46,887 - INFO - Вызвана главная страница
2024-11-02 21:26:09,978 - INFO - Вызвана главная страница
2024-11-02 21:26:11,385 - INFO - Вызвана главная страница
2024-11-02 21:26:22,719 - INFO - Вызвана главная страница
2024-11-02 21:27:13,299 - INFO - Вызвана главная страница
2024-11-02 21:30:04,003 - INFO - Вызвана главная страница
2024-11-02 21:30:12,890 - INFO - Вызвана главная страница
2024-11-02 21:30:47,050 - INFO - Вызвана главная страница
2024-11-02 21:33:25,360 - INFO - Вызвана главная страница
2024-11-02 21:33:47,345 - INFO - Вызвана главная страница
2024-11-02 21:33:52,347 - INFO - Вызвана главная страница
2024-11-02 21:35:21,195 - INFO - Вызвана главная страница
2024-11-02 21:35:27,354 - INFO - Вызвана главная страница
2024-11-02 21:35:31,141 - INFO - Вызвана главная страница
2024-11-02 21:35:47,788 - INFO - Вызвана главная страница
2024-11-02 21:35:58,458 - INFO - Вызвана главная страница
2024-11-02 21:36:03,346 - INFO - Вызвана главная страница
2024-11-02 21:36:13,670 - INFO - Вызвана главная страница
2024-11-02 21:40:11,113 - INFO - Вызвана главная страница
2024-11-02 21:40:29,109 - INFO - Вызвана главная страница
2024-11-02 21:40:37,205 - INFO - Вызвана главная страница
2024-11-02 21:40:40,357 - INFO - Вызвана главная страница
2024-11-02 21:41:21,401 - INFO - Вызвана главная страница
2024-11-02 21:41:49,583 - INFO - Вызвана главная страница
2024-11-02 21:42:35,263 - INFO - Вызвана главная страница
2024-11-02 21:42:53,157 - INFO - Вызвана главная страница
2024-11-02 21:43:07,994 - INFO - Вызвана главная страница
2024-11-02 21:43:23,313 - INFO - Вызвана главная страница
2024-11-02 21:45:47,490 - INFO - Вызвана главная страница
2024-11-02 21:47:14,191 - INFO - Вызвана главная страница
2024-11-02 21:49:05,061 - INFO - Вызвана главная страница
2024-11-03 11:43:54,984 - INFO - Вызвана главная страница
2024-11-03 11:48:57,749 - INFO - Вызвана главная страница
2024-11-03 11:53:54,994 - INFO - Вызвана главная страница
2024-11-03 11:54:05,492 - INFO - Вызвана главная страница
2024-11-03 11:54:08,905 - INFO - Вызвана главная страница
2024-11-03 11:57:36,621 - INFO - Вызвана главная страница
2024-11-03 11:58:21,553 - INFO - Вызвана главная страница
2024-11-03 11:58:23,451 - INFO - Вызвана главная страница
2024-11-03 11:58:49,589 - INFO - Вызвана главная страница
2024-11-03 11:59:03,526 - INFO - Вызвана главная страница
2024-11-03 12:03:10,658 - INFO - Вызвана главная страница
2024-11-03 12:05:48,117 - INFO - Вызвана главная страница
2024-11-03 12:06:03,900 - INFO - Вызвана главная страница
2024-11-03 12:06:16,288 - INFO - Вызвана главная страница
2024-11-03 12:08:51,864 - INFO - Вызвана главная страница
2024-11-03 12:09:01,180 - INFO - Вызвана главная страница
2024-11-03 12:11:31,903 - INFO - Вызвана главная страница
2024-11-03 12:12:41,408 - INFO - Вызвана главная страница
2024-11-03 12:13:17,831 - INFO - Вызвана главная страница
2024-11-03 12:13:29,503 - INFO - Вызвана главная страница
2024-11-03 12:13:38,554 - INFO - Вызвана главная страница
2024-11-03 12:13:45,879 - INFO - Вызвана главная страница
2024-11-03 12:13:50,244 - INFO - Вызвана главная страница
2024-11-03 12:14:27,187 - INFO - Вызвана главная страница
2024-11-03 12:14:29,089 - INFO - Вызвана главная страница
2024-11-03 12:14:39,286 - INFO - Вызвана главная страница
2024-11-03 12:14:59,505 - INFO - Вызвана главная страница
2024-11-03 12:15:03,740 - INFO - Вызвана главная страница
2024-11-03 12:15:07,557 - INFO - Вызвана главная страница
2024-11-03 12:15:13,626 - INFO - Вызвана главная страница
2024-11-03 12:15:21,547 - INFO - Вызвана главная страница
2024-11-03 12:15:42,333 - INFO - Вызвана главная страница
2024-11-03 12:15:47,798 - INFO - Вызвана главная страница
2024-11-03 12:15:51,407 - INFO - Вызвана главная страница
2024-11-03 12:15:55,528 - INFO - Вызвана главная страница
2024-11-03 12:16:08,207 - INFO - Вызвана главная страница
2024-11-03 12:18:12,399 - INFO - Вызвана главная страница
2024-11-03 12:19:18,127 - INFO - Вызвана главная страница
2024-11-03 12:19:31,284 - INFO - Вызвана главная страница
2024-11-03 12:20:58,745 - INFO - Вызвана главная страница
2024-11-03 12:21:22,883 - INFO - Вызвана главная страница
2024-11-03 12:21:26,828 - INFO - Вызвана главная страница
2024-11-03 12:21:34,751 - INFO - Вызвана главная страница
2024-11-03 12:23:49,318 - INFO - Вызвана главная страница
2024-11-03 12:24:32,299 - INFO - Вызвана главная страница
2024-11-03 12:24:44,893 - INFO - Вызвана главная страница
2024-11-03 12:24:47,173 - INFO - Вызвана главная страница
2024-11-03 12:25:48,568 - INFO - Вызвана главная страница
2024-11-03 12:26:03,636 - INFO - Вызвана главная страница
2024-11-03 12:26:33,354 - INFO - Вызвана главная страница
2024-11-03 12:27:05,594 - INFO - Вызвана главная страница
2024-11-03 12:31:16,700 - INFO - Вызвана главная страница
2024-11-03 12:31:26,546 - INFO - Вызвана главная страница
2024-11-03 12:32:39,574 - INFO - Вызвана главная страница
2024-11-03 12:32:41,336 - INFO - Вызвана главная страница
2024-11-03 12:33:33,459 - INFO - Вызвана главная страница
2024-11-03 12:33:57,009 - INFO - Вызвана главная страница
2024-11-03 12:34:47,585 - INFO - Вызвана главная страница
2024-11-03 12:35:01,279 - INFO - Вызвана главная страница
2024-11-03 12:35:28,941 - INFO - Вызвана главная страница
2024-11-03 12:37:02,931 - INFO - Вызвана главная страница
2024-11-03 12:38:37,433 - INFO - Вызвана главная страница
2024-11-03 12:38:58,276 - INFO - Вызвана главная страница
2024-11-03 12:40:15,363 - INFO - Вызвана главная страница
2024-11-03 12:40:21,482 - INFO - Вызвана главная страница
2024-11-03 12:44:32,709 - INFO - Вызвана главная страница
2024-11-03 12:45:37,929 - INFO - Вызвана главная страница
2024-11-03 12:45:43,645 - INFO - Вызвана главная страница
2024-11-03 12:49:18,595 - INFO - Вызвана главная страница
2024-11-03 12:49:35,812 - INFO - Вызвана главная страница
2024-11-03 12:52:57,584 - INFO - Вызвана главная страница
2024-11-03 12:53:02,462 - INFO - Вызвана главная страница
2024-11-03 12:53:54,397 - INFO - Вызвана главная страница
2024-11-03 12:54:10,776 - INFO - Вызвана главная страница
2024-11-03 12:54:20,438 - INFO - Вызвана главная страница
2024-11-03 12:54:22,345 - INFO - Вызвана главная страница
2024-11-03 12:54:28,669 - INFO - Вызвана главная страница
2024-11-03 12:54:41,594 - INFO - Вызвана главная страница
2024-11-03 12:55:10,078 - INFO - Вызвана главная страница
2024-11-03 12:55:15,508 - INFO - Вызвана главная страница
2024-11-03 12:55:49,870 - INFO - Вызвана главная страница
2024-11-03 12:55:55,483 - INFO - Вызвана главная страница
2024-11-03 12:59:05,987 - INFO - Вызвана главная страница
2024-11-03 12:59:13,373 - INFO - Вызвана главная страница
2024-11-03 12:59:21,003 - INFO - Вызвана главная страница
2024-11-03 12:59:28,192 - INFO - Вызвана главная страница
2024-11-03 12:59:33,804 - INFO - Вызвана главная страница
2024-11-03 12:59:40,139 - INFO - Вызвана главная страница
2024-11-03 12:59:45,336 - INFO - Вызвана главная страница
2024-11-03 12:59:52,367 - INFO - Вызвана главная страница
2024-11-03 13:01:02,554 - INFO - Вызвана главная страница
2024-11-03 13:01:11,809 - INFO - Вызвана главная страница
2024-11-03 13:01:17,664 - INFO - Вызвана главная страница
2024-11-03 13:02:02,802 - INFO - Вызвана главная страница
2024-11-03 13:03:07,769 - INFO - Вызвана главная страница
2024-11-03 13:03:16,685 - INFO - Вызвана главная страница
2024-11-03 13:03:52,502 - INFO - Вызвана главная страница
2024-11-03 13:08:52,850 - INFO - Вызвана главная страница
2024-11-03 13:12:19,202 - INFO - Вызвана главная страница
2024-11-03 13:12:49,573 - INFO - Вызвана главная страница
2024-11-03 13:14:43,266 - INFO - Вызвана главная страница
2024-11-03 13:14:57,148 - INFO - Вызвана главная страница
2024-11-03 13:16:42,809 - INFO - Вызвана главная страница
2024-11-03 13:19:56,744 - INFO - Вызвана главная страница
2024-11-03 13:20:22,533 - INFO - Вызвана главная страница
2024-11-03 13:21:21,225 - INFO - Вызвана главная страница
2024-11-03 13:23:08,112 - INFO - Вызвана главная страница
2024-11-03 13:23:10,737 - INFO - Вызвана главная страница
2024-11-03 13:23:14,678 - INFO - Вызвана главная страница
2024-11-03 13:24:40,086 - INFO - Вызвана главная страница
2024-11-03 13:27:31,589 - INFO - Вызвана главная страница
2024-11-03 13:27:41,705 - INFO - Вызвана главная страница
2024-11-03 13:27:55,259 - INFO - Вызвана главная страница
2024-11-03 13:28:01,853 - INFO - Вызвана главная страница
2024-11-03 13:28:06,774 - INFO - Вызвана главная страница
2024-11-03 13:28:17,628 - INFO - Вызвана главная страница
2024-11-03 13:28:21,962 - INFO - Вызвана главная страница
2024-11-03 13:28:27,084 - INFO - Вызвана главная страница
2024-11-03 13:28:49,021 - INFO - Вызвана главная страница
2024-11-03 13:28:54,686 - INFO - Вызвана главная страница
2024-11-03 13:29:11,841 - INFO - Вызвана главная страница
2024-11-03 13:30:16,627 - INFO - Вызвана главная страница
2024-11-03 13:30:32,015 - INFO - Вызвана главная страница
2024-11-03 13:30:34,671 - INFO - Вызвана главная страница
2024-11-03 13:30:51,238 - INFO - Вызвана главная страница
2024-11-03 13:31:07,373 - INFO - Вызвана главная страница
2024-11-03 13:31:19,701 - INFO - Вызвана главная страница
2024-11-03 13:32:27,554 - INFO - Вызвана главная страница
2024-11-03 13:32:37,514 - INFO - Вызвана главная страница
2024-11-03 13:33:04,404 - INFO - Вызвана главная страница
2024-11-03 13:33:16,192 - INFO - Вызвана главная страница
2024-11-03 13:33:21,321 - INFO - Вызвана главная страница
2024-11-03 13:35:55,642 - INFO - Вызвана страница анализа заказов
2024-11-03 13:36:11,207 - INFO - Вызвана страница анализа заказов
2024-11-03 13:36:14,460 - INFO - Вызвана страница анализа заказов
2024-11-03 13:36:36,321 - INFO - Вызвана страница анализа заказов
2024-11-03 13:36:58,080 - INFO - Вызвана главная страница
2024-11-03 13:37:28,672 - INFO - Вызвана главная страница
2024-11-03 13:41:36,688 - INFO - Вызвана страница анализа заказов
2024-11-03 13:42:29,036 - INFO - Вызвана главная страница
2024-11-03 13:46:37,924 - INFO - Вызвана страница анализа заказов
2024-11-03 13:47:29,491 - INFO - Вызвана главная страница
2024-11-03 13:51:38,651 - INFO - Вызвана страница анализа заказов
2024-11-03 13:52:29,975 - INFO - Вызвана главная страница
2024-11-03 13:56:39,307 - INFO - Вызвана страница анализа заказов
2024-11-03 13:57:31,652 - INFO - Вызвана главная страница
2024-11-03 14:01:40,089 - INFO - Вызвана страница анализа заказов
2024-11-03 14:02:31,996 - INFO - Вызвана главная страница
2024-11-03 14:06:40,794 - INFO - Вызвана страница анализа заказов
2024-11-03 14:07:32,675 - INFO - Вызвана главная страница
2024-11-03 14:11:42,293 - INFO - Вызвана страница анализа заказов
2024-11-03 14:12:33,168 - INFO - Вызвана главная страница
2024-11-03 14:16:42,750 - INFO - Вызвана страница анализа заказов
2024-11-03 14:17:33,588 - INFO - Вызвана главная страница
2024-11-03 14:42:14,116 - INFO - Вызвана главная страница
2024-11-03 14:42:14,118 - INFO - Вызвана страница анализа заказов
2024-11-03 14:47:15,384 - INFO - Вызвана главная страница
2024-11-03 14:47:15,531 - INFO - Вызвана страница анализа заказов
2024-11-03 21:40:54,657 - INFO - Вызвана главная страница
2024-11-03 21:42:27,836 - INFO - Вызвана страница анализа заказов
2024-11-03 21:44:25,269 - WARNING - Not Found: /favicon.ico
2024-11-03 21:47:28,499 - INFO - Вызвана страница анализа заказов
2024-11-03 21:48:04,890 - INFO - C:\Users\maksk\Desktop\lab5\rent_cars\users\views.py changed, reloading.
2024-11-03 21:48:29,096 - INFO - C:\Users\maksk\Desktop\lab5\rent_cars\users\urls.py changed, reloading.
2024-11-03 21:49:53,377 - INFO - Вызвана главная страница
2024-11-03 21:49:56,955 - INFO - Вызвана главная страница
2024-11-03 21:50:12,051 - INFO - Вызвана главная страница
2024-11-03 21:50:30,657 - INFO - Вызвана главная страница
2024-11-03 21:51:00,673 - INFO - Вызвана главная страница
2024-11-03 21:51:15,982 - INFO - Вызвана страница анализа заказов
2024-11-03 21:51:21,379 - INFO - Вызвана главная страница
2024-11-03 21:51:29,385 - INFO - Вызвана страница фильтрации заказов
2024-11-03 21:56:22,011 - INFO - Вызвана главная страница
2024-11-03 21:56:29,673 - INFO - Вызвана страница фильтрации заказов
2024-11-03 22:01:17,871 - INFO - Вызвана главная страница
2024-11-03 22:01:31,264 - INFO - Вызвана страница фильтрации заказов
2024-11-03 22:01:40,409 - INFO - Вызвана главная страница
2024-11-03 22:01:46,965 - INFO - Вызвана главная страница
2024-11-03 22:02:45,565 - INFO - Вызвана главная страница
2024-11-03 22:03:22,251 - INFO - Вызвана главная страница
2024-11-03 22:03:28,962 - INFO - Вызвана главная страница
2024-11-03 22:05:02,029 - INFO - Вызвана главная страница
2024-11-03 22:05:20,014 - INFO - Вызвана главная страница
2024-11-03 22:05:31,132 - INFO - Вызвана главная страница
2024-11-03 22:06:31,612 - INFO - Вызвана страница фильтрации заказов
2024-11-03 22:07:53,848 - INFO - C:\Users\maksk\Desktop\lab5\rent_cars\users\views.py changed, reloading.
2024-11-03 22:08:36,116 - INFO - Вызвана главная страница
2024-11-03 22:08:46,895 - INFO - Вызвана главная страница
2024-11-03 22:09:02,993 - INFO - Вызвана страница анализа заказов
2024-11-05 23:01:46,694 - INFO - Вызвана главная страница
2024-11-06 13:45:30,449 - INFO - Вызвана главная страница
2024-11-06 13:47:06,230 - INFO - Вызвана главная страница
2024-11-06 13:47:10,464 - INFO - Вызвана главная страница
2024-11-06 13:47:11,883 - INFO - Вызвана главная страница
2024-11-06 13:47:22,974 - INFO - Вызвана главная страница
2024-11-06 13:47:28,954 - INFO - Вызвана главная страница
2024-11-06 13:47:54,678 - INFO - Вызвана главная страница
2024-11-06 13:48:18,010 - INFO - Вызвана главная страница
2024-11-06 13:48:31,709 - INFO - Вызвана главная страница
2024-11-06 13:48:41,781 - INFO - Вызвана главная страница
2024-11-06 13:48:57,061 - INFO - Вызвана главная страница
2024-11-06 13:50:53,025 - INFO - Вызвана главная страница
2024-11-06 13:50:56,082 - INFO - Вызвана главная страница
2024-11-06 13:55:56,860 - INFO - Вызвана главная страница
2024-11-06 17:26:45,834 - INFO - Вызвана главная страница
2024-11-06 17:27:07,686 - INFO - Вызвана главная страница
2024-11-06 17:27:48,363 - INFO - Вызвана главная страница
2024-11-06 17:27:55,107 - INFO - Вызвана главная страница
2024-11-06 17:32:55,567 - INFO - Вызвана главная страница
2024-11-06 17:37:56,141 - INFO - Вызвана главная страница
2024-11-06 17:42:57,114 - INFO - Вызвана главная страница
2024-11-06 17:47:27,873 - INFO - Вызвана главная страница
2024-11-06 17:52:28,401 - INFO - Вызвана главная страница
2024-11-06 17:57:29,315 - INFO - Вызвана главная страница
2024-11-06 17:58:59,000 - INFO - Вызвана главная страница
2024-11-06 17:59:02,373 - INFO - Вызвана главная страница
2024-11-06 18:02:30,072 - INFO - Вызвана главная страница
2024-11-06 18:03:59,753 - INFO - Вызвана главная страница
2024-11-06 18:04:03,070 - INFO - Вызвана главная страница
2024-11-06 18:04:11,675 - INFO - Вызвана главная страница
2024-11-06 18:04:19,833 - INFO - Вызвана главная страница
2024-11-06 18:04:39,799 - INFO - Вызвана главная страница
2024-11-06 18:04:46,816 - INFO - Вызвана главная страница
2024-11-06 18:04:54,878 - INFO - Вызвана главная страница
2024-11-06 18:04:56,203 - INFO - Вызвана главная страница
2024-11-06 18:05:10,989 - INFO - Вызвана главная страница
2024-11-06 18:05:20,012 - INFO - Вызвана главная страница
2024-11-06 18:05:37,729 - INFO - Вызвана главная страница
2024-11-06 18:05:49,092 - INFO - Вызвана главная страница
2024-11-06 18:05:53,383 - INFO - Вызвана главная страница
2024-11-06 18:06:03,522 - INFO - Вызвана главная страница
2024-11-06 18:06:12,333 - INFO - Вызвана главная страница
2024-11-06 18:06:13,176 - INFO - Вызвана главная страница
2024-11-06 18:06:24,481 - INFO - Вызвана главная страница
2024-11-06 18:06:35,580 - WARNING - Not Found: /favicon.ico
2024-11-06 18:06:39,892 - INFO - Вызвана главная страница
2024-11-06 18:07:03,808 - INFO - Вызвана главная страница
2024-11-06 18:07:13,754 - INFO - Вызвана главная страница
2024-11-06 18:07:17,676 - INFO - Вызвана главная страница
2024-11-06 18:07:33,625 - INFO - Вызвана главная страница
2024-11-06 18:07:40,928 - INFO - Вызвана главная страница
2024-11-06 18:07:54,063 - INFO - Вызвана главная страница
2024-11-06 18:08:03,010 - INFO - Вызвана главная страница
2024-11-06 18:08:07,299 - INFO - Вызвана главная страница
2024-11-06 18:08:30,475 - INFO - Вызвана главная страница
2024-11-06 18:08:41,477 - INFO - Вызвана главная страница
2024-11-06 18:08:50,893 - INFO - Вызвана главная страница
2024-11-06 18:08:57,350 - INFO - Вызвана главная страница
2024-11-06 18:09:00,380 - INFO - Вызвана главная страница
2024-11-06 18:09:09,193 - INFO - Вызвана главная страница
2024-11-06 18:09:30,646 - INFO - Вызвана главная страница
2024-11-06 18:09:39,529 - INFO - Вызвана главная страница
2024-11-06 18:09:46,020 - INFO - Вызвана главная страница
2024-11-06 18:10:00,604 - INFO - Вызвана главная страница
2024-11-06 18:10:28,972 - INFO - Вызвана главная страница
2024-11-06 18:12:12,187 - INFO - Вызвана главная страница
2024-11-06 18:12:49,218 - INFO - Вызвана главная страница
2024-11-06 18:13:07,953 - INFO - Вызвана главная страница
2024-11-06 18:13:18,790 - INFO - Вызвана главная страница
2024-11-06 18:18:19,598 - INFO - Вызвана главная страница
2024-11-06 18:19:55,854 - INFO - Вызвана страница анализа заказов
2024-11-06 18:20:26,296 - INFO - Вызвана страница анализа заказов
2024-11-06 18:23:20,244 - INFO - Вызвана главная страница
2024-11-06 18:25:26,829 - INFO - Вызвана страница анализа заказов
