2024-09-08 10:33:28,344 - INFO - Вызвана главная страница
2024-09-08 10:33:29,027 - WARNING - Not Found: /favicon.ico
2024-09-08 10:34:36,336 - INFO - C:\Users\maksk\Desktop\lab5\rent_cars\users\views.py changed, reloading.
2024-09-08 12:18:20,573 - INFO - Вызвана главная страница
2024-09-08 12:18:23,544 - INFO - Вызвана страница заказов
2024-09-08 12:18:38,768 - INFO - Создан заказ для makskreett
2024-09-08 12:18:38,787 - INFO - Вызвана главная страница
2024-09-08 12:54:32,863 - INFO - Вызвана главная страница
2024-09-08 12:54:44,787 - INFO - Создан заказ для makskreett
2024-09-08 12:54:44,808 - INFO - Вызвана главная страница
2024-09-08 12:54:47,261 - INFO - Вызвана страница заказов
2024-09-08 12:55:26,959 - INFO - C:\Users\maksk\Desktop\lab5\rent_cars\users\views.py changed, reloading.
2024-09-08 12:55:34,304 - INFO - Вызвана главная страница
2024-09-08 12:55:51,298 - INFO - Создан заказ для makskreett
2024-09-08 12:55:51,318 - INFO - Вызвана главная страница
2024-09-08 12:58:27,301 - INFO - C:\Users\maksk\Desktop\lab5\rent_cars\users\views.py changed, reloading.
2024-09-08 12:58:47,657 - INFO - Вызвана главная страница
2024-09-08 12:59:01,108 - INFO - Создан заказ для makskreett
2024-09-08 12:59:01,130 - INFO - Вызвана главная страница
2024-09-08 13:00:17,223 - INFO - C:\Users\maksk\Desktop\lab5\rent_cars\users\views.py changed, reloading.
2024-09-08 13:00:17,243 - INFO - C:\Users\maksk\Desktop\lab5\rent_cars\users\views.py changed, reloading.
2024-09-08 13:00:20,609 - INFO - Вызвана главная страница
2024-09-08 13:00:32,503 - INFO - Создан заказ для makskreett
2024-09-08 13:00:32,532 - INFO - message='Request to Stripe api' method=post url=https://api.stripe.com/v1/checkout/sessions
2024-09-08 13:00:34,354 - INFO - message='Stripe API response' path=https://api.stripe.com/v1/checkout/sessions response_code=200
2024-09-08 13:00:34,373 - INFO - Вызвана страница всех бонусов
2024-09-08 13:00:57,806 - INFO - C:\Users\maksk\Desktop\lab5\rent_cars\users\views.py changed, reloading.
2024-09-08 13:00:58,268 - INFO - C:\Users\maksk\Desktop\lab5\rent_cars\users\views.py changed, reloading.
2024-09-08 13:01:02,843 - INFO - Вызвана страница всех бонусов
2024-09-08 13:01:11,783 - INFO - Создан заказ для makskreett
2024-09-08 13:01:11,816 - INFO - message='Request to Stripe api' method=post url=https://api.stripe.com/v1/checkout/sessions
2024-09-08 13:01:12,605 - INFO - message='Stripe API response' path=https://api.stripe.com/v1/checkout/sessions response_code=200
2024-09-08 13:13:38,432 - INFO - Вызвана главная страница
2024-09-08 13:13:41,185 - INFO - Вызвана страница заказов
2024-09-08 13:14:14,537 - INFO - Вызвана страница заказов
2024-09-08 13:14:34,051 - INFO - C:\Users\maksk\Desktop\lab5\rent_cars\users\views.py changed, reloading.
2024-09-08 13:14:34,380 - INFO - C:\Users\maksk\Desktop\lab5\rent_cars\users\views.py changed, reloading.
2024-09-08 13:14:38,795 - INFO - C:\Users\maksk\Desktop\lab5\rent_cars\users\views.py changed, reloading.
2024-09-08 13:14:39,596 - INFO - C:\Users\maksk\Desktop\lab5\rent_cars\users\views.py changed, reloading.
2024-09-08 13:15:35,428 - INFO - C:\Users\maksk\Desktop\lab5\rent_cars\users\views.py changed, reloading.
2024-09-08 13:15:35,593 - INFO - C:\Users\maksk\Desktop\lab5\rent_cars\users\views.py changed, reloading.
2024-09-08 13:15:37,649 - INFO - Вызвана главная страница
2024-09-08 13:16:13,485 - INFO - Вызвана страница заказов
2024-09-08 13:16:18,245 - INFO - Вызвана главная страница
2024-09-08 13:16:23,152 - INFO - Вызвана страница заказов
2024-09-08 13:16:33,301 - INFO - Создан заказ для makskreett
2024-09-08 13:16:33,337 - INFO - message='Request to Stripe api' method=post url=https://api.stripe.com/v1/checkout/sessions
2024-09-08 13:16:34,771 - INFO - message='Stripe API response' path=https://api.stripe.com/v1/checkout/sessions response_code=200
2024-09-08 13:16:47,984 - INFO - C:\Users\maksk\Desktop\lab5\rent_cars\users\views.py changed, reloading.
2024-09-08 13:16:48,385 - INFO - C:\Users\maksk\Desktop\lab5\rent_cars\users\views.py changed, reloading.
2024-09-08 13:16:55,313 - INFO - Вызвана страница заказов
2024-09-08 13:17:21,892 - INFO - Вызвана страница заказов
2024-09-08 13:18:20,649 - INFO - C:\Users\maksk\Desktop\lab5\rent_cars\users\views.py changed, reloading.
2024-09-08 13:18:20,672 - INFO - C:\Users\maksk\Desktop\lab5\rent_cars\users\views.py changed, reloading.
2024-09-08 13:33:12,818 - INFO - Вызвана главная страница
2024-09-08 13:38:19,843 - INFO - Вызвана главная страница
2024-09-08 13:38:20,023 - WARNING - Not Found: /favicon.ico
2024-09-08 13:38:25,158 - INFO - Вызвана главная страница
2024-09-08 13:48:50,484 - INFO - Вызвана главная страница
2024-09-08 13:51:34,781 - INFO - Вызвана главная страница
2024-09-08 13:51:39,862 - INFO -  вышел с аккаунта
2024-09-08 13:51:39,869 - INFO - Вызвана главная страница
2024-09-08 13:51:54,818 - INFO -  вошел в аккаунт
2024-09-08 13:51:54,818 - INFO - makskreet вошел в аккаунт
2024-09-08 13:51:54,846 - INFO - Вызвана главная страница
2024-09-08 13:52:02,174 - INFO - Вызвана страница фильтрации заказов
2024-09-08 14:04:03,888 - INFO - Вызвана главная страница
2024-09-08 14:04:07,826 - INFO - Вызвана страница всех бонусов
2024-09-08 14:04:20,904 - INFO - Вызвана страница всех бонусов
2024-09-08 14:04:41,983 - INFO - Вызвана страница фильтрации заказов
2024-09-08 14:04:46,659 - INFO - Вызвана страница деталей заказа
2024-09-08 20:41:11,032 - INFO - Вызвана главная страница
2024-09-08 20:41:13,602 - INFO - Вызвана страница фильтрации заказов
2024-09-08 20:41:16,112 - INFO -  вышел с аккаунта
2024-09-08 20:41:16,118 - INFO - Вызвана главная страница
2024-09-08 20:41:30,375 - INFO -  вошел в аккаунт
2024-09-08 20:41:30,375 - INFO - makskreet вошел в аккаунт
2024-09-08 20:41:30,399 - INFO - Вызвана главная страница
2024-09-08 20:41:36,775 - INFO - Вызвана страница списка людей
2024-09-08 20:41:38,137 - INFO - Вызвана страница анализа заказов
2024-09-08 20:41:40,110 - INFO - Вызвана страница фильтрации заказов
2024-09-08 20:41:40,840 - INFO - Вызвана страница фильтрации заказов
2024-09-08 20:41:46,132 - INFO -  вышел с аккаунта
2024-09-08 20:41:46,137 - INFO - Вызвана главная страница
2024-09-08 20:41:55,123 - INFO -  вошел в аккаунт
2024-09-08 20:41:55,123 - INFO - makskreett вошел в аккаунт
2024-09-08 20:41:55,152 - INFO - Вызвана главная страница
2024-09-08 20:41:57,761 - INFO - Вызвана страница заказов
2024-09-08 20:42:05,585 - INFO - Создан заказ для makskreett
2024-09-08 20:42:05,608 - INFO - message='Request to Stripe api' method=post url=https://api.stripe.com/v1/checkout/sessions
2024-09-08 20:42:06,713 - INFO - message='Stripe API response' path=https://api.stripe.com/v1/checkout/sessions response_code=200
2024-09-08 20:54:04,439 - INFO - Вызвана главная страница
2024-09-08 21:10:43,326 - INFO - Вызвана главная страница
2024-09-08 21:10:48,554 - INFO - Вызвана главная страница
2024-09-08 21:10:53,636 - INFO - Вызвана главная страница
2024-09-08 21:10:58,720 - INFO - Вызвана главная страница
2024-09-08 21:11:03,803 - INFO - Вызвана главная страница
2024-09-08 21:11:08,931 - INFO - Вызвана главная страница
2024-09-08 21:11:14,040 - INFO - Вызвана главная страница
2024-09-08 21:11:19,148 - INFO - Вызвана главная страница
2024-09-08 21:11:24,262 - INFO - Вызвана главная страница
2024-09-08 21:11:29,359 - INFO - Вызвана главная страница
2024-09-08 21:11:34,452 - INFO - Вызвана главная страница
2024-09-08 21:11:39,535 - INFO - Вызвана главная страница
2024-09-08 21:11:44,629 - INFO - Вызвана главная страница
2024-09-08 21:11:49,715 - INFO - Вызвана главная страница
2024-09-08 21:11:54,820 - INFO - Вызвана главная страница
2024-09-08 21:11:59,935 - INFO - Вызвана главная страница
2024-09-08 21:12:05,053 - INFO - Вызвана главная страница
2024-09-08 21:12:10,169 - INFO - Вызвана главная страница
2024-09-08 21:12:15,259 - INFO - Вызвана главная страница
2024-09-08 21:12:20,348 - INFO - Вызвана главная страница
2024-09-08 21:12:25,433 - INFO - Вызвана главная страница
2024-09-08 21:12:30,519 - INFO - Вызвана главная страница
2024-09-08 21:12:35,614 - INFO - Вызвана главная страница
2024-09-08 21:12:40,718 - INFO - Вызвана главная страница
2024-09-08 21:12:45,805 - INFO - Вызвана главная страница
2024-09-08 21:12:50,902 - INFO - Вызвана главная страница
2024-09-08 21:12:55,999 - INFO - Вызвана главная страница
2024-09-08 21:13:01,096 - INFO - Вызвана главная страница
2024-09-08 21:13:06,200 - INFO - Вызвана главная страница
2024-09-08 21:13:11,299 - INFO - Вызвана главная страница
2024-09-08 21:13:16,399 - INFO - Вызвана главная страница
2024-09-08 21:13:21,501 - INFO - Вызвана главная страница
2024-09-08 21:13:26,599 - INFO - Вызвана главная страница
2024-09-08 21:13:31,700 - INFO - Вызвана главная страница
2024-09-08 21:13:36,796 - INFO - Вызвана главная страница
2024-09-08 21:13:41,895 - INFO - Вызвана главная страница
2024-09-08 21:13:46,993 - INFO - Вызвана главная страница
2024-09-08 21:13:52,097 - INFO - Вызвана главная страница
2024-09-08 21:13:57,198 - INFO - Вызвана главная страница
2024-09-08 21:14:02,289 - INFO - Вызвана главная страница
2024-09-08 21:14:07,410 - INFO - Вызвана главная страница
2024-09-08 21:14:12,504 - INFO - Вызвана главная страница
2024-09-08 21:14:17,615 - INFO - Вызвана главная страница
2024-09-08 21:14:22,729 - INFO - Вызвана главная страница
2024-09-08 21:14:27,830 - INFO - Вызвана главная страница
2024-09-08 21:14:32,932 - INFO - Вызвана главная страница
2024-09-08 21:14:38,030 - INFO - Вызвана главная страница
2024-09-08 21:14:43,124 - INFO - Вызвана главная страница
2024-09-08 21:14:48,221 - INFO - Вызвана главная страница
2024-09-08 21:14:53,316 - INFO - Вызвана главная страница
2024-09-08 21:14:58,405 - INFO - Вызвана главная страница
2024-09-08 21:15:03,521 - INFO - Вызвана главная страница
2024-09-08 21:15:08,635 - INFO - Вызвана главная страница
2024-09-08 21:15:13,735 - INFO - Вызвана главная страница
2024-09-08 21:15:18,837 - INFO - Вызвана главная страница
2024-09-08 21:15:23,942 - INFO - Вызвана главная страница
2024-09-08 21:15:29,023 - INFO - Вызвана главная страница
2024-09-08 21:15:34,116 - INFO - Вызвана главная страница
2024-09-08 21:15:39,202 - INFO - Вызвана главная страница
2024-09-08 21:15:44,305 - INFO - Вызвана главная страница
2024-09-08 21:15:49,394 - INFO - Вызвана главная страница
2024-09-08 21:15:54,495 - INFO - Вызвана главная страница
2024-09-08 21:15:59,603 - INFO - Вызвана главная страница
2024-09-08 21:16:04,693 - INFO - Вызвана главная страница
2024-09-08 21:16:09,806 - INFO - Вызвана главная страница
2024-09-08 21:16:14,906 - INFO - Вызвана главная страница
2024-09-08 21:16:20,013 - INFO - Вызвана главная страница
2024-09-08 21:16:25,107 - INFO - Вызвана главная страница
2024-09-08 21:16:30,208 - INFO - Вызвана главная страница
2024-09-08 21:16:35,314 - INFO - Вызвана главная страница
2024-09-08 21:16:40,409 - INFO - Вызвана главная страница
2024-09-08 21:16:45,514 - INFO - Вызвана главная страница
2024-09-08 21:16:50,634 - INFO - Вызвана главная страница
2024-09-08 21:16:55,735 - INFO - Вызвана главная страница
2024-09-08 21:17:00,830 - INFO - Вызвана главная страница
2024-09-08 21:17:05,943 - INFO - Вызвана главная страница
2024-09-08 21:17:11,059 - INFO - Вызвана главная страница
2024-09-08 21:17:16,165 - INFO - Вызвана главная страница
2024-09-08 21:17:21,272 - INFO - Вызвана главная страница
2024-09-08 21:17:26,389 - INFO - Вызвана главная страница
2024-09-08 21:17:31,480 - INFO - Вызвана главная страница
2024-09-08 21:17:36,573 - INFO - Вызвана главная страница
2024-09-08 21:17:41,671 - INFO - Вызвана главная страница
2024-09-08 21:17:46,767 - INFO - Вызвана главная страница
2024-09-08 21:17:51,860 - INFO - Вызвана главная страница
2024-09-08 21:17:56,961 - INFO - Вызвана главная страница
2024-09-08 21:18:02,066 - INFO - Вызвана главная страница
2024-09-08 21:18:07,176 - INFO - Вызвана главная страница
2024-09-08 21:18:12,277 - INFO - Вызвана главная страница
2024-09-08 21:18:17,379 - INFO - Вызвана главная страница
2024-09-08 21:18:22,474 - INFO - Вызвана главная страница
2024-09-08 21:18:27,570 - INFO - Вызвана главная страница
2024-09-08 21:18:32,671 - INFO - Вызвана главная страница
2024-09-08 21:18:37,765 - INFO - Вызвана главная страница
2024-09-08 21:18:42,856 - INFO - Вызвана главная страница
2024-09-08 21:18:47,957 - INFO - Вызвана главная страница
2024-09-08 21:18:53,054 - INFO - Вызвана главная страница
2024-09-08 21:18:58,148 - INFO - Вызвана главная страница
2024-09-08 21:19:03,251 - INFO - Вызвана главная страница
2024-09-08 21:19:08,368 - INFO - Вызвана главная страница
2024-09-08 21:19:13,457 - INFO - Вызвана главная страница
2024-09-08 21:19:18,552 - INFO - Вызвана главная страница
2024-09-08 21:19:23,653 - INFO - Вызвана главная страница
2024-09-08 21:19:28,759 - INFO - Вызвана главная страница
2024-09-08 21:19:33,869 - INFO - Вызвана главная страница
2024-09-08 21:19:38,972 - INFO - Вызвана главная страница
2024-09-08 21:19:44,073 - INFO - Вызвана главная страница
2024-09-08 21:19:49,173 - INFO - Вызвана главная страница
2024-09-08 21:19:54,266 - INFO - Вызвана главная страница
2024-09-08 21:19:59,358 - INFO - Вызвана главная страница
2024-09-08 21:20:04,452 - INFO - Вызвана главная страница
2024-09-08 21:20:09,561 - INFO - Вызвана главная страница
2024-09-08 21:20:14,662 - INFO - Вызвана главная страница
2024-09-08 21:20:19,768 - INFO - Вызвана главная страница
2024-09-08 21:20:24,866 - INFO - Вызвана главная страница
2024-09-08 21:20:29,949 - INFO - Вызвана главная страница
2024-09-08 21:20:35,051 - INFO - Вызвана главная страница
2024-09-08 21:20:40,154 - INFO - Вызвана главная страница
2024-09-08 21:20:45,254 - INFO - Вызвана главная страница
2024-09-08 21:20:50,364 - INFO - Вызвана главная страница
2024-09-08 21:20:55,457 - INFO - Вызвана главная страница
2024-09-08 21:21:00,552 - INFO - Вызвана главная страница
2024-09-08 21:21:05,666 - INFO - Вызвана главная страница
2024-09-08 21:21:10,789 - INFO - Вызвана главная страница
2024-09-08 21:21:15,891 - INFO - Вызвана главная страница
2024-09-08 21:21:20,988 - INFO - Вызвана главная страница
2024-09-08 21:21:26,086 - INFO - Вызвана главная страница
2024-09-08 21:21:31,185 - INFO - Вызвана главная страница
2024-09-08 21:21:36,276 - INFO - Вызвана главная страница
2024-09-08 21:21:41,378 - INFO - Вызвана главная страница
2024-09-08 21:21:46,486 - INFO - Вызвана главная страница
2024-09-08 21:21:51,588 - INFO - Вызвана главная страница
2024-09-08 21:21:56,682 - INFO - Вызвана главная страница
2024-09-08 21:22:01,769 - INFO - Вызвана главная страница
2024-09-08 21:22:06,886 - INFO - Вызвана главная страница
2024-09-08 21:22:11,976 - INFO - Вызвана главная страница
2024-09-08 21:22:17,071 - INFO - Вызвана главная страница
2024-09-08 21:22:22,181 - INFO - Вызвана главная страница
2024-09-08 21:22:27,274 - INFO - Вызвана главная страница
2024-09-08 21:22:32,367 - INFO - Вызвана главная страница
2024-09-08 21:22:37,467 - INFO - Вызвана главная страница
2024-09-08 21:22:42,560 - INFO - Вызвана главная страница
2024-09-08 21:22:47,659 - INFO - Вызвана главная страница
2024-09-08 21:22:52,754 - INFO - Вызвана главная страница
2024-09-08 21:22:57,862 - INFO - Вызвана главная страница
2024-09-08 21:23:02,958 - INFO - Вызвана главная страница
2024-09-08 21:23:08,076 - INFO - Вызвана главная страница
2024-09-08 21:23:13,175 - INFO - Вызвана главная страница
2024-09-08 21:23:18,275 - INFO - Вызвана главная страница
2024-09-08 21:23:23,378 - INFO - Вызвана главная страница
2024-09-08 21:23:28,473 - INFO - Вызвана главная страница
2024-09-08 21:23:33,567 - INFO - Вызвана главная страница
2024-09-08 21:23:38,664 - INFO - Вызвана главная страница
2024-09-08 21:23:43,772 - INFO - Вызвана главная страница
2024-09-08 21:23:48,863 - INFO - Вызвана главная страница
2024-09-08 21:23:53,962 - INFO - Вызвана главная страница
2024-09-08 21:23:55,981 - INFO - Вызвана главная страница
2024-09-08 21:28:06,406 - INFO - Вызвана главная страница
2024-09-08 21:28:11,531 - INFO - Вызвана главная страница
2024-09-08 21:28:16,626 - INFO - Вызвана главная страница
2024-09-08 21:28:21,726 - INFO - Вызвана главная страница
2024-09-08 21:28:26,805 - INFO - Вызвана главная страница
2024-09-08 21:28:31,896 - INFO - Вызвана главная страница
2024-09-08 21:28:36,994 - INFO - Вызвана главная страница
2024-09-08 21:28:42,111 - INFO - Вызвана главная страница
2024-09-08 21:28:47,214 - INFO - Вызвана главная страница
2024-09-08 21:28:52,311 - INFO - Вызвана главная страница
2024-09-08 21:28:57,412 - INFO - Вызвана главная страница
2024-09-08 21:29:02,503 - INFO - Вызвана главная страница
2024-09-08 21:29:07,609 - INFO - Вызвана главная страница
2024-09-08 21:29:12,731 - INFO - Вызвана главная страница
2024-09-08 21:29:17,843 - INFO - Вызвана главная страница
2024-09-08 21:29:22,941 - INFO - Вызвана главная страница
2024-09-08 21:29:28,034 - INFO - Вызвана главная страница
2024-09-08 21:29:33,144 - INFO - Вызвана главная страница
2024-09-08 21:29:38,256 - INFO - Вызвана главная страница
2024-09-08 21:29:43,360 - INFO - Вызвана главная страница
2024-09-08 21:29:48,459 - INFO - Вызвана главная страница
2024-09-08 21:29:53,568 - INFO - Вызвана главная страница
2024-09-08 21:29:58,665 - INFO - Вызвана главная страница
2024-09-08 21:30:03,773 - INFO - Вызвана главная страница
2024-09-08 21:30:08,907 - INFO - Вызвана главная страница
2024-09-08 21:30:14,000 - INFO - Вызвана главная страница
2024-09-08 21:30:19,100 - INFO - Вызвана главная страница
2024-09-08 21:30:24,194 - INFO - Вызвана главная страница
2024-09-08 21:30:29,307 - INFO - Вызвана главная страница
2024-09-08 21:30:34,419 - INFO - Вызвана главная страница
2024-09-08 21:30:39,523 - INFO - Вызвана главная страница
2024-09-08 21:30:44,630 - INFO - Вызвана главная страница
2024-09-08 21:30:49,741 - INFO - Вызвана главная страница
2024-09-08 21:30:54,855 - INFO - Вызвана главная страница
2024-09-08 21:30:59,944 - INFO - Вызвана главная страница
2024-09-08 21:31:05,032 - INFO - Вызвана главная страница
2024-09-08 21:31:10,155 - INFO - Вызвана главная страница
2024-09-08 21:31:15,264 - INFO - Вызвана главная страница
2024-09-08 21:31:20,366 - INFO - Вызвана главная страница
2024-09-08 21:31:25,473 - INFO - Вызвана главная страница
2024-09-08 21:31:30,579 - INFO - Вызвана главная страница
2024-09-08 21:31:35,675 - INFO - Вызвана главная страница
2024-09-08 21:31:40,770 - INFO - Вызвана главная страница
2024-09-08 21:31:45,875 - INFO - Вызвана главная страница
2024-09-08 21:31:50,984 - INFO - Вызвана главная страница
2024-09-08 21:31:56,077 - INFO - Вызвана главная страница
2024-09-08 21:32:01,180 - INFO - Вызвана главная страница
2024-09-08 21:32:06,274 - INFO - Вызвана главная страница
2024-09-08 21:32:11,382 - INFO - Вызвана главная страница
2024-09-08 21:32:16,475 - INFO - Вызвана главная страница
2024-09-08 21:32:21,568 - INFO - Вызвана главная страница
2024-09-08 21:32:26,668 - INFO - Вызвана главная страница
2024-09-08 21:32:31,760 - INFO - Вызвана главная страница
2024-09-08 21:32:36,880 - INFO - Вызвана главная страница
2024-09-08 21:32:41,976 - INFO - Вызвана главная страница
2024-09-08 21:32:47,082 - INFO - Вызвана главная страница
2024-09-08 21:32:52,181 - INFO - Вызвана главная страница
2024-09-08 21:32:57,289 - INFO - Вызвана главная страница
2024-09-08 21:33:02,393 - INFO - Вызвана главная страница
2024-09-08 21:33:07,540 - INFO - Вызвана главная страница
2024-09-08 21:33:12,660 - INFO - Вызвана главная страница
2024-09-08 21:33:17,761 - INFO - Вызвана главная страница
2024-09-08 21:33:22,862 - INFO - Вызвана главная страница
2024-09-08 21:33:27,963 - INFO - Вызвана главная страница
2024-09-08 21:33:33,072 - INFO - Вызвана главная страница
2024-09-08 21:33:38,181 - INFO - Вызвана главная страница
2024-09-08 21:33:43,285 - INFO - Вызвана главная страница
2024-09-08 21:33:48,383 - INFO - Вызвана главная страница
2024-09-08 21:33:53,494 - INFO - Вызвана главная страница
2024-09-08 21:33:58,606 - INFO - Вызвана главная страница
2024-09-08 21:34:03,707 - INFO - Вызвана главная страница
2024-09-08 21:34:08,829 - INFO - Вызвана главная страница
2024-09-08 21:34:13,934 - INFO - Вызвана главная страница
2024-09-08 21:34:19,038 - INFO - Вызвана главная страница
2024-09-08 21:34:24,161 - INFO - Вызвана главная страница
2024-09-08 21:34:29,268 - INFO - Вызвана главная страница
2024-09-08 21:34:34,369 - INFO - Вызвана главная страница
2024-09-08 21:34:39,473 - INFO - Вызвана главная страница
2024-09-08 21:34:44,582 - INFO - Вызвана главная страница
2024-09-08 21:34:49,706 - INFO - Вызвана главная страница
2024-09-08 21:34:54,806 - INFO - Вызвана главная страница
2024-09-08 21:34:59,914 - INFO - Вызвана главная страница
2024-09-08 21:35:05,020 - INFO - Вызвана главная страница
2024-09-08 21:35:10,163 - INFO - Вызвана главная страница
2024-09-08 21:35:15,268 - INFO - Вызвана главная страница
2024-09-08 21:35:20,385 - INFO - Вызвана главная страница
2024-09-08 21:35:25,492 - INFO - Вызвана главная страница
2024-09-08 21:35:30,603 - INFO - Вызвана главная страница
2024-09-08 21:35:35,710 - INFO - Вызвана главная страница
2024-09-08 21:35:40,820 - INFO - Вызвана главная страница
2024-09-08 21:35:45,913 - INFO - Вызвана главная страница
2024-09-08 21:35:51,029 - INFO - Вызвана главная страница
2024-09-08 21:35:56,134 - INFO - Вызвана главная страница
2024-09-08 21:36:01,235 - INFO - Вызвана главная страница
2024-09-08 21:36:06,346 - INFO - Вызвана главная страница
2024-09-08 21:36:11,480 - INFO - Вызвана главная страница
2024-09-08 21:36:16,594 - INFO - Вызвана главная страница
2024-09-08 21:36:21,703 - INFO - Вызвана главная страница
2024-09-08 21:36:26,820 - INFO - Вызвана главная страница
2024-09-08 21:36:31,938 - INFO - Вызвана главная страница
2024-09-08 21:36:37,042 - INFO - Вызвана главная страница
2024-09-08 21:36:42,154 - INFO - Вызвана главная страница
2024-09-08 21:36:47,263 - INFO - Вызвана главная страница
2024-09-08 21:36:52,372 - INFO - Вызвана главная страница
2024-09-08 21:36:57,478 - INFO - Вызвана главная страница
2024-09-08 21:37:02,586 - INFO - Вызвана главная страница
2024-09-08 21:37:07,688 - INFO - Вызвана главная страница
2024-09-08 21:37:12,815 - INFO - Вызвана главная страница
2024-09-08 21:37:17,915 - INFO - Вызвана главная страница
2024-09-08 21:37:23,025 - INFO - Вызвана главная страница
2024-09-08 21:37:28,141 - INFO - Вызвана главная страница
2024-09-08 21:37:33,253 - INFO - Вызвана главная страница
2024-09-08 21:37:38,360 - INFO - Вызвана главная страница
2024-09-08 21:37:43,465 - INFO - Вызвана главная страница
2024-09-08 21:37:48,576 - INFO - Вызвана главная страница
2024-09-08 21:37:53,682 - INFO - Вызвана главная страница
2024-09-08 21:37:58,800 - INFO - Вызвана главная страница
2024-09-08 21:38:03,916 - INFO - Вызвана главная страница
2024-09-08 21:38:09,019 - INFO - Вызвана главная страница
2024-09-08 21:38:14,130 - INFO - Вызвана главная страница
2024-09-08 21:38:19,236 - INFO - Вызвана главная страница
2024-09-08 21:38:24,333 - INFO - Вызвана главная страница
2024-09-08 21:38:29,435 - INFO - Вызвана главная страница
2024-09-08 21:38:34,522 - INFO - Вызвана главная страница
2024-09-08 21:38:39,619 - INFO - Вызвана главная страница
2024-09-08 21:38:44,714 - INFO - Вызвана главная страница
2024-09-08 21:38:49,812 - INFO - Вызвана главная страница
2024-09-08 21:38:54,910 - INFO - Вызвана главная страница
2024-09-08 21:39:00,015 - INFO - Вызвана главная страница
2024-09-08 21:39:05,122 - INFO - Вызвана главная страница
2024-09-08 21:39:10,236 - INFO - Вызвана главная страница
2024-09-08 21:39:15,345 - INFO - Вызвана главная страница
2024-09-08 21:39:20,438 - INFO - Вызвана главная страница
2024-09-08 21:39:25,538 - INFO - Вызвана главная страница
2024-09-08 21:39:30,637 - INFO - Вызвана главная страница
2024-09-08 21:39:35,739 - INFO - Вызвана главная страница
2024-09-08 21:39:40,833 - INFO - Вызвана главная страница
2024-09-08 21:39:45,938 - INFO - Вызвана главная страница
2024-09-08 21:39:51,036 - INFO - Вызвана главная страница
2024-09-08 21:39:56,135 - INFO - Вызвана главная страница
2024-09-08 21:40:01,225 - INFO - Вызвана главная страница
2024-09-08 21:40:06,330 - INFO - Вызвана главная страница
2024-09-08 21:40:11,452 - INFO - Вызвана главная страница
2024-09-08 21:40:16,555 - INFO - Вызвана главная страница
2024-09-08 21:40:21,656 - INFO - Вызвана главная страница
2024-09-08 21:40:26,748 - INFO - Вызвана главная страница
2024-09-08 21:40:31,844 - INFO - Вызвана главная страница
2024-09-08 21:40:36,946 - INFO - Вызвана главная страница
2024-09-08 21:40:42,055 - INFO - Вызвана главная страница
2024-09-08 21:40:47,151 - INFO - Вызвана главная страница
2024-09-08 21:40:52,250 - INFO - Вызвана главная страница
2024-09-08 21:40:57,350 - INFO - Вызвана главная страница
2024-09-08 21:41:02,471 - INFO - Вызвана главная страница
2024-09-08 21:41:07,576 - INFO - Вызвана главная страница
2024-09-08 21:41:12,690 - INFO - Вызвана главная страница
2024-09-08 21:41:17,780 - INFO - Вызвана главная страница
2024-09-08 21:41:22,885 - INFO - Вызвана главная страница
2024-09-08 21:41:27,989 - INFO - Вызвана главная страница
2024-09-08 21:41:33,088 - INFO - Вызвана главная страница
2024-09-08 21:41:38,192 - INFO - Вызвана главная страница
2024-09-08 21:41:43,289 - INFO - Вызвана главная страница
2024-09-08 21:41:48,380 - INFO - Вызвана главная страница
2024-09-08 21:41:53,483 - INFO - Вызвана главная страница
2024-09-08 21:41:58,580 - INFO - Вызвана главная страница
2024-09-08 21:42:03,670 - INFO - Вызвана главная страница
2024-09-08 21:42:08,774 - INFO - Вызвана главная страница
2024-09-08 21:42:13,884 - INFO - Вызвана главная страница
2024-09-08 21:42:18,983 - INFO - Вызвана главная страница
2024-09-08 21:42:24,080 - INFO - Вызвана главная страница
2024-09-08 21:42:29,187 - INFO - Вызвана главная страница
2024-09-08 21:42:34,296 - INFO - Вызвана главная страница
2024-09-08 21:42:39,398 - INFO - Вызвана главная страница
2024-09-08 21:42:44,501 - INFO - Вызвана главная страница
2024-09-08 21:42:49,618 - INFO - Вызвана главная страница
2024-09-08 21:42:54,720 - INFO - Вызвана главная страница
2024-09-08 21:42:59,813 - INFO - Вызвана главная страница
2024-09-08 21:43:04,916 - INFO - Вызвана главная страница
2024-09-08 21:43:10,054 - INFO - Вызвана главная страница
2024-09-08 21:43:15,144 - INFO - Вызвана главная страница
2024-09-08 21:43:20,254 - INFO - Вызвана главная страница
2024-09-08 21:43:25,371 - INFO - Вызвана главная страница
2024-09-08 21:43:30,482 - INFO - Вызвана главная страница
2024-09-08 21:43:35,599 - INFO - Вызвана главная страница
2024-09-08 21:43:40,719 - INFO - Вызвана главная страница
2024-09-08 21:43:45,837 - INFO - Вызвана главная страница
2024-09-08 21:43:50,949 - INFO - Вызвана главная страница
2024-09-08 21:43:56,064 - INFO - Вызвана главная страница
2024-09-08 21:44:01,167 - INFO - Вызвана главная страница
2024-09-08 21:44:06,267 - INFO - Вызвана главная страница
2024-09-08 21:44:11,390 - INFO - Вызвана главная страница
2024-09-08 21:44:16,487 - INFO - Вызвана главная страница
2024-09-08 21:44:21,587 - INFO - Вызвана главная страница
2024-09-08 21:44:26,701 - INFO - Вызвана главная страница
2024-09-08 21:44:31,806 - INFO - Вызвана главная страница
2024-09-08 21:44:36,910 - INFO - Вызвана главная страница
2024-09-08 21:44:42,009 - INFO - Вызвана главная страница
2024-09-08 21:44:47,115 - INFO - Вызвана главная страница
2024-09-08 21:44:52,218 - INFO - Вызвана главная страница
2024-09-08 21:44:57,331 - INFO - Вызвана главная страница
2024-09-08 21:45:02,512 - INFO - Вызвана главная страница
2024-09-08 21:51:18,688 - INFO - Вызвана главная страница
2024-09-08 21:51:24,877 - INFO - Вызвана главная страница
2024-09-08 21:51:29,980 - INFO - Вызвана главная страница
2024-09-08 21:51:35,108 - INFO - Вызвана главная страница
2024-09-08 21:51:40,256 - INFO - Вызвана главная страница
2024-09-08 21:51:45,367 - INFO - Вызвана главная страница
2024-09-08 21:51:50,513 - INFO - Вызвана главная страница
2024-09-08 21:51:55,623 - INFO - Вызвана главная страница
2024-09-08 21:52:00,724 - INFO - Вызвана главная страница
2024-09-08 21:52:05,833 - INFO - Вызвана главная страница
2024-09-08 21:52:10,934 - INFO - Вызвана главная страница
2024-09-08 21:52:16,039 - INFO - Вызвана главная страница
2024-09-08 21:52:21,144 - INFO - Вызвана главная страница
2024-09-08 21:52:26,275 - INFO - Вызвана главная страница
2024-09-08 21:52:31,392 - INFO - Вызвана главная страница
2024-09-08 21:52:36,525 - INFO - Вызвана главная страница
2024-09-08 21:52:41,635 - INFO - Вызвана главная страница
2024-09-08 21:52:46,737 - INFO - Вызвана главная страница
2024-09-08 21:52:51,828 - INFO - Вызвана главная страница
2024-09-08 21:52:56,921 - INFO - Вызвана главная страница
2024-09-08 21:53:02,013 - INFO - Вызвана главная страница
2024-09-08 21:53:07,125 - INFO - Вызвана главная страница
2024-09-08 21:53:12,222 - INFO - Вызвана главная страница
2024-09-08 21:53:17,323 - INFO - Вызвана главная страница
2024-09-08 21:53:22,452 - INFO - Вызвана главная страница
2024-09-08 21:53:27,553 - INFO - Вызвана главная страница
2024-09-08 21:53:32,663 - INFO - Вызвана главная страница
2024-09-08 21:53:37,762 - INFO - Вызвана главная страница
2024-09-08 21:53:42,871 - INFO - Вызвана главная страница
2024-09-08 21:53:47,967 - INFO - Вызвана главная страница
2024-09-08 21:53:53,065 - INFO - Вызвана главная страница
2024-09-08 21:53:58,165 - INFO - Вызвана главная страница
2024-09-08 21:54:03,287 - INFO - Вызвана главная страница
2024-09-08 21:54:08,383 - INFO - Вызвана главная страница
2024-09-08 21:54:13,487 - INFO - Вызвана главная страница
2024-09-08 21:54:18,584 - INFO - Вызвана главная страница
2024-09-08 22:37:01,742 - INFO - Вызвана страница всех бонусов
2024-09-08 22:37:14,384 - INFO - Вызвана главная страница
2024-09-08 22:37:19,568 - INFO - Вызвана главная страница
2024-09-08 22:37:22,324 - INFO - Вызвана главная страница
2024-09-08 22:37:27,418 - INFO - Вызвана главная страница
2024-09-09 00:07:03,966 - INFO - Вызвана главная страница
2024-09-09 00:07:09,282 - INFO - Вызвана главная страница
2024-09-09 00:07:14,382 - INFO - Вызвана главная страница
2024-09-09 00:07:19,482 - INFO - Вызвана главная страница
2024-09-09 00:07:24,583 - INFO - Вызвана главная страница
2024-09-09 00:07:29,705 - INFO - Вызвана главная страница
2024-09-09 00:07:34,810 - INFO - Вызвана главная страница
2024-09-09 00:07:39,911 - INFO - Вызвана главная страница
2024-09-09 00:07:45,000 - INFO - Вызвана главная страница
2024-09-09 00:07:50,097 - INFO - Вызвана главная страница
2024-09-09 00:07:55,182 - INFO - Вызвана главная страница
2024-09-09 00:08:00,285 - INFO - Вызвана главная страница
2024-09-09 00:08:05,381 - INFO - Вызвана главная страница
2024-09-09 00:08:10,488 - INFO - Вызвана главная страница
2024-09-09 00:08:15,602 - INFO - Вызвана главная страница
2024-09-09 00:08:20,698 - INFO - Вызвана главная страница
2024-09-09 00:08:25,813 - INFO - Вызвана главная страница
2024-09-09 00:08:30,930 - INFO - Вызвана главная страница
2024-09-09 00:08:36,030 - INFO - Вызвана главная страница
2024-09-09 00:08:41,129 - INFO - Вызвана главная страница
2024-09-09 00:08:46,229 - INFO - Вызвана главная страница
2024-09-09 00:08:51,324 - INFO - Вызвана главная страница
2024-09-09 00:08:56,422 - INFO - Вызвана главная страница
2024-09-09 00:09:01,525 - INFO - Вызвана главная страница
2024-09-09 00:09:06,631 - INFO - Вызвана главная страница
2024-09-09 00:09:11,725 - INFO - Вызвана главная страница
2024-09-09 00:09:16,825 - INFO - Вызвана главная страница
2024-09-09 00:09:21,919 - INFO - Вызвана главная страница
2024-09-09 00:09:27,039 - INFO - Вызвана главная страница
2024-09-09 00:09:30,386 - INFO - Вызвана главная страница
2024-09-09 10:28:10,778 - INFO - Вызвана главная страница
2024-09-09 11:02:26,172 - WARNING - Not Found: /»
2024-09-09 13:16:48,395 - INFO - Вызвана главная страница
2024-09-09 13:16:53,708 - INFO - Вызвана главная страница
2024-09-09 13:16:57,648 - INFO - Вызвана страница всех бонусов
2024-09-09 13:29:51,366 - INFO - Вызвана главная страница
2024-09-09 13:29:56,494 - INFO - Вызвана главная страница
2024-09-09 13:30:01,588 - INFO - Вызвана главная страница
2024-09-09 13:30:06,684 - INFO - Вызвана главная страница
2024-09-09 13:30:11,769 - INFO - Вызвана главная страница
2024-09-09 13:30:16,864 - INFO - Вызвана главная страница
2024-09-09 13:30:21,958 - INFO - Вызвана главная страница
2024-09-09 13:30:27,050 - INFO - Вызвана главная страница
2024-09-09 13:30:32,134 - INFO - Вызвана главная страница
2024-09-09 13:30:37,207 - INFO - Вызвана главная страница
2024-09-09 13:30:42,292 - INFO - Вызвана главная страница
2024-09-09 13:30:47,382 - INFO - Вызвана главная страница
2024-09-09 13:30:52,469 - INFO - Вызвана главная страница
2024-09-09 13:30:57,551 - INFO - Вызвана главная страница
2024-09-09 13:31:02,643 - INFO - Вызвана главная страница
2024-09-09 13:31:07,737 - INFO - Вызвана главная страница
2024-09-09 13:31:12,831 - INFO - Вызвана главная страница
2024-09-09 13:31:17,915 - INFO - Вызвана главная страница
2024-09-09 13:31:23,001 - INFO - Вызвана главная страница
2024-09-09 13:31:28,090 - INFO - Вызвана главная страница
2024-09-09 13:31:33,196 - INFO - Вызвана главная страница
2024-09-09 13:31:38,284 - INFO - Вызвана главная страница
2024-09-09 13:31:43,386 - INFO - Вызвана главная страница
2024-09-09 13:31:48,487 - INFO - Вызвана главная страница
2024-09-09 13:31:53,582 - INFO - Вызвана главная страница
2024-09-09 13:31:58,690 - INFO - Вызвана главная страница
2024-09-09 13:32:03,771 - INFO - Вызвана главная страница
2024-09-09 13:32:08,856 - INFO - Вызвана главная страница
2024-09-09 13:32:13,944 - INFO - Вызвана главная страница
2024-09-09 13:32:19,042 - INFO - Вызвана главная страница
2024-09-09 13:32:24,121 - INFO - Вызвана главная страница
2024-09-09 13:32:29,220 - INFO - Вызвана главная страница
2024-09-09 13:32:34,307 - INFO - Вызвана главная страница
2024-09-09 13:32:39,396 - INFO - Вызвана главная страница
2024-09-09 13:32:44,482 - INFO - Вызвана главная страница
2024-09-09 13:32:49,570 - INFO - Вызвана главная страница
2024-09-09 13:32:54,668 - INFO - Вызвана главная страница
2024-09-09 13:32:59,762 - INFO - Вызвана главная страница
2024-09-09 13:33:04,853 - INFO - Вызвана главная страница
2024-09-09 13:33:09,947 - INFO - Вызвана главная страница
2024-09-09 13:33:15,028 - INFO - Вызвана главная страница
2024-09-09 13:33:20,125 - INFO - Вызвана главная страница
2024-09-09 13:33:25,229 - INFO - Вызвана главная страница
2024-09-09 13:33:30,321 - INFO - Вызвана главная страница
2024-09-09 13:33:35,415 - INFO - Вызвана главная страница
2024-09-09 13:33:40,504 - INFO - Вызвана главная страница
2024-09-09 13:33:45,595 - INFO - Вызвана главная страница
2024-09-09 13:33:50,685 - INFO - Вызвана главная страница
2024-09-09 13:33:55,777 - INFO - Вызвана главная страница
2024-09-09 13:34:00,868 - INFO - Вызвана главная страница
2024-09-09 13:34:05,974 - INFO - Вызвана главная страница
2024-09-09 13:34:11,088 - INFO - Вызвана главная страница
2024-09-09 13:34:16,184 - INFO - Вызвана главная страница
2024-09-09 13:34:21,287 - INFO - Вызвана главная страница
2024-09-09 13:34:26,384 - INFO - Вызвана главная страница
2024-09-09 13:34:31,482 - INFO - Вызвана главная страница
2024-09-09 13:34:36,575 - INFO - Вызвана главная страница
2024-09-09 13:34:41,674 - INFO - Вызвана главная страница
2024-09-09 13:34:46,775 - INFO - Вызвана главная страница
2024-09-09 13:34:51,872 - INFO - Вызвана главная страница
2024-09-09 13:34:56,967 - INFO - Вызвана главная страница
2024-09-09 13:35:02,052 - INFO - Вызвана главная страница
2024-09-09 13:35:07,175 - INFO - Вызвана главная страница
2024-09-09 13:35:12,271 - INFO - Вызвана главная страница
2024-09-09 13:35:17,367 - INFO - Вызвана главная страница
2024-09-09 13:35:22,458 - INFO - Вызвана главная страница
2024-09-09 13:35:27,556 - INFO - Вызвана главная страница
2024-09-09 13:35:32,646 - INFO - Вызвана главная страница
2024-09-09 13:35:37,727 - INFO - Вызвана главная страница
2024-09-09 13:35:42,816 - INFO - Вызвана главная страница
2024-09-09 13:35:47,904 - INFO - Вызвана главная страница
2024-09-09 13:35:53,006 - INFO - Вызвана главная страница
2024-09-09 13:35:58,098 - INFO - Вызвана главная страница
2024-09-09 13:36:03,195 - INFO - Вызвана главная страница
2024-09-09 13:36:08,286 - INFO - Вызвана главная страница
2024-09-09 13:36:13,371 - INFO - Вызвана главная страница
2024-09-09 13:36:18,459 - INFO - Вызвана главная страница
2024-09-09 13:36:23,547 - INFO - Вызвана главная страница
2024-09-09 13:36:28,640 - INFO - Вызвана главная страница
2024-09-09 13:36:33,740 - INFO - Вызвана главная страница
2024-09-09 13:36:38,839 - INFO - Вызвана главная страница
2024-09-09 13:36:43,921 - INFO - Вызвана главная страница
2024-09-09 13:36:49,017 - INFO - Вызвана главная страница
2024-09-09 13:36:54,107 - INFO - Вызвана главная страница
2024-09-09 13:36:59,206 - INFO - Вызвана главная страница
2024-09-09 13:37:04,306 - INFO - Вызвана главная страница
2024-09-09 13:37:09,392 - INFO - Вызвана главная страница
2024-09-09 13:37:14,485 - INFO - Вызвана главная страница
2024-09-09 13:37:19,584 - INFO - Вызвана главная страница
2024-09-09 13:37:24,676 - INFO - Вызвана главная страница
2024-09-09 13:37:29,769 - INFO - Вызвана главная страница
2024-09-09 13:37:34,871 - INFO - Вызвана главная страница
2024-09-09 13:37:39,965 - INFO - Вызвана главная страница
2024-09-09 13:37:45,059 - INFO - Вызвана главная страница
2024-09-09 13:37:50,143 - INFO - Вызвана главная страница
2024-09-09 13:37:55,246 - INFO - Вызвана главная страница
2024-09-09 13:38:00,343 - INFO - Вызвана главная страница
2024-09-09 13:38:05,440 - INFO - Вызвана главная страница
2024-09-09 13:38:10,559 - INFO - Вызвана главная страница
2024-09-09 13:38:15,652 - INFO - Вызвана главная страница
2024-09-09 13:38:20,752 - INFO - Вызвана главная страница
2024-09-09 13:38:25,864 - INFO - Вызвана главная страница
2024-09-09 13:38:30,963 - INFO - Вызвана главная страница
2024-09-09 13:38:36,057 - INFO - Вызвана главная страница
2024-09-09 13:38:41,161 - INFO - Вызвана главная страница
2024-09-09 13:38:46,249 - INFO - Вызвана главная страница
2024-09-09 13:38:51,341 - INFO - Вызвана главная страница
2024-09-09 13:38:56,428 - INFO - Вызвана главная страница
2024-09-09 13:39:01,527 - INFO - Вызвана главная страница
2024-09-09 13:39:06,621 - INFO - Вызвана главная страница
2024-09-09 13:39:11,718 - INFO - Вызвана главная страница
2024-09-09 13:39:16,808 - INFO - Вызвана главная страница
2024-09-09 13:39:21,896 - INFO - Вызвана главная страница
2024-09-09 13:39:26,984 - INFO - Вызвана главная страница
2024-09-09 13:39:32,089 - INFO - Вызвана главная страница
2024-09-09 13:39:37,176 - INFO - Вызвана главная страница
2024-09-09 13:39:42,257 - INFO - Вызвана главная страница
2024-09-09 13:39:47,346 - INFO - Вызвана главная страница
2024-09-09 13:39:52,444 - INFO - Вызвана главная страница
2024-09-09 13:39:57,529 - INFO - Вызвана главная страница
2024-09-09 13:40:02,621 - INFO - Вызвана главная страница
2024-09-09 13:40:07,720 - INFO - Вызвана главная страница
2024-09-09 13:40:12,808 - INFO - Вызвана главная страница
2024-09-09 13:40:17,912 - INFO - Вызвана главная страница
2024-09-09 13:40:23,001 - INFO - Вызвана главная страница
2024-09-09 13:40:28,104 - INFO - Вызвана главная страница
2024-09-09 13:40:33,208 - INFO - Вызвана главная страница
2024-09-09 13:40:38,302 - INFO - Вызвана главная страница
2024-09-09 13:40:43,390 - INFO - Вызвана главная страница
2024-09-09 13:40:48,480 - INFO - Вызвана главная страница
2024-09-09 13:40:53,575 - INFO - Вызвана главная страница
2024-09-09 13:40:58,673 - INFO - Вызвана главная страница
2024-09-09 13:41:03,771 - INFO - Вызвана главная страница
2024-09-09 13:41:08,869 - INFO - Вызвана главная страница
2024-09-09 13:41:13,972 - INFO - Вызвана главная страница
2024-09-09 13:41:19,063 - INFO - Вызвана главная страница
2024-09-09 13:41:24,164 - INFO - Вызвана главная страница
2024-09-09 13:41:29,819 - INFO - Вызвана главная страница
2024-09-09 13:41:34,910 - INFO - Вызвана главная страница
2024-09-09 13:45:30,001 - INFO - Вызвана главная страница
2024-09-09 13:45:35,119 - INFO - Вызвана главная страница
2024-09-09 13:45:40,215 - INFO - Вызвана главная страница
2024-09-09 13:45:45,303 - INFO - Вызвана главная страница
2024-09-09 13:45:50,387 - INFO - Вызвана главная страница
2024-09-09 13:45:55,486 - INFO - Вызвана главная страница
2024-09-09 13:46:00,582 - INFO - Вызвана главная страница
2024-09-09 13:46:05,683 - INFO - Вызвана главная страница
2024-09-09 13:46:10,788 - INFO - Вызвана главная страница
2024-09-09 13:46:15,868 - INFO - Вызвана главная страница
2024-09-09 13:46:20,975 - INFO - Вызвана главная страница
2024-09-09 13:46:26,059 - INFO - Вызвана главная страница
2024-09-09 13:46:31,152 - INFO - Вызвана главная страница
2024-09-09 13:46:36,239 - INFO - Вызвана главная страница
2024-09-09 13:46:41,342 - INFO - Вызвана главная страница
2024-09-09 13:46:46,423 - INFO - Вызвана главная страница
2024-09-09 13:46:51,518 - INFO - Вызвана главная страница
2024-09-09 13:46:56,610 - INFO - Вызвана главная страница
2024-09-09 13:47:01,690 - INFO - Вызвана главная страница
2024-09-09 13:47:06,777 - INFO - Вызвана главная страница
2024-09-09 13:47:11,861 - INFO - Вызвана главная страница
2024-09-09 13:47:16,941 - INFO - Вызвана главная страница
2024-09-09 13:47:22,044 - INFO - Вызвана главная страница
2024-09-09 13:47:27,133 - INFO - Вызвана главная страница
2024-09-09 13:47:32,215 - INFO - Вызвана главная страница
2024-09-09 13:47:37,302 - INFO - Вызвана главная страница
2024-09-09 13:47:42,398 - INFO - Вызвана главная страница
2024-09-09 13:47:47,495 - INFO - Вызвана главная страница
2024-09-09 13:47:52,580 - INFO - Вызвана главная страница
2024-09-09 13:47:57,680 - INFO - Вызвана главная страница
2024-09-09 13:48:02,767 - INFO - Вызвана главная страница
2024-09-09 13:48:07,853 - INFO - Вызвана главная страница
2024-09-09 13:48:12,936 - INFO - Вызвана главная страница
2024-09-09 13:48:18,034 - INFO - Вызвана главная страница
2024-09-09 13:48:23,129 - INFO - Вызвана главная страница
2024-09-09 13:48:28,234 - INFO - Вызвана главная страница
2024-09-09 13:48:33,325 - INFO - Вызвана главная страница
2024-09-09 13:48:38,427 - INFO - Вызвана главная страница
2024-09-09 13:48:43,519 - INFO - Вызвана главная страница
2024-09-09 13:48:48,617 - INFO - Вызвана главная страница
2024-09-09 13:48:53,707 - INFO - Вызвана главная страница
2024-09-09 13:48:58,807 - INFO - Вызвана главная страница
2024-09-09 13:49:03,882 - INFO - Вызвана главная страница
2024-09-09 13:49:08,961 - INFO - Вызвана главная страница
2024-09-09 13:49:14,053 - INFO - Вызвана главная страница
2024-09-09 13:49:19,139 - INFO - Вызвана главная страница
2024-09-09 13:49:24,231 - INFO - Вызвана главная страница
2024-09-09 13:49:29,321 - INFO - Вызвана главная страница
2024-09-09 13:49:34,416 - INFO - Вызвана главная страница
2024-09-09 13:49:36,943 - INFO - Вызвана главная страница
2024-09-09 13:49:39,137 - INFO -  вышел с аккаунта
2024-09-09 13:49:39,142 - INFO - Вызвана главная страница
2024-09-09 13:49:47,912 - INFO -  вошел в аккаунт
2024-09-09 13:49:47,912 - INFO - makskreet вошел в аккаунт
2024-09-09 13:49:47,937 - INFO - Вызвана главная страница
2024-09-09 13:49:49,421 - INFO - Вызвана страница списка людей
2024-09-09 13:49:54,465 - INFO - Вызвана страница списка людей
2024-09-09 13:49:55,876 - INFO - Вызвана главная страница
2024-09-09 13:50:00,969 - INFO - Вызвана главная страница
2024-09-09 13:50:06,084 - INFO - Вызвана главная страница
2024-09-09 13:50:11,193 - INFO - Вызвана главная страница
2024-09-09 13:50:16,285 - INFO - Вызвана главная страница
2024-09-09 13:50:21,388 - INFO - Вызвана главная страница
2024-09-09 13:50:26,480 - INFO - Вызвана главная страница
2024-09-09 13:50:31,567 - INFO - Вызвана главная страница
2024-09-09 13:50:36,658 - INFO - Вызвана главная страница
2024-09-09 13:50:41,747 - INFO - Вызвана главная страница
2024-09-09 13:50:46,839 - INFO - Вызвана главная страница
2024-09-09 13:50:51,930 - INFO - Вызвана главная страница
2024-09-09 13:50:57,052 - INFO - Вызвана главная страница
2024-09-09 13:51:02,144 - INFO - Вызвана главная страница
2024-09-09 13:51:07,231 - INFO - Вызвана главная страница
2024-09-09 13:51:12,325 - INFO - Вызвана главная страница
2024-09-09 13:51:17,427 - INFO - Вызвана главная страница
2024-09-09 13:51:22,372 - INFO - Вызвана главная страница
2024-09-09 14:03:29,582 - INFO - Вызвана страница списка людей
2024-09-09 14:03:34,711 - INFO - Вызвана страница списка людей
2024-09-09 14:03:39,752 - INFO - Вызвана страница списка людей
2024-09-09 14:03:44,816 - INFO - Вызвана страница списка людей
2024-09-09 14:03:49,456 - INFO - Вызвана страница списка людей
2024-09-09 14:03:54,507 - INFO - Вызвана страница списка людей
2024-09-09 14:03:59,559 - INFO - Вызвана страница списка людей
2024-09-09 14:04:04,594 - INFO - Вызвана страница списка людей
2024-09-09 14:04:09,655 - INFO - Вызвана страница списка людей
2024-09-09 14:04:10,285 - INFO - Вызвана страница списка людей
2024-09-09 14:04:15,333 - INFO - Вызвана страница списка людей
2024-09-09 14:04:20,382 - INFO - Вызвана страница списка людей
2024-09-09 14:04:25,421 - INFO - Вызвана страница списка людей
2024-09-09 14:04:30,478 - INFO - Вызвана страница списка людей
2024-09-09 14:04:35,533 - INFO - Вызвана страница списка людей
2024-09-09 14:04:40,589 - INFO - Вызвана страница списка людей
2024-09-09 14:04:45,643 - INFO - Вызвана страница списка людей
2024-09-09 14:04:50,694 - INFO - Вызвана страница списка людей
2024-09-09 14:04:56,895 - INFO - Вызвана страница списка людей
2024-09-09 14:05:01,945 - INFO - Вызвана страница списка людей
2024-09-09 14:05:06,990 - INFO - Вызвана страница списка людей
2024-09-09 14:05:12,034 - INFO - Вызвана страница списка людей
2024-09-09 14:05:15,364 - INFO - Вызвана страница списка людей
2024-09-09 14:05:20,392 - INFO - Вызвана страница списка людей
2024-09-09 14:05:20,634 - INFO - Вызвана страница списка людей
2024-09-09 14:05:24,358 - INFO - Вызвана страница списка людей
2024-09-09 14:05:24,670 - INFO - Вызвана страница списка людей
2024-09-09 14:05:29,716 - INFO - Вызвана страница списка людей
2024-09-09 14:05:35,075 - INFO - Вызвана страница списка людей
2024-09-09 14:05:40,117 - INFO - Вызвана страница списка людей
2024-09-09 14:05:45,174 - INFO - Вызвана страница списка людей
2024-09-09 14:05:51,379 - INFO - Вызвана страница списка людей
2024-09-09 14:05:56,424 - INFO - Вызвана страница списка людей
2024-09-09 14:06:01,475 - INFO - Вызвана страница списка людей
2024-09-09 14:06:06,570 - INFO - Вызвана страница списка людей
2024-09-09 14:06:11,666 - INFO - Вызвана страница списка людей
2024-09-09 14:06:17,889 - INFO - Вызвана страница списка людей
2024-09-09 14:06:22,940 - INFO - Вызвана страница списка людей
2024-09-09 14:06:27,993 - INFO - Вызвана страница списка людей
2024-09-09 14:06:33,041 - INFO - Вызвана страница списка людей
2024-09-09 14:06:38,087 - INFO - Вызвана страница списка людей
2024-09-09 14:06:43,133 - INFO - Вызвана страница списка людей
2024-09-09 14:06:48,177 - INFO - Вызвана страница списка людей
2024-09-09 14:06:53,235 - INFO - Вызвана страница списка людей
2024-09-09 14:06:58,289 - INFO - Вызвана страница списка людей
2024-09-09 14:07:03,343 - INFO - Вызвана страница списка людей
2024-09-09 14:07:08,421 - INFO - Вызвана страница списка людей
2024-09-09 14:07:13,464 - INFO - Вызвана страница списка людей
2024-09-09 14:07:18,519 - INFO - Вызвана страница списка людей
2024-09-09 14:07:23,570 - INFO - Вызвана страница списка людей
2024-09-09 14:07:28,617 - INFO - Вызвана страница списка людей
2024-09-09 14:07:34,879 - INFO - Вызвана страница списка людей
2024-09-09 14:07:39,916 - INFO - Вызвана страница списка людей
2024-09-09 14:07:44,957 - INFO - Вызвана страница списка людей
2024-09-09 14:07:50,004 - INFO - Вызвана страница списка людей
2024-09-09 14:07:55,049 - INFO - Вызвана страница списка людей
2024-09-09 14:08:00,094 - INFO - Вызвана страница списка людей
2024-09-09 14:08:05,137 - INFO - Вызвана страница списка людей
2024-09-09 14:08:10,180 - INFO - Вызвана страница списка людей
2024-09-09 14:08:15,234 - INFO - Вызвана страница списка людей
2024-09-09 14:08:20,282 - INFO - Вызвана страница списка людей
2024-09-09 14:08:25,330 - INFO - Вызвана страница списка людей
2024-09-09 14:08:30,382 - INFO - Вызвана страница списка людей
2024-09-09 14:08:35,425 - INFO - Вызвана страница списка людей
2024-09-09 14:08:41,379 - INFO - Вызвана страница списка людей
2024-09-09 14:08:46,419 - INFO - Вызвана страница списка людей
2024-09-09 14:08:51,468 - INFO - Вызвана страница списка людей
2024-09-09 14:08:56,525 - INFO - Вызвана страница списка людей
2024-09-09 14:09:01,572 - INFO - Вызвана страница списка людей
2024-09-09 14:09:06,628 - INFO - Вызвана страница списка людей
2024-09-09 14:09:11,680 - INFO - Вызвана страница списка людей
2024-09-09 14:09:16,729 - INFO - Вызвана страница списка людей
2024-09-09 14:09:21,783 - INFO - Вызвана страница списка людей
2024-09-09 14:09:26,821 - INFO - Вызвана страница списка людей
2024-09-09 14:09:31,859 - INFO - Вызвана страница списка людей
2024-09-09 14:09:36,902 - INFO - Вызвана страница списка людей
2024-09-09 14:09:41,956 - INFO - Вызвана страница списка людей
2024-09-09 14:09:47,007 - INFO - Вызвана страница списка людей
2024-09-09 14:09:52,047 - INFO - Вызвана страница списка людей
2024-09-09 14:09:57,091 - INFO - Вызвана страница списка людей
2024-09-09 14:10:02,145 - INFO - Вызвана страница списка людей
2024-09-09 14:10:07,204 - INFO - Вызвана страница списка людей
2024-09-09 14:10:12,252 - INFO - Вызвана страница списка людей
2024-09-09 14:10:17,308 - INFO - Вызвана страница списка людей
2024-09-09 14:10:22,351 - INFO - Вызвана страница списка людей
2024-09-09 14:10:27,401 - INFO - Вызвана страница списка людей
2024-09-09 14:10:32,454 - INFO - Вызвана страница списка людей
2024-09-09 14:10:37,501 - INFO - Вызвана страница списка людей
2024-09-09 14:10:42,551 - INFO - Вызвана страница списка людей
2024-09-09 14:10:47,604 - INFO - Вызвана страница списка людей
2024-09-09 14:10:52,648 - INFO - Вызвана страница списка людей
2024-09-09 14:10:57,695 - INFO - Вызвана страница списка людей
2024-09-09 14:11:03,883 - INFO - Вызвана страница списка людей
2024-09-09 14:11:08,920 - INFO - Вызвана страница списка людей
2024-09-09 14:11:13,983 - INFO - Вызвана страница списка людей
2024-09-09 14:11:19,039 - INFO - Вызвана страница списка людей
2024-09-09 14:11:24,077 - INFO - Вызвана страница списка людей
2024-09-09 14:11:29,120 - INFO - Вызвана страница списка людей
2024-09-09 14:11:34,166 - INFO - Вызвана страница списка людей
2024-09-09 14:11:39,211 - INFO - Вызвана страница списка людей
2024-09-09 14:11:44,266 - INFO - Вызвана страница списка людей
2024-09-09 14:11:49,318 - INFO - Вызвана страница списка людей
2024-09-09 14:11:54,382 - INFO - Вызвана страница списка людей
2024-09-09 14:11:59,431 - INFO - Вызвана страница списка людей
2024-09-09 14:12:04,489 - INFO - Вызвана страница списка людей
2024-09-09 14:12:09,543 - INFO - Вызвана страница списка людей
2024-09-09 14:12:14,590 - INFO - Вызвана страница списка людей
2024-09-09 14:12:19,640 - INFO - Вызвана страница списка людей
2024-09-09 14:12:24,699 - INFO - Вызвана страница списка людей
2024-09-09 14:12:29,753 - INFO - Вызвана страница списка людей
2024-09-09 14:12:34,804 - INFO - Вызвана страница списка людей
2024-09-09 14:12:39,857 - INFO - Вызвана страница списка людей
2024-09-09 14:12:44,910 - INFO - Вызвана страница списка людей
2024-09-09 14:12:49,961 - INFO - Вызвана страница списка людей
2024-09-09 14:12:55,023 - INFO - Вызвана страница списка людей
2024-09-09 14:13:00,083 - INFO - Вызвана страница списка людей
2024-09-09 14:13:05,137 - INFO - Вызвана страница списка людей
2024-09-09 14:13:10,184 - INFO - Вызвана страница списка людей
2024-09-09 14:13:15,232 - INFO - Вызвана страница списка людей
2024-09-09 14:13:20,273 - INFO - Вызвана страница списка людей
2024-09-09 14:13:25,318 - INFO - Вызвана страница списка людей
2024-09-09 14:13:30,365 - INFO - Вызвана страница списка людей
2024-09-09 14:13:35,415 - INFO - Вызвана страница списка людей
2024-09-09 14:13:40,461 - INFO - Вызвана страница списка людей
2024-09-09 14:13:45,516 - INFO - Вызвана страница списка людей
2024-09-09 14:13:50,575 - INFO - Вызвана страница списка людей
2024-09-09 14:13:55,619 - INFO - Вызвана страница списка людей
2024-09-09 14:14:00,671 - INFO - Вызвана страница списка людей
2024-09-09 14:14:05,737 - INFO - Вызвана страница списка людей
2024-09-09 14:14:10,825 - INFO - Вызвана страница списка людей
2024-09-09 14:14:15,869 - INFO - Вызвана страница списка людей
2024-09-09 14:14:20,911 - INFO - Вызвана страница списка людей
2024-09-09 14:14:25,975 - INFO - Вызвана страница списка людей
2024-09-09 14:14:31,031 - INFO - Вызвана страница списка людей
2024-09-09 14:14:36,086 - INFO - Вызвана страница списка людей
2024-09-09 14:14:41,140 - INFO - Вызвана страница списка людей
2024-09-09 14:14:46,198 - INFO - Вызвана страница списка людей
2024-09-09 14:14:51,254 - INFO - Вызвана страница списка людей
2024-09-09 14:14:56,317 - INFO - Вызвана страница списка людей
2024-09-09 14:15:01,386 - INFO - Вызвана страница списка людей
2024-09-09 14:15:06,432 - INFO - Вызвана страница списка людей
2024-09-09 14:15:11,526 - INFO - Вызвана страница списка людей
2024-09-09 14:15:16,566 - INFO - Вызвана страница списка людей
2024-09-09 14:15:21,629 - INFO - Вызвана страница списка людей
2024-09-09 14:15:26,678 - INFO - Вызвана страница списка людей
2024-09-09 14:15:31,732 - INFO - Вызвана страница списка людей
2024-09-09 14:15:36,785 - INFO - Вызвана страница списка людей
2024-09-09 14:15:41,833 - INFO - Вызвана страница списка людей
2024-09-09 14:15:46,878 - INFO - Вызвана страница списка людей
2024-09-09 14:15:51,935 - INFO - Вызвана страница списка людей
2024-09-09 14:15:56,985 - INFO - Вызвана страница списка людей
2024-09-09 14:16:02,039 - INFO - Вызвана страница списка людей
2024-09-09 14:16:07,091 - INFO - Вызвана страница списка людей
2024-09-09 14:16:12,149 - INFO - Вызвана страница списка людей
2024-09-09 14:16:17,196 - INFO - Вызвана страница списка людей
2024-09-09 14:16:22,246 - INFO - Вызвана страница списка людей
2024-09-09 14:16:27,308 - INFO - Вызвана страница списка людей
2024-09-09 14:16:32,362 - INFO - Вызвана страница списка людей
2024-09-09 14:16:37,408 - INFO - Вызвана страница списка людей
2024-09-09 14:16:42,461 - INFO - Вызвана страница списка людей
2024-09-09 14:16:47,489 - INFO - Вызвана страница списка людей
2024-09-09 14:16:52,537 - INFO - Вызвана страница списка людей
2024-09-09 14:16:57,590 - INFO - Вызвана страница списка людей
2024-09-09 14:17:02,638 - INFO - Вызвана страница списка людей
2024-09-09 14:17:07,694 - INFO - Вызвана страница списка людей
2024-09-09 14:17:12,748 - INFO - Вызвана страница списка людей
2024-09-09 14:17:17,796 - INFO - Вызвана страница списка людей
2024-09-09 14:17:22,847 - INFO - Вызвана страница списка людей
2024-09-09 14:17:27,919 - INFO - Вызвана страница списка людей
2024-09-09 14:17:32,988 - INFO - Вызвана страница списка людей
2024-09-09 14:17:38,036 - INFO - Вызвана страница списка людей
2024-09-09 14:17:43,098 - INFO - Вызвана страница списка людей
2024-09-09 14:17:48,148 - INFO - Вызвана страница списка людей
2024-09-09 14:17:53,195 - INFO - Вызвана страница списка людей
2024-09-09 14:17:58,245 - INFO - Вызвана страница списка людей
2024-09-09 14:18:03,304 - INFO - Вызвана страница списка людей
2024-09-09 14:18:08,348 - INFO - Вызвана страница списка людей
2024-09-09 14:18:13,398 - INFO - Вызвана страница списка людей
2024-09-09 14:18:18,445 - INFO - Вызвана страница списка людей
2024-09-09 14:18:23,501 - INFO - Вызвана страница списка людей
2024-09-09 14:18:28,547 - INFO - Вызвана страница списка людей
2024-09-09 14:18:33,600 - INFO - Вызвана страница списка людей
2024-09-09 14:18:38,657 - INFO - Вызвана страница списка людей
2024-09-09 14:18:43,701 - INFO - Вызвана страница списка людей
2024-09-09 14:18:48,744 - INFO - Вызвана страница списка людей
2024-09-09 14:18:53,794 - INFO - Вызвана страница списка людей
2024-09-09 14:18:58,842 - INFO - Вызвана страница списка людей
2024-09-09 14:19:03,885 - INFO - Вызвана страница списка людей
2024-09-09 14:19:08,926 - INFO - Вызвана страница списка людей
2024-09-09 14:19:13,986 - INFO - Вызвана страница списка людей
2024-09-09 14:19:19,027 - INFO - Вызвана страница списка людей
2024-09-09 14:19:24,074 - INFO - Вызвана страница списка людей
2024-09-09 14:19:29,114 - INFO - Вызвана страница списка людей
2024-09-09 14:19:34,163 - INFO - Вызвана страница списка людей
2024-09-09 14:19:39,212 - INFO - Вызвана страница списка людей
2024-09-09 14:19:44,265 - INFO - Вызвана страница списка людей
2024-09-09 14:19:49,310 - INFO - Вызвана страница списка людей
2024-09-09 14:19:54,364 - INFO - Вызвана страница списка людей
2024-09-09 14:19:59,414 - INFO - Вызвана страница списка людей
2024-09-09 14:20:04,465 - INFO - Вызвана страница списка людей
2024-09-09 14:20:09,526 - INFO - Вызвана страница списка людей
2024-09-09 14:20:14,587 - INFO - Вызвана страница списка людей
2024-09-09 14:20:19,637 - INFO - Вызвана страница списка людей
2024-09-09 14:20:24,681 - INFO - Вызвана страница списка людей
2024-09-09 14:20:29,729 - INFO - Вызвана страница списка людей
2024-09-09 14:20:34,780 - INFO - Вызвана страница списка людей
2024-09-09 14:20:39,821 - INFO - Вызвана страница списка людей
2024-09-09 14:20:44,849 - INFO - Вызвана страница списка людей
2024-09-09 14:20:49,886 - INFO - Вызвана страница списка людей
2024-09-09 14:20:54,945 - INFO - Вызвана страница списка людей
2024-09-09 14:20:59,994 - INFO - Вызвана страница списка людей
2024-09-09 14:21:05,033 - INFO - Вызвана страница списка людей
2024-09-09 14:21:10,091 - INFO - Вызвана страница списка людей
2024-09-09 14:21:15,144 - INFO - Вызвана страница списка людей
2024-09-09 14:21:20,175 - INFO - Вызвана страница списка людей
2024-09-09 14:21:25,227 - INFO - Вызвана страница списка людей
2024-09-09 14:21:30,282 - INFO - Вызвана страница списка людей
2024-09-09 14:21:35,328 - INFO - Вызвана страница списка людей
2024-09-09 14:21:40,365 - INFO - Вызвана страница списка людей
2024-09-09 14:21:45,419 - INFO - Вызвана страница списка людей
2024-09-09 14:21:50,471 - INFO - Вызвана страница списка людей
2024-09-09 14:21:55,515 - INFO - Вызвана страница списка людей
2024-09-09 14:22:00,569 - INFO - Вызвана страница списка людей
2024-09-09 14:22:05,619 - INFO - Вызвана страница списка людей
2024-09-09 14:22:10,703 - INFO - Вызвана страница списка людей
2024-09-09 14:22:15,759 - INFO - Вызвана страница списка людей
2024-09-09 14:22:20,813 - INFO - Вызвана страница списка людей
2024-09-09 14:22:25,862 - INFO - Вызвана страница списка людей
2024-09-09 14:22:30,903 - INFO - Вызвана страница списка людей
2024-09-09 14:22:35,956 - INFO - Вызвана страница списка людей
2024-09-09 14:22:41,009 - INFO - Вызвана страница списка людей
2024-09-09 14:22:46,056 - INFO - Вызвана страница списка людей
2024-09-09 14:22:51,102 - INFO - Вызвана страница списка людей
2024-09-09 14:22:56,165 - INFO - Вызвана страница списка людей
2024-09-09 14:23:01,215 - INFO - Вызвана страница списка людей
2024-09-09 14:23:06,270 - INFO - Вызвана страница списка людей
2024-09-09 14:23:11,359 - INFO - Вызвана страница списка людей
2024-09-09 14:23:16,405 - INFO - Вызвана страница списка людей
2024-09-09 14:23:21,446 - INFO - Вызвана страница списка людей
2024-09-09 14:23:26,501 - INFO - Вызвана страница списка людей
2024-09-09 14:23:31,561 - INFO - Вызвана страница списка людей
2024-09-09 14:23:36,603 - INFO - Вызвана страница списка людей
2024-09-09 14:23:41,653 - INFO - Вызвана страница списка людей
2024-09-09 14:23:46,695 - INFO - Вызвана страница списка людей
2024-09-09 14:23:51,742 - INFO - Вызвана страница списка людей
2024-09-09 14:23:56,798 - INFO - Вызвана страница списка людей
2024-09-09 14:24:01,849 - INFO - Вызвана страница списка людей
2024-09-09 14:24:06,908 - INFO - Вызвана страница списка людей
2024-09-09 14:24:11,965 - INFO - Вызвана страница списка людей
2024-09-09 14:24:17,022 - INFO - Вызвана страница списка людей
2024-09-09 14:24:22,064 - INFO - Вызвана страница списка людей
2024-09-09 14:24:27,105 - INFO - Вызвана страница списка людей
2024-09-09 14:24:32,163 - INFO - Вызвана страница списка людей
2024-09-09 14:24:37,218 - INFO - Вызвана страница списка людей
2024-09-09 14:24:42,274 - INFO - Вызвана страница списка людей
2024-09-09 14:24:47,323 - INFO - Вызвана страница списка людей
2024-09-09 14:24:52,379 - INFO - Вызвана страница списка людей
2024-09-09 14:24:57,431 - INFO - Вызвана страница списка людей
2024-09-09 14:25:02,470 - INFO - Вызвана страница списка людей
2024-09-09 14:25:07,517 - INFO - Вызвана страница списка людей
2024-09-09 14:25:12,578 - INFO - Вызвана страница списка людей
2024-09-09 14:25:17,625 - INFO - Вызвана страница списка людей
2024-09-09 14:25:22,680 - INFO - Вызвана страница списка людей
2024-09-09 14:25:27,739 - INFO - Вызвана страница списка людей
2024-09-09 14:25:32,789 - INFO - Вызвана страница списка людей
2024-09-09 14:25:37,837 - INFO - Вызвана страница списка людей
2024-09-09 14:25:42,895 - INFO - Вызвана страница списка людей
2024-09-09 14:25:47,947 - INFO - Вызвана страница списка людей
2024-09-09 14:25:52,992 - INFO - Вызвана страница списка людей
2024-09-09 14:25:58,034 - INFO - Вызвана страница списка людей
2024-09-09 14:26:03,090 - INFO - Вызвана страница списка людей
2024-09-09 14:26:08,142 - INFO - Вызвана страница списка людей
2024-09-09 14:26:13,192 - INFO - Вызвана страница списка людей
2024-09-09 14:26:18,248 - INFO - Вызвана страница списка людей
2024-09-09 14:26:23,291 - INFO - Вызвана страница списка людей
2024-09-09 14:26:28,334 - INFO - Вызвана страница списка людей
2024-09-09 14:26:33,386 - INFO - Вызвана страница списка людей
2024-09-09 14:26:38,435 - INFO - Вызвана страница списка людей
2024-09-09 14:26:43,475 - INFO - Вызвана страница списка людей
2024-09-09 14:26:48,524 - INFO - Вызвана страница списка людей
2024-09-09 14:26:53,567 - INFO - Вызвана страница списка людей
2024-09-09 14:26:58,617 - INFO - Вызвана страница списка людей
2024-09-09 14:27:03,661 - INFO - Вызвана страница списка людей
2024-09-09 14:27:08,714 - INFO - Вызвана страница списка людей
2024-09-09 14:27:13,759 - INFO - Вызвана страница списка людей
2024-09-09 14:27:18,805 - INFO - Вызвана страница списка людей
2024-09-09 14:27:23,855 - INFO - Вызвана страница списка людей
2024-09-09 14:27:28,900 - INFO - Вызвана страница списка людей
2024-09-09 14:27:33,947 - INFO - Вызвана страница списка людей
2024-09-09 14:27:39,000 - INFO - Вызвана страница списка людей
2024-09-09 14:27:44,053 - INFO - Вызвана страница списка людей
2024-09-09 14:27:49,109 - INFO - Вызвана страница списка людей
2024-09-09 14:27:54,171 - INFO - Вызвана страница списка людей
2024-09-09 14:27:59,227 - INFO - Вызвана страница списка людей
2024-09-09 14:28:04,285 - INFO - Вызвана страница списка людей
2024-09-09 14:28:09,341 - INFO - Вызвана страница списка людей
2024-09-09 14:28:14,403 - INFO - Вызвана страница списка людей
2024-09-09 14:28:19,459 - INFO - Вызвана страница списка людей
2024-09-09 14:28:24,509 - INFO - Вызвана страница списка людей
2024-09-09 14:28:29,576 - INFO - Вызвана страница списка людей
2024-09-09 14:28:34,629 - INFO - Вызвана страница списка людей
2024-09-09 14:28:39,681 - INFO - Вызвана страница списка людей
2024-09-09 14:28:44,723 - INFO - Вызвана страница списка людей
2024-09-09 14:28:49,773 - INFO - Вызвана страница списка людей
2024-09-09 14:28:54,825 - INFO - Вызвана страница списка людей
2024-09-09 14:28:59,874 - INFO - Вызвана страница списка людей
2024-09-09 14:29:04,924 - INFO - Вызвана страница списка людей
2024-09-09 14:29:09,988 - INFO - Вызвана страница списка людей
2024-09-09 14:29:15,039 - INFO - Вызвана страница списка людей
2024-09-09 14:29:20,093 - INFO - Вызвана страница списка людей
2024-09-09 14:29:25,137 - INFO - Вызвана страница списка людей
2024-09-09 14:29:30,186 - INFO - Вызвана страница списка людей
2024-09-09 14:29:35,242 - INFO - Вызвана страница списка людей
2024-09-09 14:29:40,283 - INFO - Вызвана страница списка людей
2024-09-09 14:29:45,339 - INFO - Вызвана страница списка людей
2024-09-09 14:29:50,395 - INFO - Вызвана страница списка людей
2024-09-09 14:29:55,447 - INFO - Вызвана страница списка людей
2024-09-09 14:30:00,498 - INFO - Вызвана страница списка людей
2024-09-09 14:30:05,535 - INFO - Вызвана страница списка людей
2024-09-09 14:30:10,619 - INFO - Вызвана страница списка людей
2024-09-09 14:30:15,668 - INFO - Вызвана страница списка людей
2024-09-09 14:30:20,721 - INFO - Вызвана страница списка людей
2024-09-09 14:30:25,774 - INFO - Вызвана страница списка людей
2024-09-09 14:30:30,823 - INFO - Вызвана страница списка людей
2024-09-09 14:30:35,869 - INFO - Вызвана страница списка людей
2024-09-09 14:30:40,921 - INFO - Вызвана страница списка людей
2024-09-09 14:30:45,967 - INFO - Вызвана страница списка людей
2024-09-09 14:30:51,030 - INFO - Вызвана страница списка людей
2024-09-09 14:30:56,076 - INFO - Вызвана страница списка людей
2024-09-09 14:31:01,121 - INFO - Вызвана страница списка людей
2024-09-09 14:31:06,166 - INFO - Вызвана страница списка людей
2024-09-09 14:31:11,252 - INFO - Вызвана страница списка людей
2024-09-09 14:31:16,301 - INFO - Вызвана страница списка людей
2024-09-09 14:31:21,347 - INFO - Вызвана страница списка людей
2024-09-09 14:31:26,393 - INFO - Вызвана страница списка людей
2024-09-09 14:31:31,443 - INFO - Вызвана страница списка людей
2024-09-09 14:31:36,507 - INFO - Вызвана страница списка людей
2024-09-09 14:31:41,558 - INFO - Вызвана страница списка людей
2024-09-09 14:31:46,604 - INFO - Вызвана страница списка людей
2024-09-09 14:31:51,647 - INFO - Вызвана страница списка людей
2024-09-09 14:31:56,700 - INFO - Вызвана страница списка людей
2024-09-09 14:32:01,754 - INFO - Вызвана страница списка людей
2024-09-09 14:32:06,796 - INFO - Вызвана страница списка людей
2024-09-09 14:32:11,843 - INFO - Вызвана страница списка людей
2024-09-09 14:32:16,904 - INFO - Вызвана страница списка людей
2024-09-09 14:32:21,963 - INFO - Вызвана страница списка людей
2024-09-09 14:32:27,011 - INFO - Вызвана страница списка людей
2024-09-09 14:32:32,054 - INFO - Вызвана страница списка людей
2024-09-09 14:32:37,101 - INFO - Вызвана страница списка людей
2024-09-09 14:32:42,148 - INFO - Вызвана страница списка людей
2024-09-09 14:32:47,200 - INFO - Вызвана страница списка людей
2024-09-09 14:46:31,685 - INFO - Вызвана страница списка людей
2024-09-09 14:46:36,830 - INFO - Вызвана страница списка людей
2024-09-09 14:46:41,886 - INFO - Вызвана страница списка людей
2024-09-09 14:46:46,929 - INFO - Вызвана страница списка людей
2024-09-09 14:46:51,973 - INFO - Вызвана страница списка людей
2024-09-09 14:46:57,020 - INFO - Вызвана страница списка людей
2024-09-09 14:47:02,070 - INFO - Вызвана страница списка людей
2024-09-09 14:47:07,114 - INFO - Вызвана страница списка людей
2024-09-09 14:47:12,171 - INFO - Вызвана страница списка людей
2024-09-09 14:47:17,222 - INFO - Вызвана страница списка людей
2024-09-09 14:47:22,275 - INFO - Вызвана страница списка людей
2024-09-09 14:47:27,329 - INFO - Вызвана страница списка людей
2024-09-09 14:47:32,372 - INFO - Вызвана страница списка людей
2024-09-09 14:47:37,424 - INFO - Вызвана страница списка людей
2024-09-09 14:47:42,468 - INFO - Вызвана страница списка людей
2024-09-09 14:47:47,510 - INFO - Вызвана страница списка людей
2024-09-09 14:47:52,558 - INFO - Вызвана страница списка людей
2024-09-09 14:47:57,608 - INFO - Вызвана страница списка людей
2024-09-09 14:48:02,663 - INFO - Вызвана страница списка людей
2024-09-09 14:48:07,707 - INFO - Вызвана страница списка людей
2024-09-09 14:48:12,756 - INFO - Вызвана страница списка людей
2024-09-09 14:48:17,804 - INFO - Вызвана страница списка людей
2024-09-09 14:48:22,855 - INFO - Вызвана страница списка людей
2024-09-09 14:48:27,903 - INFO - Вызвана страница списка людей
2024-09-09 14:48:32,960 - INFO - Вызвана страница списка людей
2024-09-09 14:48:38,009 - INFO - Вызвана страница списка людей
2024-09-09 14:48:43,058 - INFO - Вызвана страница списка людей
2024-09-09 14:48:48,104 - INFO - Вызвана страница списка людей
2024-09-09 14:48:53,151 - INFO - Вызвана страница списка людей
2024-09-09 14:48:58,204 - INFO - Вызвана страница списка людей
2024-09-09 14:49:03,259 - INFO - Вызвана страница списка людей
2024-09-09 14:49:08,315 - INFO - Вызвана страница списка людей
2024-09-09 14:49:13,372 - INFO - Вызвана страница списка людей
2024-09-09 14:49:18,417 - INFO - Вызвана страница списка людей
2024-09-09 14:49:23,462 - INFO - Вызвана страница списка людей
2024-09-09 14:49:28,513 - INFO - Вызвана страница списка людей
2024-09-09 14:49:33,574 - INFO - Вызвана страница списка людей
2024-09-09 14:49:38,629 - INFO - Вызвана страница списка людей
2024-09-09 14:49:43,670 - INFO - Вызвана страница списка людей
2024-09-09 14:49:48,720 - INFO - Вызвана страница списка людей
2024-09-09 14:49:53,774 - INFO - Вызвана страница списка людей
2024-09-09 14:49:58,830 - INFO - Вызвана страница списка людей
2024-09-09 14:50:03,879 - INFO - Вызвана страница списка людей
2024-09-09 14:50:08,922 - INFO - Вызвана страница списка людей
2024-09-09 14:50:13,968 - INFO - Вызвана страница списка людей
2024-09-09 14:50:19,023 - INFO - Вызвана страница списка людей
2024-09-09 14:50:24,065 - INFO - Вызвана страница списка людей
2024-09-09 14:50:29,113 - INFO - Вызвана страница списка людей
2024-09-09 14:50:34,173 - INFO - Вызвана страница списка людей
2024-09-09 14:50:39,229 - INFO - Вызвана страница списка людей
2024-09-09 14:50:44,276 - INFO - Вызвана страница списка людей
2024-09-09 14:50:49,334 - INFO - Вызвана страница списка людей
2024-09-09 14:50:54,390 - INFO - Вызвана страница списка людей
2024-09-09 14:50:59,448 - INFO - Вызвана страница списка людей
2024-09-09 14:51:04,510 - INFO - Вызвана страница списка людей
2024-09-09 14:51:09,552 - INFO - Вызвана страница списка людей
2024-09-09 14:51:14,605 - INFO - Вызвана страница списка людей
2024-09-09 14:51:19,663 - INFO - Вызвана страница списка людей
2024-09-09 14:51:24,723 - INFO - Вызвана страница списка людей
2024-09-09 14:51:29,778 - INFO - Вызвана страница списка людей
2024-09-09 14:51:34,825 - INFO - Вызвана страница списка людей
2024-09-09 14:51:39,875 - INFO - Вызвана страница списка людей
2024-09-09 14:51:44,933 - INFO - Вызвана страница списка людей
2024-09-09 14:51:49,989 - INFO - Вызвана страница списка людей
2024-09-09 14:51:55,037 - INFO - Вызвана страница списка людей
2024-09-09 14:52:00,104 - INFO - Вызвана страница списка людей
2024-09-09 14:52:05,157 - INFO - Вызвана страница списка людей
2024-09-09 14:52:10,206 - INFO - Вызвана страница списка людей
2024-09-09 14:52:15,259 - INFO - Вызвана страница списка людей
2024-09-09 14:52:20,312 - INFO - Вызвана страница списка людей
2024-09-09 14:52:25,357 - INFO - Вызвана страница списка людей
2024-09-09 14:52:30,405 - INFO - Вызвана страница списка людей
2024-09-09 14:52:35,462 - INFO - Вызвана страница списка людей
2024-09-09 14:52:40,517 - INFO - Вызвана страница списка людей
2024-09-09 14:52:45,572 - INFO - Вызвана страница списка людей
2024-09-09 14:52:50,629 - INFO - Вызвана страница списка людей
2024-09-09 14:52:55,690 - INFO - Вызвана страница списка людей
2024-09-09 14:53:00,733 - INFO - Вызвана страница списка людей
2024-09-09 14:53:05,780 - INFO - Вызвана страница списка людей
2024-09-09 14:53:10,823 - INFO - Вызвана страница списка людей
2024-09-09 14:53:15,872 - INFO - Вызвана страница списка людей
2024-09-09 14:53:20,923 - INFO - Вызвана страница списка людей
2024-09-09 14:53:25,972 - INFO - Вызвана страница списка людей
2024-09-09 14:53:31,013 - INFO - Вызвана страница списка людей
2024-09-09 14:53:36,064 - INFO - Вызвана страница списка людей
2024-09-09 14:53:41,162 - INFO - Вызвана страница списка людей
2024-09-09 14:53:46,206 - INFO - Вызвана страница списка людей
2024-09-09 14:53:51,254 - INFO - Вызвана страница списка людей
2024-09-09 14:53:56,319 - INFO - Вызвана страница списка людей
2024-09-09 14:54:01,368 - INFO - Вызвана страница списка людей
2024-09-09 14:54:06,419 - INFO - Вызвана страница списка людей
2024-09-09 14:54:11,470 - INFO - Вызвана страница списка людей
2024-09-09 14:54:16,516 - INFO - Вызвана страница списка людей
2024-09-09 14:54:21,568 - INFO - Вызвана страница списка людей
2024-09-09 14:54:26,617 - INFO - Вызвана страница списка людей
2024-09-09 14:54:31,666 - INFO - Вызвана страница списка людей
2024-09-09 14:54:36,708 - INFO - Вызвана страница списка людей
2024-09-09 14:54:41,789 - INFO - Вызвана страница списка людей
2024-09-09 14:54:46,842 - INFO - Вызвана страница списка людей
2024-09-09 14:54:51,885 - INFO - Вызвана страница списка людей
2024-09-09 14:54:56,925 - INFO - Вызвана страница списка людей
2024-09-09 14:55:01,973 - INFO - Вызвана страница списка людей
2024-09-09 14:55:07,016 - INFO - Вызвана страница списка людей
2024-09-09 14:55:12,068 - INFO - Вызвана страница списка людей
2024-09-09 14:55:17,121 - INFO - Вызвана страница списка людей
2024-09-09 14:55:22,165 - INFO - Вызвана страница списка людей
2024-09-09 14:55:27,215 - INFO - Вызвана страница списка людей
2024-09-09 14:55:32,255 - INFO - Вызвана страница списка людей
2024-09-09 14:55:37,289 - INFO - Вызвана страница списка людей
2024-09-09 14:55:42,338 - INFO - Вызвана страница списка людей
2024-09-09 14:55:47,386 - INFO - Вызвана страница списка людей
2024-09-09 14:55:52,443 - INFO - Вызвана страница списка людей
2024-09-09 14:55:57,476 - INFO - Вызвана страница списка людей
2024-09-09 14:56:02,523 - INFO - Вызвана страница списка людей
2024-09-09 14:56:07,578 - INFO - Вызвана страница списка людей
2024-09-09 14:56:12,630 - INFO - Вызвана страница списка людей
2024-09-09 14:56:17,672 - INFO - Вызвана страница списка людей
2024-09-09 14:56:22,719 - INFO - Вызвана страница списка людей
2024-09-09 14:56:27,767 - INFO - Вызвана страница списка людей
2024-09-09 14:56:32,803 - INFO - Вызвана страница списка людей
2024-09-09 14:56:37,840 - INFO - Вызвана страница списка людей
2024-09-09 14:56:42,884 - INFO - Вызвана страница списка людей
2024-09-09 14:56:47,935 - INFO - Вызвана страница списка людей
2024-09-09 14:56:52,975 - INFO - Вызвана страница списка людей
2024-09-09 14:56:58,016 - INFO - Вызвана страница списка людей
2024-09-09 14:57:03,056 - INFO - Вызвана страница списка людей
2024-09-09 14:57:08,095 - INFO - Вызвана страница списка людей
2024-09-09 14:57:13,141 - INFO - Вызвана страница списка людей
2024-09-09 14:57:18,180 - INFO - Вызвана страница списка людей
2024-09-09 14:57:23,231 - INFO - Вызвана страница списка людей
2024-09-09 14:57:28,274 - INFO - Вызвана страница списка людей
2024-09-09 14:57:33,321 - INFO - Вызвана страница списка людей
2024-09-09 14:57:38,354 - INFO - Вызвана страница списка людей
2024-09-09 14:57:43,390 - INFO - Вызвана страница списка людей
2024-09-09 14:57:48,437 - INFO - Вызвана страница списка людей
2024-09-09 14:57:53,529 - INFO - Вызвана страница списка людей
2024-09-09 14:57:58,586 - INFO - Вызвана страница списка людей
2024-09-09 14:58:03,631 - INFO - Вызвана страница списка людей
2024-09-09 14:58:08,677 - INFO - Вызвана страница списка людей
2024-09-09 14:58:13,725 - INFO - Вызвана страница списка людей
2024-09-09 14:58:18,768 - INFO - Вызвана страница списка людей
2024-09-09 14:58:23,810 - INFO - Вызвана страница списка людей
2024-09-09 14:58:28,867 - INFO - Вызвана страница списка людей
2024-09-09 14:58:33,918 - INFO - Вызвана страница списка людей
2024-09-09 14:58:38,995 - INFO - Вызвана страница списка людей
2024-09-09 14:58:44,043 - INFO - Вызвана страница списка людей
2024-09-09 14:58:49,094 - INFO - Вызвана страница списка людей
2024-09-09 14:58:54,144 - INFO - Вызвана страница списка людей
2024-09-09 14:58:59,187 - INFO - Вызвана страница списка людей
2024-09-09 14:59:04,233 - INFO - Вызвана страница списка людей
2024-09-09 14:59:09,279 - INFO - Вызвана страница списка людей
2024-09-09 14:59:14,319 - INFO - Вызвана страница списка людей
2024-09-09 14:59:19,369 - INFO - Вызвана страница списка людей
2024-09-09 14:59:24,417 - INFO - Вызвана страница списка людей
2024-09-09 14:59:29,457 - INFO - Вызвана страница списка людей
2024-09-09 14:59:34,509 - INFO - Вызвана страница списка людей
2024-09-09 14:59:39,562 - INFO - Вызвана страница списка людей
2024-09-09 14:59:44,612 - INFO - Вызвана страница списка людей
2024-09-09 14:59:49,658 - INFO - Вызвана страница списка людей
2024-09-09 14:59:54,698 - INFO - Вызвана страница списка людей
2024-09-09 14:59:59,742 - INFO - Вызвана страница списка людей
2024-09-09 15:00:04,780 - INFO - Вызвана страница списка людей
2024-09-09 15:00:09,826 - INFO - Вызвана страница списка людей
2024-09-09 15:00:14,872 - INFO - Вызвана страница списка людей
2024-09-09 15:00:19,930 - INFO - Вызвана страница списка людей
2024-09-09 15:00:24,986 - INFO - Вызвана страница списка людей
2024-09-09 15:00:30,024 - INFO - Вызвана страница списка людей
2024-09-09 15:00:35,067 - INFO - Вызвана страница списка людей
2024-09-09 15:00:40,116 - INFO - Вызвана страница списка людей
2024-09-09 15:00:45,153 - INFO - Вызвана страница списка людей
2024-09-09 15:00:50,199 - INFO - Вызвана страница списка людей
2024-09-09 15:00:55,247 - INFO - Вызвана страница списка людей
2024-09-09 15:01:00,298 - INFO - Вызвана страница списка людей
2024-09-09 15:01:05,347 - INFO - Вызвана страница списка людей
2024-09-09 15:01:10,399 - INFO - Вызвана страница списка людей
2024-09-09 15:01:15,442 - INFO - Вызвана страница списка людей
2024-09-09 15:01:20,492 - INFO - Вызвана страница списка людей
2024-09-09 15:01:25,583 - INFO - Вызвана страница списка людей
2024-09-09 15:01:30,629 - INFO - Вызвана страница списка людей
2024-09-09 15:01:35,688 - INFO - Вызвана страница списка людей
2024-09-09 15:01:40,720 - INFO - Вызвана страница списка людей
2024-09-09 15:01:45,764 - INFO - Вызвана страница списка людей
2024-09-09 15:01:50,820 - INFO - Вызвана страница списка людей
2024-09-09 15:01:55,862 - INFO - Вызвана страница списка людей
2024-09-09 15:02:00,907 - INFO - Вызвана страница списка людей
2024-09-09 15:02:05,966 - INFO - Вызвана страница списка людей
2024-09-09 15:02:11,013 - INFO - Вызвана страница списка людей
2024-09-09 15:02:16,061 - INFO - Вызвана страница списка людей
2024-09-09 15:02:21,102 - INFO - Вызвана страница списка людей
2024-09-09 15:02:26,152 - INFO - Вызвана страница списка людей
2024-09-09 15:02:31,194 - INFO - Вызвана страница списка людей
2024-09-09 15:02:36,245 - INFO - Вызвана страница списка людей
2024-09-09 15:02:41,292 - INFO - Вызвана страница списка людей
2024-09-09 15:02:46,341 - INFO - Вызвана страница списка людей
2024-09-09 15:02:51,385 - INFO - Вызвана страница списка людей
2024-09-09 15:02:56,431 - INFO - Вызвана страница списка людей
2024-09-09 15:03:01,483 - INFO - Вызвана страница списка людей
2024-09-09 15:03:06,529 - INFO - Вызвана страница списка людей
2024-09-09 15:03:11,574 - INFO - Вызвана страница списка людей
2024-09-09 15:03:16,622 - INFO - Вызвана страница списка людей
2024-09-09 15:03:21,668 - INFO - Вызвана страница списка людей
2024-09-09 15:03:26,719 - INFO - Вызвана страница списка людей
2024-09-09 15:03:31,761 - INFO - Вызвана страница списка людей
2024-09-09 15:03:36,798 - INFO - Вызвана страница списка людей
2024-09-09 15:03:41,857 - INFO - Вызвана страница списка людей
2024-09-09 15:03:46,904 - INFO - Вызвана страница списка людей
2024-09-09 15:03:51,943 - INFO - Вызвана страница списка людей
2024-09-09 15:03:56,991 - INFO - Вызвана страница списка людей
2024-09-09 15:04:02,039 - INFO - Вызвана страница списка людей
2024-09-09 15:04:07,083 - INFO - Вызвана страница списка людей
2024-09-09 15:04:12,118 - INFO - Вызвана страница списка людей
2024-09-09 15:04:17,158 - INFO - Вызвана страница списка людей
2024-09-09 15:04:22,232 - INFO - Вызвана страница списка людей
2024-09-09 15:04:27,272 - INFO - Вызвана страница списка людей
2024-09-09 15:04:32,379 - INFO - Вызвана страница списка людей
2024-09-09 15:04:37,427 - INFO - Вызвана страница списка людей
2024-09-09 15:04:42,464 - INFO - Вызвана страница списка людей
2024-09-09 15:04:47,501 - INFO - Вызвана страница списка людей
2024-09-09 15:04:52,541 - INFO - Вызвана страница списка людей
2024-09-09 15:04:57,586 - INFO - Вызвана страница списка людей
2024-09-09 15:05:02,632 - INFO - Вызвана страница списка людей
2024-09-09 15:05:07,674 - INFO - Вызвана страница списка людей
2024-09-09 15:05:12,714 - INFO - Вызвана страница списка людей
2024-09-09 15:05:17,752 - INFO - Вызвана страница списка людей
2024-09-09 15:05:22,802 - INFO - Вызвана страница списка людей
2024-09-09 15:05:27,845 - INFO - Вызвана страница списка людей
2024-09-09 15:05:32,895 - INFO - Вызвана страница списка людей
2024-09-09 15:05:37,941 - INFO - Вызвана страница списка людей
2024-09-09 15:05:42,988 - INFO - Вызвана страница списка людей
2024-09-09 15:05:48,037 - INFO - Вызвана страница списка людей
2024-09-09 15:05:53,117 - INFO - Вызвана страница списка людей
2024-09-09 15:05:58,166 - INFO - Вызвана страница списка людей
2024-09-09 15:06:03,209 - INFO - Вызвана страница списка людей
2024-09-09 15:06:08,286 - INFO - Вызвана страница списка людей
2024-09-09 15:06:13,330 - INFO - Вызвана страница списка людей
2024-09-09 15:06:18,385 - INFO - Вызвана страница списка людей
2024-09-09 15:06:23,444 - INFO - Вызвана страница списка людей
2024-09-09 15:06:28,498 - INFO - Вызвана страница списка людей
2024-09-09 15:06:33,544 - INFO - Вызвана страница списка людей
2024-09-09 15:06:38,593 - INFO - Вызвана страница списка людей
2024-09-09 15:06:43,642 - INFO - Вызвана страница списка людей
2024-09-09 15:06:48,681 - INFO - Вызвана страница списка людей
2024-09-09 15:06:53,723 - INFO - Вызвана страница списка людей
2024-09-09 15:06:58,772 - INFO - Вызвана страница списка людей
2024-09-09 15:07:03,818 - INFO - Вызвана страница списка людей
2024-09-09 15:07:08,900 - INFO - Вызвана страница списка людей
2024-09-09 15:07:13,952 - INFO - Вызвана страница списка людей
2024-09-09 15:07:19,007 - INFO - Вызвана страница списка людей
2024-09-09 15:07:24,053 - INFO - Вызвана страница списка людей
2024-09-09 15:07:29,095 - INFO - Вызвана страница списка людей
2024-09-09 15:07:34,152 - INFO - Вызвана страница списка людей
2024-09-09 15:07:39,199 - INFO - Вызвана страница списка людей
2024-09-09 15:07:44,241 - INFO - Вызвана страница списка людей
2024-09-09 15:07:49,291 - INFO - Вызвана страница списка людей
2024-09-09 15:07:54,336 - INFO - Вызвана страница списка людей
2024-09-09 15:07:59,389 - INFO - Вызвана страница списка людей
2024-09-09 15:08:04,440 - INFO - Вызвана страница списка людей
2024-09-09 15:08:09,489 - INFO - Вызвана страница списка людей
2024-09-09 15:08:14,530 - INFO - Вызвана страница списка людей
2024-09-09 15:08:19,573 - INFO - Вызвана страница списка людей
2024-09-09 15:08:24,623 - INFO - Вызвана страница списка людей
2024-09-09 15:08:29,667 - INFO - Вызвана страница списка людей
2024-09-09 15:08:34,715 - INFO - Вызвана страница списка людей
2024-09-09 15:08:39,767 - INFO - Вызвана страница списка людей
2024-09-09 15:08:44,817 - INFO - Вызвана страница списка людей
2024-09-09 15:08:49,876 - INFO - Вызвана страница списка людей
2024-09-09 15:08:54,914 - INFO - Вызвана страница списка людей
2024-09-09 15:08:59,960 - INFO - Вызвана страница списка людей
2024-09-09 15:09:05,010 - INFO - Вызвана страница списка людей
2024-09-09 15:09:10,055 - INFO - Вызвана страница списка людей
2024-09-09 15:09:15,096 - INFO - Вызвана страница списка людей
2024-09-09 15:09:20,144 - INFO - Вызвана страница списка людей
2024-09-09 15:09:25,199 - INFO - Вызвана страница списка людей
2024-09-09 15:09:30,240 - INFO - Вызвана страница списка людей
2024-09-09 15:09:35,280 - INFO - Вызвана страница списка людей
2024-09-09 15:09:40,326 - INFO - Вызвана страница списка людей
2024-09-09 15:09:45,371 - INFO - Вызвана страница списка людей
2024-09-09 15:09:50,408 - INFO - Вызвана страница списка людей
2024-09-09 15:09:55,450 - INFO - Вызвана страница списка людей
2024-09-09 15:10:00,499 - INFO - Вызвана страница списка людей
2024-09-09 15:10:05,542 - INFO - Вызвана страница списка людей
2024-09-09 15:10:10,589 - INFO - Вызвана страница списка людей
2024-09-09 15:10:15,630 - INFO - Вызвана страница списка людей
2024-09-09 15:10:20,673 - INFO - Вызвана страница списка людей
2024-09-09 15:10:25,728 - INFO - Вызвана страница списка людей
2024-09-09 15:10:30,779 - INFO - Вызвана страница списка людей
2024-09-09 15:10:35,839 - INFO - Вызвана страница списка людей
2024-09-09 15:10:40,896 - INFO - Вызвана страница списка людей
2024-09-09 15:10:45,938 - INFO - Вызвана страница списка людей
2024-09-09 15:10:50,987 - INFO - Вызвана страница списка людей
2024-09-09 15:10:56,036 - INFO - Вызвана страница списка людей
2024-09-09 15:11:01,078 - INFO - Вызвана страница списка людей
2024-09-09 15:11:06,119 - INFO - Вызвана страница списка людей
2024-09-09 15:11:11,172 - INFO - Вызвана страница списка людей
2024-09-09 15:11:16,211 - INFO - Вызвана страница списка людей
2024-09-09 15:11:21,260 - INFO - Вызвана страница списка людей
2024-09-09 15:11:26,309 - INFO - Вызвана страница списка людей
2024-09-09 15:11:31,356 - INFO - Вызвана страница списка людей
2024-09-09 15:11:36,408 - INFO - Вызвана страница списка людей
2024-09-09 15:11:41,457 - INFO - Вызвана страница списка людей
2024-09-09 15:11:46,501 - INFO - Вызвана страница списка людей
2024-09-09 15:11:51,553 - INFO - Вызвана страница списка людей
2024-09-09 15:11:56,607 - INFO - Вызвана страница списка людей
2024-09-09 15:12:01,642 - INFO - Вызвана страница списка людей
2024-09-09 15:12:06,686 - INFO - Вызвана страница списка людей
2024-09-09 15:12:11,726 - INFO - Вызвана страница списка людей
2024-09-09 15:12:16,773 - INFO - Вызвана страница списка людей
2024-09-09 15:12:21,824 - INFO - Вызвана страница списка людей
2024-09-09 15:12:26,869 - INFO - Вызвана страница списка людей
2024-09-09 15:12:31,902 - INFO - Вызвана страница списка людей
2024-09-09 15:12:36,948 - INFO - Вызвана страница списка людей
2024-09-09 15:12:41,995 - INFO - Вызвана страница списка людей
2024-09-09 15:12:47,040 - INFO - Вызвана страница списка людей
2024-09-09 15:12:52,097 - INFO - Вызвана страница списка людей
2024-09-09 15:12:57,146 - INFO - Вызвана страница списка людей
2024-09-09 15:13:02,194 - INFO - Вызвана страница списка людей
2024-09-09 15:13:07,241 - INFO - Вызвана страница списка людей
2024-09-09 15:13:12,289 - INFO - Вызвана страница списка людей
2024-09-09 15:13:17,333 - INFO - Вызвана страница списка людей
2024-09-09 15:13:22,368 - INFO - Вызвана страница списка людей
2024-09-09 15:13:27,414 - INFO - Вызвана страница списка людей
2024-09-09 19:09:59,930 - INFO - Вызвана главная страница
2024-09-09 19:10:07,244 - INFO - Вызвана главная страница
2024-09-09 19:10:12,488 - INFO - Вызвана главная страница
2024-09-09 19:10:17,728 - INFO - Вызвана главная страница
2024-09-09 19:10:22,981 - INFO - Вызвана главная страница
2024-09-09 19:10:28,256 - INFO - Вызвана главная страница
2024-09-09 19:10:33,521 - INFO - Вызвана главная страница
2024-09-09 19:10:38,766 - INFO - Вызвана главная страница
2024-09-09 19:10:44,225 - INFO - Вызвана главная страница
2024-09-09 19:10:49,510 - INFO - Вызвана главная страница
2024-09-09 19:10:54,775 - INFO - Вызвана главная страница
2024-09-09 19:11:00,007 - INFO - Вызвана главная страница
2024-09-09 19:11:05,273 - INFO - Вызвана главная страница
2024-09-09 19:11:10,575 - INFO - Вызвана главная страница
2024-09-09 19:11:15,874 - INFO - Вызвана главная страница
2024-09-09 19:11:21,367 - INFO - Вызвана главная страница
2024-09-09 19:11:24,171 - INFO - Вызвана главная страница
2024-09-09 19:11:29,495 - INFO - Вызвана главная страница
2024-09-09 19:11:29,730 - INFO - Вызвана главная страница
2024-09-09 19:11:34,088 - INFO - Вызвана главная страница
2024-09-09 19:11:39,336 - INFO - Вызвана главная страница
2024-09-09 19:11:44,616 - INFO - Вызвана главная страница
2024-09-09 19:11:49,911 - INFO - Вызвана главная страница
2024-09-09 19:11:55,476 - INFO - Вызвана главная страница
2024-09-09 19:11:56,185 - INFO - Вызвана главная страница
2024-09-09 19:11:57,153 - INFO - Вызвана главная страница
2024-09-09 19:12:02,488 - INFO - Вызвана главная страница
2024-09-09 19:12:07,791 - INFO - Вызвана главная страница
2024-09-09 19:12:13,153 - INFO - Вызвана главная страница
2024-09-09 19:12:14,129 - INFO - Вызвана главная страница
2024-09-09 19:12:14,610 - INFO - Вызвана главная страница
2024-09-09 19:12:15,040 - INFO - Вызвана главная страница
2024-09-09 19:12:17,693 - INFO - Вызвана главная страница
2024-09-09 19:12:23,027 - INFO - Вызвана главная страница
2024-09-09 19:12:28,315 - INFO - Вызвана главная страница
2024-09-09 19:12:33,714 - INFO - Вызвана главная страница
2024-09-09 19:12:39,043 - INFO - Вызвана главная страница
2024-09-09 19:12:44,344 - INFO - Вызвана главная страница
2024-09-09 19:12:50,189 - INFO - Вызвана главная страница
2024-09-09 19:12:55,455 - INFO - Вызвана главная страница
2024-09-09 19:13:00,741 - INFO - Вызвана главная страница
2024-09-09 19:13:06,031 - INFO - Вызвана главная страница
2024-09-09 19:13:11,267 - INFO - Вызвана главная страница
2024-09-09 19:13:16,565 - INFO - Вызвана главная страница
2024-09-09 19:13:21,898 - INFO - Вызвана главная страница
2024-09-09 19:13:27,150 - INFO - Вызвана главная страница
2024-09-09 19:13:32,475 - INFO - Вызвана главная страница
2024-09-09 19:13:37,765 - INFO - Вызвана главная страница
2024-09-09 19:13:43,058 - INFO - Вызвана главная страница
2024-09-09 19:13:48,318 - INFO - Вызвана главная страница
2024-09-09 19:13:49,786 - INFO - Вызвана страница списка людей
2024-09-09 19:13:53,573 - INFO - Вызвана главная страница
2024-09-09 19:13:58,825 - INFO - Вызвана главная страница
2024-09-09 19:14:04,068 - INFO - Вызвана главная страница
2024-09-09 19:14:09,311 - INFO - Вызвана главная страница
2024-09-09 19:14:14,591 - INFO - Вызвана главная страница
2024-09-09 19:14:19,818 - INFO - Вызвана главная страница
2024-09-09 19:14:25,113 - INFO - Вызвана главная страница
2024-09-09 19:14:30,389 - INFO - Вызвана главная страница
2024-09-09 19:14:35,656 - INFO - Вызвана главная страница
2024-09-09 19:14:41,022 - INFO - Вызвана главная страница
2024-09-09 19:14:46,258 - INFO - Вызвана главная страница
2024-09-09 19:14:51,499 - INFO - Вызвана главная страница
2024-09-09 19:14:56,787 - INFO - Вызвана главная страница
2024-09-09 19:15:02,074 - INFO - Вызвана главная страница
2024-09-09 19:15:07,354 - INFO - Вызвана главная страница
2024-09-09 19:15:12,630 - INFO - Вызвана главная страница
2024-09-09 19:15:17,973 - INFO - Вызвана главная страница
2024-09-09 19:15:23,333 - INFO - Вызвана главная страница
2024-09-09 19:15:28,618 - INFO - Вызвана главная страница
2024-09-09 19:15:33,900 - INFO - Вызвана главная страница
2024-09-09 19:15:39,165 - INFO - Вызвана главная страница
2024-09-09 19:15:44,416 - INFO - Вызвана главная страница
2024-09-09 19:15:49,712 - INFO - Вызвана главная страница
2024-09-09 19:15:54,998 - INFO - Вызвана главная страница
2024-09-09 19:16:00,276 - INFO - Вызвана главная страница
2024-09-09 19:16:05,552 - INFO - Вызвана главная страница
2024-09-09 19:16:10,844 - INFO - Вызвана главная страница
2024-09-09 19:16:16,092 - INFO - Вызвана главная страница
2024-09-09 19:16:21,356 - INFO - Вызвана главная страница
2024-09-09 19:16:26,638 - INFO - Вызвана главная страница
2024-09-09 19:16:31,895 - INFO - Вызвана главная страница
2024-09-09 19:16:37,137 - INFO - Вызвана главная страница
2024-09-09 19:16:42,415 - INFO - Вызвана главная страница
2024-09-09 19:16:47,754 - INFO - Вызвана главная страница
2024-09-09 19:16:53,008 - INFO - Вызвана главная страница
2024-09-09 19:16:58,318 - INFO - Вызвана главная страница
2024-09-09 19:17:03,628 - INFO - Вызвана главная страница
2024-09-09 19:17:08,919 - INFO - Вызвана главная страница
2024-09-09 19:17:14,352 - INFO - Вызвана главная страница
2024-09-09 19:17:19,622 - INFO - Вызвана главная страница
2024-09-09 19:17:24,907 - INFO - Вызвана главная страница
2024-09-09 19:17:30,189 - INFO - Вызвана главная страница
2024-09-09 19:17:35,531 - INFO - Вызвана главная страница
2024-09-09 19:17:41,355 - INFO - Вызвана главная страница
2024-09-09 19:17:46,627 - INFO - Вызвана главная страница
2024-09-09 19:17:51,890 - INFO - Вызвана главная страница
2024-09-09 19:18:16,226 - INFO - Вызвана главная страница
2024-09-09 19:18:21,331 - INFO - Вызвана главная страница
2024-09-09 19:18:26,427 - INFO - Вызвана главная страница
2024-09-09 19:18:31,533 - INFO - Вызвана главная страница
2024-09-09 19:18:36,642 - INFO - Вызвана главная страница
2024-09-09 19:18:41,751 - INFO - Вызвана главная страница
2024-09-09 19:18:46,850 - INFO - Вызвана главная страница
2024-09-09 19:18:51,949 - INFO - Вызвана главная страница
2024-09-09 19:18:57,044 - INFO - Вызвана главная страница
2024-09-09 19:19:02,139 - INFO - Вызвана главная страница
2024-09-09 19:19:07,242 - INFO - Вызвана главная страница
2024-09-09 19:19:12,347 - INFO - Вызвана главная страница
2024-09-09 19:19:17,460 - INFO - Вызвана главная страница
2024-09-09 19:19:23,250 - INFO - Вызвана главная страница
2024-09-09 19:19:29,418 - INFO - Вызвана главная страница
2024-09-09 19:19:35,430 - INFO - Вызвана главная страница
2024-09-09 19:19:40,719 - INFO - Вызвана главная страница
2024-09-09 19:19:46,376 - INFO - Вызвана главная страница
2024-09-09 19:19:51,717 - INFO - Вызвана главная страница
2024-09-09 19:19:57,031 - INFO - Вызвана главная страница
2024-09-09 19:20:02,313 - INFO - Вызвана главная страница
2024-09-09 19:20:07,645 - INFO - Вызвана главная страница
2024-09-09 19:20:13,060 - INFO - Вызвана главная страница
2024-09-09 19:20:18,646 - INFO - Вызвана главная страница
2024-09-09 19:20:24,005 - INFO - Вызвана главная страница
2024-09-09 19:20:29,327 - INFO - Вызвана главная страница
2024-09-09 19:20:34,663 - INFO - Вызвана главная страница
2024-09-09 19:20:39,969 - INFO - Вызвана главная страница
2024-09-09 19:20:45,215 - INFO - Вызвана главная страница
2024-09-09 19:20:50,607 - INFO - Вызвана главная страница
2024-09-09 19:20:55,927 - INFO - Вызвана главная страница
2024-09-09 19:21:01,202 - INFO - Вызвана главная страница
2024-09-09 19:21:06,484 - INFO - Вызвана главная страница
2024-09-09 19:21:11,779 - INFO - Вызвана главная страница
2024-09-09 19:21:17,142 - INFO - Вызвана главная страница
2024-09-09 19:21:22,441 - INFO - Вызвана главная страница
2024-09-09 19:21:27,744 - INFO - Вызвана главная страница
2024-09-09 19:21:33,003 - INFO - Вызвана главная страница
2024-09-09 19:21:38,296 - INFO - Вызвана главная страница
2024-09-09 19:21:44,065 - INFO - Вызвана главная страница
2024-09-09 19:21:49,504 - INFO - Вызвана главная страница
2024-09-09 19:21:54,941 - INFO - Вызвана главная страница
2024-09-09 19:22:00,455 - INFO - Вызвана главная страница
2024-09-09 19:22:05,821 - INFO - Вызвана главная страница
2024-09-09 19:22:11,215 - INFO - Вызвана главная страница
2024-09-09 19:22:16,636 - INFO - Вызвана главная страница
2024-09-09 19:22:21,955 - INFO - Вызвана главная страница
2024-09-09 19:22:27,321 - INFO - Вызвана главная страница
2024-09-09 19:22:32,624 - INFO - Вызвана главная страница
2024-09-09 19:22:37,966 - INFO - Вызвана главная страница
2024-09-09 19:22:43,538 - INFO - Вызвана главная страница
2024-09-09 19:22:48,938 - INFO - Вызвана главная страница
2024-09-09 19:22:54,458 - INFO - Вызвана главная страница
2024-09-09 19:22:59,936 - INFO - Вызвана главная страница
2024-09-09 19:23:05,293 - INFO - Вызвана главная страница
2024-09-09 19:23:10,575 - INFO - Вызвана главная страница
2024-09-09 19:23:15,899 - INFO - Вызвана главная страница
2024-09-09 19:23:21,304 - INFO - Вызвана главная страница
2024-09-09 19:23:26,585 - INFO - Вызвана главная страница
2024-09-09 19:23:31,867 - INFO - Вызвана главная страница
2024-09-09 19:23:37,346 - INFO - Вызвана главная страница
2024-09-09 19:23:42,603 - INFO - Вызвана главная страница
2024-09-09 19:23:47,901 - INFO - Вызвана главная страница
2024-09-09 19:23:53,213 - INFO - Вызвана главная страница
2024-09-09 19:23:58,552 - INFO - Вызвана главная страница
2024-09-09 19:24:03,859 - INFO - Вызвана главная страница
2024-09-09 19:24:09,128 - INFO - Вызвана главная страница
2024-09-09 19:24:14,461 - INFO - Вызвана главная страница
2024-09-09 19:24:19,865 - INFO - Вызвана главная страница
2024-09-09 19:24:25,241 - INFO - Вызвана главная страница
2024-09-09 19:24:30,527 - INFO - Вызвана главная страница
2024-09-09 19:24:35,803 - INFO - Вызвана главная страница
2024-09-09 19:24:41,082 - INFO - Вызвана главная страница
2024-09-09 19:24:46,382 - INFO - Вызвана главная страница
2024-09-09 19:24:51,754 - INFO - Вызвана главная страница
2024-09-09 19:24:57,042 - INFO - Вызвана главная страница
2024-09-09 19:25:02,383 - INFO - Вызвана главная страница
2024-09-09 19:25:07,786 - INFO - Вызвана главная страница
2024-09-09 19:25:13,122 - INFO - Вызвана главная страница
2024-09-09 19:25:18,452 - INFO - Вызвана главная страница
2024-09-09 19:25:23,813 - INFO - Вызвана главная страница
2024-09-09 19:25:29,115 - INFO - Вызвана главная страница
2024-09-09 19:25:34,402 - INFO - Вызвана главная страница
2024-09-09 19:25:40,251 - INFO - Вызвана главная страница
2024-09-09 19:25:45,546 - INFO - Вызвана главная страница
2024-09-09 19:25:50,836 - INFO - Вызвана главная страница
2024-09-09 19:25:50,856 - INFO - Вызвана главная страница
2024-09-09 19:25:56,218 - INFO - Вызвана главная страница
2024-09-09 19:25:56,236 - INFO - Вызвана главная страница
2024-09-09 19:26:01,550 - INFO - Вызвана главная страница
2024-09-09 19:26:01,680 - INFO - Вызвана главная страница
2024-09-09 19:26:07,127 - INFO - Вызвана главная страница
2024-09-09 19:26:07,143 - INFO - Вызвана главная страница
2024-09-09 19:26:12,458 - INFO - Вызвана главная страница
2024-09-09 19:26:12,536 - INFO - Вызвана главная страница
2024-09-09 19:26:17,802 - INFO - Вызвана главная страница
2024-09-09 19:26:17,944 - INFO - Вызвана главная страница
2024-09-09 19:26:23,274 - INFO - Вызвана главная страница
2024-09-09 19:26:23,388 - INFO - Вызвана главная страница
2024-09-09 19:26:28,741 - INFO - Вызвана главная страница
2024-09-09 19:26:34,055 - INFO - Вызвана главная страница
2024-09-09 19:26:39,388 - INFO - Вызвана главная страница
2024-09-09 19:26:46,741 - INFO - Вызвана главная страница
2024-09-09 19:26:52,052 - INFO - Вызвана главная страница
2024-09-09 19:26:57,359 - INFO - Вызвана главная страница
2024-09-09 19:27:02,706 - INFO - Вызвана главная страница
2024-09-09 19:27:08,010 - INFO - Вызвана главная страница
2024-09-09 19:27:13,393 - INFO - Вызвана главная страница
2024-09-09 19:27:19,134 - INFO - Вызвана главная страница
2024-09-09 19:27:24,439 - INFO - Вызвана главная страница
2024-09-09 19:27:29,687 - INFO - Вызвана главная страница
2024-09-09 19:27:35,120 - INFO - Вызвана главная страница
2024-09-09 19:27:40,511 - INFO - Вызвана главная страница
2024-09-09 19:27:45,912 - INFO - Вызвана главная страница
2024-09-09 19:27:51,178 - INFO - Вызвана главная страница
2024-09-09 19:27:56,450 - INFO - Вызвана главная страница
2024-09-09 19:28:01,717 - INFO - Вызвана главная страница
2024-09-09 19:28:07,040 - INFO - Вызвана главная страница
2024-09-09 19:28:12,286 - INFO - Вызвана главная страница
2024-09-09 19:28:17,558 - INFO - Вызвана главная страница
2024-09-09 19:28:22,947 - INFO - Вызвана главная страница
2024-09-09 19:28:28,251 - INFO - Вызвана главная страница
2024-09-09 19:28:33,631 - INFO - Вызвана главная страница
2024-09-09 19:28:38,926 - INFO - Вызвана главная страница
2024-09-09 19:28:44,225 - INFO - Вызвана главная страница
2024-09-09 19:28:49,648 - INFO - Вызвана главная страница
2024-09-09 19:28:54,909 - INFO - Вызвана главная страница
2024-09-09 19:29:00,137 - INFO - Вызвана главная страница
2024-09-09 19:29:05,464 - INFO - Вызвана главная страница
2024-09-09 19:29:10,794 - INFO - Вызвана главная страница
2024-09-09 19:29:16,129 - INFO - Вызвана главная страница
2024-09-09 19:29:21,418 - INFO - Вызвана главная страница
2024-09-09 19:29:26,697 - INFO - Вызвана главная страница
2024-09-09 19:29:32,043 - INFO - Вызвана главная страница
2024-09-09 19:29:37,389 - INFO - Вызвана главная страница
2024-09-09 19:29:42,686 - INFO - Вызвана главная страница
2024-09-09 19:29:47,956 - INFO - Вызвана главная страница
2024-09-09 19:29:53,651 - INFO - Вызвана главная страница
2024-09-09 19:29:59,189 - INFO - Вызвана главная страница
2024-09-09 19:30:04,559 - INFO - Вызвана главная страница
2024-09-09 19:30:09,946 - INFO - Вызвана главная страница
2024-09-09 19:30:15,199 - INFO - Вызвана главная страница
2024-09-09 19:30:20,503 - INFO - Вызвана главная страница
2024-09-09 19:30:25,812 - INFO - Вызвана главная страница
2024-09-09 19:30:31,086 - INFO - Вызвана главная страница
2024-09-09 19:30:36,441 - INFO - Вызвана главная страница
2024-09-09 19:30:41,710 - INFO - Вызвана главная страница
2024-09-09 19:30:47,106 - INFO - Вызвана главная страница
2024-09-09 19:30:52,493 - INFO - Вызвана главная страница
2024-09-09 19:30:57,793 - INFO - Вызвана главная страница
2024-09-09 19:31:03,064 - INFO - Вызвана главная страница
2024-09-09 19:31:08,403 - INFO - Вызвана главная страница
2024-09-09 19:31:13,926 - INFO - Вызвана главная страница
2024-09-09 19:31:19,384 - INFO - Вызвана главная страница
2024-09-09 19:31:24,771 - INFO - Вызвана главная страница
2024-09-09 19:31:30,251 - INFO - Вызвана главная страница
2024-09-09 19:31:35,532 - INFO - Вызвана главная страница
2024-09-09 19:31:41,046 - INFO - Вызвана главная страница
2024-09-09 19:31:46,379 - INFO - Вызвана главная страница
2024-09-09 19:31:51,619 - INFO - Вызвана главная страница
2024-09-09 19:31:56,912 - INFO - Вызвана главная страница
2024-09-09 19:32:02,218 - INFO - Вызвана главная страница
2024-09-09 19:32:07,643 - INFO - Вызвана главная страница
2024-09-09 19:32:12,925 - INFO - Вызвана главная страница
2024-09-09 19:32:18,229 - INFO - Вызвана главная страница
2024-09-09 19:32:23,523 - INFO - Вызвана главная страница
2024-09-09 19:32:28,887 - INFO - Вызвана главная страница
2024-09-09 19:32:34,306 - INFO - Вызвана главная страница
2024-09-09 19:32:39,647 - INFO - Вызвана главная страница
2024-09-09 19:32:45,004 - INFO - Вызвана главная страница
2024-09-09 19:32:50,974 - INFO - Вызвана главная страница
2024-09-09 19:32:56,268 - INFO - Вызвана главная страница
2024-09-09 19:33:01,605 - INFO - Вызвана главная страница
2024-09-09 19:33:06,930 - INFO - Вызвана главная страница
2024-09-09 19:33:12,299 - INFO - Вызвана главная страница
2024-09-09 19:33:17,724 - INFO - Вызвана главная страница
2024-09-09 19:33:23,112 - INFO - Вызвана главная страница
2024-09-09 19:33:28,385 - INFO - Вызвана главная страница
2024-09-09 19:33:33,712 - INFO - Вызвана главная страница
2024-09-09 19:33:38,962 - INFO - Вызвана главная страница
2024-09-09 19:33:44,257 - INFO - Вызвана главная страница
2024-09-09 19:33:49,547 - INFO - Вызвана главная страница
2024-09-09 19:33:54,842 - INFO - Вызвана главная страница
2024-09-09 19:34:00,133 - INFO - Вызвана главная страница
2024-09-09 19:34:05,559 - INFO - Вызвана главная страница
2024-09-09 19:34:10,825 - INFO - Вызвана главная страница
2024-09-09 19:34:16,146 - INFO - Вызвана главная страница
2024-09-09 19:34:21,438 - INFO - Вызвана главная страница
2024-09-09 19:34:26,842 - INFO - Вызвана главная страница
2024-09-09 19:34:32,105 - INFO - Вызвана главная страница
2024-09-09 19:34:37,495 - INFO - Вызвана главная страница
2024-09-09 19:34:42,870 - INFO - Вызвана главная страница
2024-09-09 19:34:48,309 - INFO - Вызвана главная страница
2024-09-09 19:34:53,617 - INFO - Вызвана главная страница
2024-09-09 19:34:59,061 - INFO - Вызвана главная страница
2024-09-09 19:35:04,416 - INFO - Вызвана главная страница
2024-09-09 19:35:09,023 - INFO - Вызвана главная страница
2024-09-09 19:35:09,811 - INFO - Вызвана главная страница
2024-09-09 19:35:14,374 - INFO - Вызвана главная страница
2024-09-09 19:35:15,106 - INFO - Вызвана главная страница
2024-09-09 19:35:19,816 - INFO - Вызвана главная страница
2024-09-09 19:35:20,379 - INFO - Вызвана главная страница
2024-09-09 19:35:25,130 - INFO - Вызвана главная страница
2024-09-09 19:35:25,755 - INFO - Вызвана главная страница
2024-09-09 19:35:30,644 - INFO - Вызвана главная страница
2024-09-09 19:35:31,133 - INFO - Вызвана главная страница
2024-09-09 19:35:35,956 - INFO - Вызвана главная страница
2024-09-09 19:35:36,426 - INFO - Вызвана главная страница
2024-09-09 19:35:41,362 - INFO - Вызвана главная страница
2024-09-09 19:35:41,733 - INFO - Вызвана главная страница
2024-09-09 19:35:46,675 - INFO - Вызвана главная страница
2024-09-09 19:35:46,983 - INFO - Вызвана главная страница
2024-09-09 19:35:52,021 - INFO - Вызвана главная страница
2024-09-09 19:35:52,266 - INFO - Вызвана главная страница
2024-09-09 19:35:57,329 - INFO - Вызвана главная страница
2024-09-09 19:35:57,579 - INFO - Вызвана главная страница
2024-09-09 19:36:02,717 - INFO - Вызвана главная страница
2024-09-09 19:36:02,866 - INFO - Вызвана главная страница
2024-09-09 19:36:08,006 - INFO - Вызвана главная страница
2024-09-09 19:36:08,432 - INFO - Вызвана главная страница
2024-09-09 19:36:13,350 - INFO - Вызвана главная страница
2024-09-09 19:36:13,734 - INFO - Вызвана главная страница
2024-09-09 19:36:18,636 - INFO - Вызвана главная страница
2024-09-09 19:36:19,083 - INFO - Вызвана главная страница
2024-09-09 19:36:23,951 - INFO - Вызвана главная страница
2024-09-09 19:36:24,437 - INFO - Вызвана главная страница
2024-09-09 19:36:29,189 - INFO - Вызвана главная страница
2024-09-09 19:36:29,758 - INFO - Вызвана главная страница
2024-09-09 19:36:34,531 - INFO - Вызвана главная страница
2024-09-09 19:36:35,071 - INFO - Вызвана главная страница
2024-09-09 19:36:40,167 - INFO - Вызвана главная страница
2024-09-09 19:36:40,387 - INFO - Вызвана главная страница
2024-09-09 19:36:45,438 - INFO - Вызвана главная страница
2024-09-09 19:36:45,632 - INFO - Вызвана главная страница
2024-09-09 19:36:50,704 - INFO - Вызвана главная страница
2024-09-09 19:36:50,936 - INFO - Вызвана главная страница
2024-09-09 19:36:55,994 - INFO - Вызвана главная страница
2024-09-09 19:36:56,280 - INFO - Вызвана главная страница
2024-09-09 19:37:01,250 - INFO - Вызвана главная страница
2024-09-09 19:37:01,542 - INFO - Вызвана главная страница
2024-09-09 19:37:06,560 - INFO - Вызвана главная страница
2024-09-09 19:37:06,837 - INFO - Вызвана главная страница
2024-09-09 19:37:11,872 - INFO - Вызвана главная страница
2024-09-09 19:37:12,125 - INFO - Вызвана главная страница
2024-09-09 19:37:17,169 - INFO - Вызвана главная страница
2024-09-09 19:37:17,406 - INFO - Вызвана главная страница
2024-09-09 19:37:22,570 - INFO - Вызвана главная страница
2024-09-09 19:37:22,716 - INFO - Вызвана главная страница
2024-09-09 19:37:27,863 - INFO - Вызвана главная страница
2024-09-09 19:37:28,255 - INFO - Вызвана главная страница
2024-09-09 19:37:33,197 - INFO - Вызвана главная страница
2024-09-09 19:37:33,552 - INFO - Вызвана главная страница
2024-09-09 19:37:34,292 - INFO - Вызвана главная страница
2024-09-09 19:37:35,279 - INFO - Вызвана главная страница
2024-09-09 19:37:38,438 - INFO - Вызвана главная страница
2024-09-09 19:37:38,792 - INFO - Вызвана главная страница
2024-09-09 19:37:39,553 - INFO - Вызвана главная страница
2024-09-09 19:37:44,425 - INFO - Вызвана главная страница
2024-09-09 19:37:44,872 - INFO - Вызвана главная страница
2024-09-09 19:37:49,760 - INFO - Вызвана главная страница
2024-09-09 19:37:50,198 - INFO - Вызвана главная страница
2024-09-09 19:37:55,045 - INFO - Вызвана главная страница
2024-09-09 19:37:55,538 - INFO - Вызвана главная страница
2024-09-09 19:38:00,463 - INFO - Вызвана главная страница
2024-09-09 19:38:00,887 - INFO - Вызвана главная страница
2024-09-09 19:38:05,738 - INFO - Вызвана главная страница
2024-09-09 19:38:06,224 - INFO - Вызвана главная страница
2024-09-09 19:38:08,840 - INFO - Вызвана главная страница
2024-09-09 19:38:09,272 - INFO - Вызвана главная страница
2024-09-09 19:38:11,563 - INFO - Вызвана главная страница
2024-09-09 19:38:14,624 - INFO - Вызвана главная страница
2024-09-09 19:38:16,835 - INFO - Вызвана главная страница
2024-09-09 19:38:19,917 - INFO - Вызвана главная страница
2024-09-09 19:38:22,077 - INFO - Вызвана главная страница
2024-09-09 19:38:25,205 - INFO - Вызвана главная страница
2024-09-09 19:38:27,438 - INFO - Вызвана главная страница
2024-09-09 19:38:30,504 - INFO - Вызвана главная страница
2024-09-09 19:38:32,767 - INFO - Вызвана главная страница
2024-09-09 19:38:35,803 - INFO - Вызвана главная страница
2024-09-09 19:38:38,048 - INFO - Вызвана главная страница
2024-09-09 19:38:41,057 - INFO - Вызвана главная страница
2024-09-09 19:38:46,308 - INFO - Вызвана главная страница
2024-09-09 19:38:46,387 - INFO - Вызвана главная страница
2024-09-09 19:38:51,682 - INFO - Вызвана главная страница
2024-09-09 19:38:51,780 - INFO - Вызвана главная страница
2024-09-09 19:38:57,069 - INFO - Вызвана главная страница
2024-09-09 19:38:57,237 - INFO - Вызвана главная страница
2024-09-09 19:39:02,422 - INFO - Вызвана главная страница
2024-09-09 19:39:02,548 - INFO - Вызвана главная страница
2024-09-09 19:39:07,675 - INFO - Вызвана главная страница
2024-09-09 19:39:07,847 - INFO - Вызвана главная страница
2024-09-09 19:39:12,978 - INFO - Вызвана главная страница
2024-09-09 19:39:13,138 - INFO - Вызвана главная страница
2024-09-09 19:39:18,309 - INFO - Вызвана главная страница
2024-09-09 19:39:18,462 - INFO - Вызвана главная страница
2024-09-09 19:39:23,629 - INFO - Вызвана главная страница
2024-09-09 19:39:23,769 - INFO - Вызвана главная страница
2024-09-09 19:39:28,869 - INFO - Вызвана главная страница
2024-09-09 19:39:29,239 - INFO - Вызвана главная страница
2024-09-09 19:39:34,163 - INFO - Вызвана главная страница
2024-09-09 19:39:34,496 - INFO - Вызвана главная страница
2024-09-09 19:39:39,518 - INFO - Вызвана главная страница
2024-09-09 19:39:39,811 - INFO - Вызвана главная страница
2024-09-09 19:39:44,781 - INFO - Вызвана главная страница
2024-09-09 19:39:45,051 - INFO - Вызвана главная страница
2024-09-09 19:39:50,317 - INFO - Вызвана главная страница
2024-09-09 19:39:50,410 - INFO - Вызвана главная страница
2024-09-09 19:39:55,646 - INFO - Вызвана главная страница
2024-09-09 19:39:55,757 - INFO - Вызвана главная страница
2024-09-09 19:40:00,905 - INFO - Вызвана главная страница
2024-09-09 19:40:01,030 - INFO - Вызвана главная страница
2024-09-09 19:40:06,214 - INFO - Вызвана главная страница
2024-09-09 19:40:06,349 - INFO - Вызвана главная страница
2024-09-09 19:40:11,549 - INFO - Вызвана главная страница
2024-09-09 19:40:11,640 - INFO - Вызвана главная страница
2024-09-09 19:40:16,813 - INFO - Вызвана главная страница
2024-09-09 19:40:17,027 - INFO - Вызвана главная страница
2024-09-09 19:40:22,114 - INFO - Вызвана главная страница
2024-09-09 19:40:22,341 - INFO - Вызвана главная страница
2024-09-09 19:40:27,414 - INFO - Вызвана главная страница
2024-09-09 19:40:27,671 - INFO - Вызвана главная страница
2024-09-09 19:40:32,742 - INFO - Вызвана главная страница
2024-09-09 19:40:32,973 - INFO - Вызвана главная страница
2024-09-09 19:40:38,026 - INFO - Вызвана главная страница
2024-09-09 19:40:38,239 - INFO - Вызвана главная страница
2024-09-09 19:40:43,270 - INFO - Вызвана главная страница
2024-09-09 19:40:43,494 - INFO - Вызвана главная страница
2024-09-09 19:40:48,590 - INFO - Вызвана главная страница
2024-09-09 19:40:48,784 - INFO - Вызвана главная страница
2024-09-09 19:40:53,853 - INFO - Вызвана главная страница
2024-09-09 19:40:54,157 - INFO - Вызвана главная страница
2024-09-09 19:40:59,113 - INFO - Вызвана главная страница
2024-09-09 19:40:59,385 - INFO - Вызвана главная страница
2024-09-09 19:41:04,477 - INFO - Вызвана главная страница
2024-09-09 19:41:04,692 - INFO - Вызвана главная страница
2024-09-09 19:41:09,800 - INFO - Вызвана главная страница
2024-09-09 19:41:10,046 - INFO - Вызвана главная страница
2024-09-09 19:41:15,144 - INFO - Вызвана главная страница
2024-09-09 19:41:15,484 - INFO - Вызвана главная страница
2024-09-09 19:41:20,419 - INFO - Вызвана главная страница
2024-09-09 19:41:20,780 - INFO - Вызвана главная страница
2024-09-09 19:41:25,687 - INFO - Вызвана главная страница
2024-09-09 19:41:26,311 - INFO - Вызвана главная страница
2024-09-09 19:41:31,587 - INFO - Вызвана главная страница
2024-09-09 19:41:31,995 - INFO - Вызвана главная страница
2024-09-09 19:41:37,466 - INFO - Вызвана главная страница
2024-09-09 19:41:38,298 - INFO - Вызвана главная страница
2024-09-09 19:41:43,476 - INFO - Вызвана главная страница
2024-09-09 19:41:44,050 - INFO - Вызвана главная страница
2024-09-09 19:41:49,068 - INFO - Вызвана главная страница
2024-09-09 19:41:49,604 - INFO - Вызвана главная страница
2024-09-09 19:41:54,608 - INFO - Вызвана главная страница
2024-09-09 19:41:54,973 - INFO - Вызвана главная страница
2024-09-09 19:42:00,051 - INFO - Вызвана главная страница
2024-09-09 19:42:00,424 - INFO - Вызвана главная страница
2024-09-09 19:42:05,445 - INFO - Вызвана главная страница
2024-09-09 19:42:05,711 - INFO - Вызвана главная страница
2024-09-09 19:42:10,833 - INFO - Вызвана главная страница
2024-09-09 19:42:11,085 - INFO - Вызвана главная страница
2024-09-09 19:42:16,208 - INFO - Вызвана главная страница
2024-09-09 19:42:16,430 - INFO - Вызвана главная страница
2024-09-09 19:42:21,518 - INFO - Вызвана главная страница
2024-09-09 19:42:21,721 - INFO - Вызвана главная страница
2024-09-09 19:42:26,902 - INFO - Вызвана главная страница
2024-09-09 19:42:27,399 - INFO - Вызвана главная страница
2024-09-09 19:42:32,192 - INFO - Вызвана главная страница
2024-09-09 19:42:32,808 - INFO - Вызвана главная страница
2024-09-09 19:42:37,497 - INFO - Вызвана главная страница
2024-09-09 19:42:38,093 - INFO - Вызвана главная страница
2024-09-09 19:42:42,959 - INFO - Вызвана главная страница
2024-09-09 19:42:43,411 - INFO - Вызвана главная страница
2024-09-09 19:42:48,325 - INFO - Вызвана главная страница
2024-09-09 19:42:48,807 - INFO - Вызвана главная страница
2024-09-09 19:42:53,704 - INFO - Вызвана главная страница
2024-09-09 19:42:54,170 - INFO - Вызвана главная страница
2024-09-09 19:42:59,081 - INFO - Вызвана главная страница
2024-09-09 19:42:59,486 - INFO - Вызвана главная страница
2024-09-09 19:43:04,378 - INFO - Вызвана главная страница
2024-09-09 19:43:04,773 - INFO - Вызвана главная страница
2024-09-09 19:43:09,676 - INFO - Вызвана главная страница
2024-09-09 19:43:10,159 - INFO - Вызвана главная страница
2024-09-09 19:43:15,058 - INFO - Вызвана главная страница
2024-09-09 19:43:15,446 - INFO - Вызвана главная страница
2024-09-09 19:43:20,346 - INFO - Вызвана главная страница
2024-09-09 19:43:20,720 - INFO - Вызвана главная страница
2024-09-09 19:43:25,714 - INFO - Вызвана главная страница
2024-09-09 19:43:26,062 - INFO - Вызвана главная страница
2024-09-09 19:43:31,077 - INFO - Вызвана главная страница
2024-09-09 19:43:31,483 - INFO - Вызвана главная страница
2024-09-09 19:43:36,381 - INFO - Вызвана главная страница
2024-09-09 19:43:36,856 - INFO - Вызвана главная страница
2024-09-09 19:43:41,916 - INFO - Вызвана главная страница
2024-09-09 19:43:42,824 - INFO - Вызвана главная страница
2024-09-09 19:43:48,058 - INFO - Вызвана главная страница
2024-09-09 19:43:48,618 - INFO - Вызвана главная страница
2024-09-09 19:43:53,951 - INFO - Вызвана главная страница
2024-09-09 19:43:54,884 - INFO - Вызвана главная страница
2024-09-09 19:43:59,793 - INFO - Вызвана главная страница
2024-09-09 19:44:00,693 - INFO - Вызвана главная страница
2024-09-09 19:44:05,607 - INFO - Вызвана главная страница
2024-09-09 19:44:06,678 - INFO - Вызвана главная страница
2024-09-09 19:44:11,392 - INFO - Вызвана главная страница
2024-09-09 19:44:12,230 - INFO - Вызвана главная страница
2024-09-09 19:44:16,857 - INFO - Вызвана главная страница
2024-09-09 19:44:17,706 - INFO - Вызвана главная страница
2024-09-09 19:44:22,335 - INFO - Вызвана главная страница
2024-09-09 19:44:23,714 - INFO - Вызвана главная страница
2024-09-09 19:44:27,738 - INFO - Вызвана главная страница
2024-09-09 19:44:29,060 - INFO - Вызвана главная страница
2024-09-09 19:44:33,154 - INFO - Вызвана главная страница
2024-09-09 19:44:34,355 - INFO - Вызвана главная страница
2024-09-09 19:44:38,559 - INFO - Вызвана главная страница
2024-09-09 19:44:39,740 - INFO - Вызвана главная страница
2024-09-09 19:44:43,845 - INFO - Вызвана главная страница
2024-09-09 19:44:45,040 - INFO - Вызвана главная страница
2024-09-09 19:44:49,153 - INFO - Вызвана главная страница
2024-09-09 19:44:50,338 - INFO - Вызвана главная страница
2024-09-09 19:44:54,470 - INFO - Вызвана главная страница
2024-09-09 19:44:55,625 - INFO - Вызвана главная страница
2024-09-09 19:44:59,830 - INFO - Вызвана главная страница
2024-09-09 19:45:00,925 - INFO - Вызвана главная страница
2024-09-09 19:45:05,140 - INFO - Вызвана главная страница
2024-09-09 19:45:06,397 - INFO - Вызвана главная страница
2024-09-09 19:45:11,048 - INFO - Вызвана главная страница
2024-09-09 19:45:11,660 - INFO - Вызвана главная страница
2024-09-09 19:45:16,310 - INFO - Вызвана главная страница
2024-09-09 19:45:16,950 - INFO - Вызвана главная страница
2024-09-09 19:45:21,621 - INFO - Вызвана главная страница
2024-09-09 19:45:22,310 - INFO - Вызвана главная страница
2024-09-09 19:45:26,931 - INFO - Вызвана главная страница
2024-09-09 19:45:27,588 - INFO - Вызвана главная страница
2024-09-09 19:45:32,239 - INFO - Вызвана главная страница
2024-09-09 19:45:32,879 - INFO - Вызвана главная страница
2024-09-09 19:45:37,539 - INFO - Вызвана главная страница
2024-09-09 19:45:38,172 - INFO - Вызвана главная страница
2024-09-09 19:45:42,831 - INFO - Вызвана главная страница
2024-09-09 19:45:43,465 - INFO - Вызвана главная страница
2024-09-09 19:45:48,127 - INFO - Вызвана главная страница
2024-09-09 19:45:48,761 - INFO - Вызвана главная страница
2024-09-09 19:45:53,405 - INFO - Вызвана главная страница
2024-09-09 19:45:54,014 - INFO - Вызвана главная страница
2024-09-09 19:45:58,696 - INFO - Вызвана главная страница
2024-09-09 19:45:59,337 - INFO - Вызвана главная страница
2024-09-09 19:46:03,978 - INFO - Вызвана главная страница
2024-09-09 19:46:04,636 - INFO - Вызвана главная страница
2024-09-09 19:46:09,291 - INFO - Вызвана главная страница
2024-09-09 19:46:09,916 - INFO - Вызвана главная страница
2024-09-09 19:46:14,690 - INFO - Вызвана главная страница
2024-09-09 19:46:15,186 - INFO - Вызвана главная страница
2024-09-09 19:46:19,981 - INFO - Вызвана главная страница
2024-09-09 19:46:20,489 - INFO - Вызвана главная страница
2024-09-09 19:46:25,408 - INFO - Вызвана главная страница
2024-09-09 19:46:25,843 - INFO - Вызвана главная страница
2024-09-09 19:46:30,704 - INFO - Вызвана главная страница
2024-09-09 19:46:31,190 - INFO - Вызвана главная страница
2024-09-09 19:46:36,476 - INFO - Вызвана главная страница
2024-09-09 19:46:36,650 - INFO - Вызвана главная страница
2024-09-09 19:46:41,764 - INFO - Вызвана главная страница
2024-09-09 19:46:41,952 - INFO - Вызвана главная страница
2024-09-09 19:46:47,026 - INFO - Вызвана главная страница
2024-09-09 19:46:47,451 - INFO - Вызвана главная страница
2024-09-09 19:46:52,729 - INFO - Вызвана главная страница
2024-09-09 19:46:53,138 - INFO - Вызвана главная страница
2024-09-09 19:46:58,485 - INFO - Вызвана главная страница
2024-09-09 19:47:03,795 - INFO - Вызвана главная страница
2024-09-09 19:47:09,123 - INFO - Вызвана главная страница
2024-09-09 19:47:16,591 - INFO - Вызвана главная страница
2024-09-09 19:47:23,511 - INFO - Вызвана главная страница
2024-09-09 19:47:38,244 - INFO - Вызвана главная страница
2024-09-09 19:47:44,376 - INFO - Вызвана главная страница
2024-09-09 19:47:50,438 - INFO - Вызвана главная страница
2024-09-09 19:47:56,187 - INFO - Вызвана главная страница
2024-09-09 19:48:01,706 - INFO - Вызвана главная страница
2024-09-09 19:48:07,537 - INFO - Вызвана главная страница
2024-09-09 19:48:13,085 - INFO - Вызвана главная страница
2024-09-09 19:48:18,880 - INFO - Вызвана главная страница
2024-09-09 19:48:24,882 - INFO - Вызвана главная страница
2024-09-09 19:48:30,509 - INFO - Вызвана главная страница
2024-09-09 19:48:36,104 - INFO - Вызвана главная страница
2024-09-09 19:48:42,182 - INFO - Вызвана главная страница
2024-09-09 19:48:47,864 - INFO - Вызвана главная страница
2024-09-09 19:48:54,040 - INFO - Вызвана главная страница
2024-09-09 19:49:01,977 - INFO - Вызвана главная страница
2024-09-09 19:49:07,761 - INFO - Вызвана главная страница
2024-09-09 19:49:13,577 - INFO - Вызвана главная страница
2024-09-09 19:49:19,533 - INFO - Вызвана главная страница
2024-09-09 19:49:25,110 - INFO - Вызвана главная страница
2024-09-09 19:49:31,125 - INFO - Вызвана главная страница
2024-09-09 19:49:36,551 - INFO - Вызвана главная страница
2024-09-09 19:49:41,958 - INFO - Вызвана главная страница
2024-09-09 19:49:47,399 - INFO - Вызвана главная страница
2024-09-09 19:49:52,826 - INFO - Вызвана главная страница
2024-09-09 19:49:58,160 - INFO - Вызвана главная страница
2024-09-09 19:50:04,030 - INFO - Вызвана главная страница
2024-09-09 19:50:09,436 - INFO - Вызвана главная страница
2024-09-09 19:50:14,847 - INFO - Вызвана главная страница
2024-09-09 19:50:20,149 - INFO - Вызвана главная страница
2024-09-09 19:50:25,460 - INFO - Вызвана главная страница
2024-09-09 19:50:30,857 - INFO - Вызвана главная страница
2024-09-09 19:50:36,230 - INFO - Вызвана главная страница
2024-09-09 19:50:41,535 - INFO - Вызвана главная страница
2024-09-09 19:50:46,890 - INFO - Вызвана главная страница
2024-09-09 19:50:52,223 - INFO - Вызвана главная страница
2024-09-09 19:50:57,501 - INFO - Вызвана главная страница
2024-09-09 19:51:02,819 - INFO - Вызвана главная страница
2024-09-09 19:51:08,114 - INFO - Вызвана главная страница
2024-09-09 19:51:13,609 - INFO - Вызвана главная страница
2024-09-09 19:51:18,916 - INFO - Вызвана главная страница
2024-09-09 19:51:24,225 - INFO - Вызвана главная страница
2024-09-09 19:51:29,600 - INFO - Вызвана главная страница
2024-09-09 19:51:35,056 - INFO - Вызвана главная страница
2024-09-09 19:51:40,548 - INFO - Вызвана главная страница
2024-09-09 19:51:49,088 - INFO - Вызвана главная страница
2024-09-09 19:51:55,714 - INFO - Вызвана главная страница
2024-09-09 19:52:01,983 - INFO - Вызвана главная страница
2024-09-09 19:52:08,352 - INFO - Вызвана главная страница
2024-09-09 19:52:14,615 - INFO - Вызвана главная страница
2024-09-09 19:52:20,900 - INFO - Вызвана главная страница
2024-09-09 19:52:26,694 - INFO - Вызвана главная страница
2024-09-09 19:52:32,227 - INFO - Вызвана главная страница
2024-09-09 19:52:37,730 - INFO - Вызвана главная страница
2024-09-09 19:52:43,106 - INFO - Вызвана главная страница
2024-09-09 19:52:48,448 - INFO - Вызвана главная страница
2024-09-09 19:52:53,769 - INFO - Вызвана главная страница
2024-09-09 19:52:59,083 - INFO - Вызвана главная страница
2024-09-09 19:53:04,639 - INFO - Вызвана главная страница
2024-09-09 19:53:10,039 - INFO - Вызвана главная страница
2024-09-09 19:53:15,354 - INFO - Вызвана главная страница
2024-09-09 19:53:19,916 - INFO - Вызвана главная страница
2024-09-09 19:53:21,136 - INFO - Вызвана главная страница
2024-09-09 19:53:26,431 - INFO - Вызвана главная страница
2024-09-09 19:53:31,797 - INFO - Вызвана главная страница
2024-09-09 19:53:37,101 - INFO - Вызвана главная страница
2024-09-09 19:53:42,491 - INFO - Вызвана главная страница
2024-09-09 19:53:44,915 - INFO - Вызвана главная страница
2024-09-09 19:53:45,406 - INFO - Вызвана главная страница
2024-09-09 19:53:50,745 - INFO - Вызвана главная страница
2024-09-09 19:53:56,093 - INFO - Вызвана главная страница
2024-09-09 19:54:01,405 - INFO - Вызвана главная страница
2024-09-09 19:54:06,784 - INFO - Вызвана главная страница
2024-09-09 19:54:12,119 - INFO - Вызвана главная страница
2024-09-09 19:54:15,194 - INFO - Вызвана главная страница
2024-09-09 19:54:15,859 - INFO - Вызвана главная страница
2024-09-09 19:54:21,241 - INFO - Вызвана главная страница
2024-09-09 19:54:26,543 - INFO - Вызвана главная страница
2024-09-09 19:54:31,961 - INFO - Вызвана главная страница
2024-09-09 19:54:35,291 - INFO - Вызвана главная страница
2024-09-09 19:54:35,815 - INFO - Вызвана главная страница
2024-09-09 19:54:36,284 - INFO - Вызвана главная страница
2024-09-09 19:54:36,761 - INFO - Вызвана главная страница
2024-09-09 19:54:37,095 - INFO - Вызвана главная страница
2024-09-09 19:54:42,402 - INFO - Вызвана главная страница
2024-09-09 19:54:43,096 - INFO - Вызвана главная страница
2024-09-09 19:54:49,038 - INFO - Вызвана главная страница
2024-09-09 19:54:54,409 - INFO - Вызвана главная страница
2024-09-09 19:54:59,697 - INFO - Вызвана главная страница
2024-09-09 19:55:04,993 - INFO - Вызвана главная страница
2024-09-09 19:55:10,358 - INFO - Вызвана главная страница
2024-09-09 19:55:15,751 - INFO - Вызвана главная страница
2024-09-09 19:55:21,089 - INFO - Вызвана главная страница
2024-09-09 19:55:26,384 - INFO - Вызвана главная страница
2024-09-09 19:55:28,195 - INFO - Вызвана главная страница
2024-09-09 19:55:31,504 - INFO - Вызвана главная страница
2024-09-09 19:55:32,018 - INFO - Вызвана главная страница
2024-09-09 19:55:37,339 - INFO - Вызвана главная страница
2024-09-09 19:55:39,046 - INFO - Вызвана главная страница
2024-09-09 19:55:39,524 - INFO - Вызвана главная страница
2024-09-09 19:55:39,879 - INFO - Вызвана главная страница
2024-09-09 19:55:45,243 - INFO - Вызвана главная страница
2024-09-09 19:55:47,928 - INFO - Вызвана главная страница
2024-09-09 19:55:58,166 - INFO - Вызвана главная страница
2024-09-09 19:56:00,019 - INFO - Вызвана главная страница
2024-09-09 19:56:00,773 - INFO - Вызвана главная страница
2024-09-09 19:56:06,157 - INFO - Вызвана главная страница
2024-09-09 19:56:06,428 - INFO - Вызвана главная страница
2024-09-09 19:56:11,775 - INFO - Вызвана главная страница
2024-09-09 19:56:17,130 - INFO - Вызвана главная страница
2024-09-09 19:56:22,927 - INFO - Вызвана главная страница
2024-09-09 19:56:28,230 - INFO - Вызвана главная страница
2024-09-09 19:56:33,596 - INFO - Вызвана главная страница
2024-09-09 19:56:38,069 - INFO - Вызвана главная страница
2024-09-09 19:56:38,622 - INFO - Вызвана главная страница
2024-09-09 19:56:43,896 - INFO - Вызвана главная страница
2024-09-09 19:56:48,076 - INFO - Вызвана главная страница
2024-09-09 19:56:48,657 - INFO - Вызвана главная страница
2024-09-09 19:56:48,835 - INFO - Вызвана главная страница
2024-09-09 19:56:49,006 - INFO - Вызвана главная страница
2024-09-09 19:56:49,216 - INFO - Вызвана главная страница
2024-09-09 19:56:49,374 - INFO - Вызвана главная страница
2024-09-09 19:56:49,533 - INFO - Вызвана главная страница
2024-09-09 19:56:54,814 - INFO - Вызвана главная страница
2024-09-09 19:57:00,192 - INFO - Вызвана главная страница
2024-09-09 19:57:05,676 - INFO - Вызвана главная страница
2024-09-09 19:57:11,033 - INFO - Вызвана главная страница
2024-09-09 19:57:11,198 - INFO - Вызвана главная страница
2024-09-09 19:57:11,906 - INFO - Вызвана главная страница
2024-09-09 19:57:12,718 - INFO - Вызвана главная страница
2024-09-09 19:57:22,303 - INFO - Вызвана главная страница
2024-09-09 19:57:27,615 - INFO - Вызвана главная страница
2024-09-09 19:57:32,995 - INFO - Вызвана главная страница
2024-09-09 19:57:38,318 - INFO - Вызвана главная страница
2024-09-09 19:57:43,706 - INFO - Вызвана главная страница
2024-09-09 19:57:49,010 - INFO - Вызвана главная страница
2024-09-09 19:57:54,441 - INFO - Вызвана главная страница
2024-09-09 19:57:59,756 - INFO - Вызвана главная страница
2024-09-09 19:58:04,103 - INFO - Вызвана главная страница
2024-09-09 19:58:09,520 - INFO - Вызвана главная страница
2024-09-09 19:58:11,233 - INFO - Вызвана главная страница
2024-09-09 19:58:16,616 - INFO - Вызвана главная страница
2024-09-09 19:58:22,143 - INFO - Вызвана главная страница
2024-09-09 19:58:27,453 - INFO - Вызвана главная страница
2024-09-09 19:58:34,750 - INFO - Вызвана главная страница
2024-09-09 19:58:40,051 - INFO - Вызвана главная страница
2024-09-09 19:58:45,386 - INFO - Вызвана главная страница
2024-09-09 19:58:50,650 - INFO - Вызвана главная страница
2024-09-09 19:58:55,968 - INFO - Вызвана главная страница
2024-09-09 19:59:01,218 - INFO - Вызвана главная страница
2024-09-09 19:59:06,502 - INFO - Вызвана главная страница
2024-09-09 19:59:11,787 - INFO - Вызвана главная страница
2024-09-09 19:59:17,046 - INFO - Вызвана главная страница
2024-09-09 19:59:22,327 - INFO - Вызвана главная страница
2024-09-09 19:59:27,678 - INFO - Вызвана главная страница
2024-09-09 19:59:33,019 - INFO - Вызвана главная страница
2024-09-09 19:59:38,407 - INFO - Вызвана главная страница
2024-09-09 19:59:43,738 - INFO - Вызвана главная страница
2024-09-09 19:59:49,053 - INFO - Вызвана главная страница
2024-09-09 19:59:54,370 - INFO - Вызвана главная страница
2024-09-09 19:59:59,738 - INFO - Вызвана главная страница
2024-09-09 20:00:05,032 - INFO - Вызвана главная страница
2024-09-09 20:00:06,749 - INFO - Вызвана главная страница
2024-09-09 20:00:12,395 - INFO - Вызвана главная страница
2024-09-09 20:00:15,732 - INFO - Вызвана главная страница
2024-09-09 20:00:20,237 - INFO - Вызвана главная страница
2024-09-09 20:00:25,490 - INFO - Вызвана главная страница
2024-09-09 20:00:30,793 - INFO - Вызвана главная страница
2024-09-09 20:00:36,116 - INFO - Вызвана главная страница
2024-09-09 20:00:42,322 - INFO - Вызвана главная страница
2024-09-09 20:00:47,672 - INFO - Вызвана главная страница
2024-09-09 20:00:52,938 - INFO - Вызвана главная страница
2024-09-09 20:00:58,237 - INFO - Вызвана главная страница
2024-09-09 20:01:03,629 - INFO - Вызвана главная страница
2024-09-09 20:01:08,909 - INFO - Вызвана главная страница
2024-09-09 20:01:14,193 - INFO - Вызвана главная страница
2024-09-09 20:01:19,542 - INFO - Вызвана главная страница
2024-09-09 20:01:24,902 - INFO - Вызвана главная страница
2024-09-09 20:01:30,184 - INFO - Вызвана главная страница
2024-09-09 20:01:35,473 - INFO - Вызвана главная страница
2024-09-09 20:01:40,779 - INFO - Вызвана главная страница
2024-09-09 20:01:46,079 - INFO - Вызвана главная страница
2024-09-09 20:01:51,418 - INFO - Вызвана главная страница
2024-09-09 20:01:56,716 - INFO - Вызвана главная страница
2024-09-09 20:02:02,115 - INFO - Вызвана главная страница
2024-09-09 20:02:07,433 - INFO - Вызвана главная страница
2024-09-09 20:02:12,757 - INFO - Вызвана главная страница
2024-09-09 20:02:18,139 - INFO - Вызвана главная страница
2024-09-09 20:02:23,440 - INFO - Вызвана главная страница
2024-09-09 20:02:28,742 - INFO - Вызвана главная страница
2024-09-09 20:02:34,369 - INFO - Вызвана главная страница
2024-09-09 20:02:39,739 - INFO - Вызвана главная страница
2024-09-09 20:02:45,045 - INFO - Вызвана главная страница
2024-09-09 20:02:50,348 - INFO - Вызвана главная страница
2024-09-09 20:02:55,686 - INFO - Вызвана главная страница
2024-09-09 20:03:01,047 - INFO - Вызвана главная страница
2024-09-09 20:03:06,332 - INFO - Вызвана главная страница
2024-09-09 20:03:11,648 - INFO - Вызвана главная страница
2024-09-09 20:03:16,951 - INFO - Вызвана главная страница
2024-09-09 20:03:22,334 - INFO - Вызвана главная страница
2024-09-09 20:03:27,687 - INFO - Вызвана главная страница
2024-09-09 20:03:32,960 - INFO - Вызвана главная страница
2024-09-09 20:03:38,301 - INFO - Вызвана главная страница
2024-09-10 11:01:05,693 - INFO - Вызвана главная страница
2024-09-10 11:01:17,437 - INFO - Вызвана главная страница
2024-09-10 11:28:31,753 - ERROR - Internal Server Error: /privacy_policy
Traceback (most recent call last):
  File "C:\Users\maksk\AppData\Local\Packages\PythonSoftwareFoundation.Python.3.11_qbz5n2kfra8p0\LocalCache\local-packages\Python311\site-packages\django\core\handlers\exception.py", line 55, in inner
    response = get_response(request)
               ^^^^^^^^^^^^^^^^^^^^^
  File "C:\Users\maksk\AppData\Local\Packages\PythonSoftwareFoundation.Python.3.11_qbz5n2kfra8p0\LocalCache\local-packages\Python311\site-packages\django\core\handlers\base.py", line 197, in _get_response
    response = wrapped_callback(request, *callback_args, **callback_kwargs)
               ^^^^^^^^^^^^^^^^^^^^^^^^^^^^^^^^^^^^^^^^^^^^^^^^^^^^^^^^^^^^
  File "C:\Users\maksk\Desktop\lab5\rent_cars\portal\views.py", line 11, in privacy_policy
    return render(request, 'portal/privacy_policy.html')
           ^^^^^^^^^^^^^^^^^^^^^^^^^^^^^^^^^^^^^^^^^^^^^
  File "C:\Users\maksk\AppData\Local\Packages\PythonSoftwareFoundation.Python.3.11_qbz5n2kfra8p0\LocalCache\local-packages\Python311\site-packages\django\shortcuts.py", line 25, in render
    content = loader.render_to_string(template_name, context, request, using=using)
              ^^^^^^^^^^^^^^^^^^^^^^^^^^^^^^^^^^^^^^^^^^^^^^^^^^^^^^^^^^^^^^^^^^^^^
  File "C:\Users\maksk\AppData\Local\Packages\PythonSoftwareFoundation.Python.3.11_qbz5n2kfra8p0\LocalCache\local-packages\Python311\site-packages\django\template\loader.py", line 61, in render_to_string
    template = get_template(template_name, using=using)
               ^^^^^^^^^^^^^^^^^^^^^^^^^^^^^^^^^^^^^^^^
  File "C:\Users\maksk\AppData\Local\Packages\PythonSoftwareFoundation.Python.3.11_qbz5n2kfra8p0\LocalCache\local-packages\Python311\site-packages\django\template\loader.py", line 15, in get_template
    return engine.get_template(template_name)
           ^^^^^^^^^^^^^^^^^^^^^^^^^^^^^^^^^^
  File "C:\Users\maksk\AppData\Local\Packages\PythonSoftwareFoundation.Python.3.11_qbz5n2kfra8p0\LocalCache\local-packages\Python311\site-packages\django\template\backends\django.py", line 79, in get_template
    return Template(self.engine.get_template(template_name), self)
                    ^^^^^^^^^^^^^^^^^^^^^^^^^^^^^^^^^^^^^^^
  File "C:\Users\maksk\AppData\Local\Packages\PythonSoftwareFoundation.Python.3.11_qbz5n2kfra8p0\LocalCache\local-packages\Python311\site-packages\django\template\engine.py", line 177, in get_template
    template, origin = self.find_template(template_name)
                       ^^^^^^^^^^^^^^^^^^^^^^^^^^^^^^^^^
  File "C:\Users\maksk\AppData\Local\Packages\PythonSoftwareFoundation.Python.3.11_qbz5n2kfra8p0\LocalCache\local-packages\Python311\site-packages\django\template\engine.py", line 159, in find_template
    template = loader.get_template(name, skip=skip)
               ^^^^^^^^^^^^^^^^^^^^^^^^^^^^^^^^^^^^
  File "C:\Users\maksk\AppData\Local\Packages\PythonSoftwareFoundation.Python.3.11_qbz5n2kfra8p0\LocalCache\local-packages\Python311\site-packages\django\template\loaders\cached.py", line 57, in get_template
    template = super().get_template(template_name, skip)
               ^^^^^^^^^^^^^^^^^^^^^^^^^^^^^^^^^^^^^^^^^
  File "C:\Users\maksk\AppData\Local\Packages\PythonSoftwareFoundation.Python.3.11_qbz5n2kfra8p0\LocalCache\local-packages\Python311\site-packages\django\template\loaders\base.py", line 28, in get_template
    return Template(
           ^^^^^^^^^
  File "C:\Users\maksk\AppData\Local\Packages\PythonSoftwareFoundation.Python.3.11_qbz5n2kfra8p0\LocalCache\local-packages\Python311\site-packages\django\template\base.py", line 154, in __init__
    self.nodelist = self.compile_nodelist()
                    ^^^^^^^^^^^^^^^^^^^^^^^
  File "C:\Users\maksk\AppData\Local\Packages\PythonSoftwareFoundation.Python.3.11_qbz5n2kfra8p0\LocalCache\local-packages\Python311\site-packages\django\template\base.py", line 196, in compile_nodelist
    nodelist = parser.parse()
               ^^^^^^^^^^^^^^
  File "C:\Users\maksk\AppData\Local\Packages\PythonSoftwareFoundation.Python.3.11_qbz5n2kfra8p0\LocalCache\local-packages\Python311\site-packages\django\template\base.py", line 518, in parse
    raise self.error(token, e)
  File "C:\Users\maksk\AppData\Local\Packages\PythonSoftwareFoundation.Python.3.11_qbz5n2kfra8p0\LocalCache\local-packages\Python311\site-packages\django\template\base.py", line 516, in parse
    compiled_result = compile_func(self, token)
                      ^^^^^^^^^^^^^^^^^^^^^^^^^
  File "C:\Users\maksk\AppData\Local\Packages\PythonSoftwareFoundation.Python.3.11_qbz5n2kfra8p0\LocalCache\local-packages\Python311\site-packages\django\template\loader_tags.py", line 295, in do_extends
    nodelist = parser.parse()
               ^^^^^^^^^^^^^^
  File "C:\Users\maksk\AppData\Local\Packages\PythonSoftwareFoundation.Python.3.11_qbz5n2kfra8p0\LocalCache\local-packages\Python311\site-packages\django\template\base.py", line 518, in parse
    raise self.error(token, e)
  File "C:\Users\maksk\AppData\Local\Packages\PythonSoftwareFoundation.Python.3.11_qbz5n2kfra8p0\LocalCache\local-packages\Python311\site-packages\django\template\base.py", line 516, in parse
    compiled_result = compile_func(self, token)
                      ^^^^^^^^^^^^^^^^^^^^^^^^^
  File "C:\Users\maksk\AppData\Local\Packages\PythonSoftwareFoundation.Python.3.11_qbz5n2kfra8p0\LocalCache\local-packages\Python311\site-packages\django\template\loader_tags.py", line 234, in do_block
    nodelist = parser.parse(("endblock",))
               ^^^^^^^^^^^^^^^^^^^^^^^^^^^
  File "C:\Users\maksk\AppData\Local\Packages\PythonSoftwareFoundation.Python.3.11_qbz5n2kfra8p0\LocalCache\local-packages\Python311\site-packages\django\template\base.py", line 518, in parse
    raise self.error(token, e)
  File "C:\Users\maksk\AppData\Local\Packages\PythonSoftwareFoundation.Python.3.11_qbz5n2kfra8p0\LocalCache\local-packages\Python311\site-packages\django\template\base.py", line 516, in parse
    compiled_result = compile_func(self, token)
                      ^^^^^^^^^^^^^^^^^^^^^^^^^
  File "C:\Users\maksk\AppData\Local\Packages\PythonSoftwareFoundation.Python.3.11_qbz5n2kfra8p0\LocalCache\local-packages\Python311\site-packages\django\templatetags\static.py", line 171, in do_static
    return StaticNode.handle_token(parser, token)
           ^^^^^^^^^^^^^^^^^^^^^^^^^^^^^^^^^^^^^^
  File "C:\Users\maksk\AppData\Local\Packages\PythonSoftwareFoundation.Python.3.11_qbz5n2kfra8p0\LocalCache\local-packages\Python311\site-packages\django\templatetags\static.py", line 145, in handle_token
    path = parser.compile_filter(bits[1])
           ^^^^^^^^^^^^^^^^^^^^^^^^^^^^^^
  File "C:\Users\maksk\AppData\Local\Packages\PythonSoftwareFoundation.Python.3.11_qbz5n2kfra8p0\LocalCache\local-packages\Python311\site-packages\django\template\base.py", line 605, in compile_filter
    return FilterExpression(token, self)
           ^^^^^^^^^^^^^^^^^^^^^^^^^^^^^
  File "C:\Users\maksk\AppData\Local\Packages\PythonSoftwareFoundation.Python.3.11_qbz5n2kfra8p0\LocalCache\local-packages\Python311\site-packages\django\template\base.py", line 706, in __init__
    raise TemplateSyntaxError(
django.template.exceptions.TemplateSyntaxError: Could not parse the remainder: ',' from ''images/logo-mobile@1x.png','
2024-09-10 11:28:31,878 - WARNING - Not Found: /favicon.ico
2024-09-10 11:28:32,021 - ERROR - Internal Server Error: /privacy_policy
Traceback (most recent call last):
  File "C:\Users\maksk\AppData\Local\Packages\PythonSoftwareFoundation.Python.3.11_qbz5n2kfra8p0\LocalCache\local-packages\Python311\site-packages\django\core\handlers\exception.py", line 55, in inner
    response = get_response(request)
               ^^^^^^^^^^^^^^^^^^^^^
  File "C:\Users\maksk\AppData\Local\Packages\PythonSoftwareFoundation.Python.3.11_qbz5n2kfra8p0\LocalCache\local-packages\Python311\site-packages\django\core\handlers\base.py", line 197, in _get_response
    response = wrapped_callback(request, *callback_args, **callback_kwargs)
               ^^^^^^^^^^^^^^^^^^^^^^^^^^^^^^^^^^^^^^^^^^^^^^^^^^^^^^^^^^^^
  File "C:\Users\maksk\Desktop\lab5\rent_cars\portal\views.py", line 11, in privacy_policy
    return render(request, 'portal/privacy_policy.html')
           ^^^^^^^^^^^^^^^^^^^^^^^^^^^^^^^^^^^^^^^^^^^^^
  File "C:\Users\maksk\AppData\Local\Packages\PythonSoftwareFoundation.Python.3.11_qbz5n2kfra8p0\LocalCache\local-packages\Python311\site-packages\django\shortcuts.py", line 25, in render
    content = loader.render_to_string(template_name, context, request, using=using)
              ^^^^^^^^^^^^^^^^^^^^^^^^^^^^^^^^^^^^^^^^^^^^^^^^^^^^^^^^^^^^^^^^^^^^^
  File "C:\Users\maksk\AppData\Local\Packages\PythonSoftwareFoundation.Python.3.11_qbz5n2kfra8p0\LocalCache\local-packages\Python311\site-packages\django\template\loader.py", line 61, in render_to_string
    template = get_template(template_name, using=using)
               ^^^^^^^^^^^^^^^^^^^^^^^^^^^^^^^^^^^^^^^^
  File "C:\Users\maksk\AppData\Local\Packages\PythonSoftwareFoundation.Python.3.11_qbz5n2kfra8p0\LocalCache\local-packages\Python311\site-packages\django\template\loader.py", line 15, in get_template
    return engine.get_template(template_name)
           ^^^^^^^^^^^^^^^^^^^^^^^^^^^^^^^^^^
  File "C:\Users\maksk\AppData\Local\Packages\PythonSoftwareFoundation.Python.3.11_qbz5n2kfra8p0\LocalCache\local-packages\Python311\site-packages\django\template\backends\django.py", line 79, in get_template
    return Template(self.engine.get_template(template_name), self)
                    ^^^^^^^^^^^^^^^^^^^^^^^^^^^^^^^^^^^^^^^
  File "C:\Users\maksk\AppData\Local\Packages\PythonSoftwareFoundation.Python.3.11_qbz5n2kfra8p0\LocalCache\local-packages\Python311\site-packages\django\template\engine.py", line 177, in get_template
    template, origin = self.find_template(template_name)
                       ^^^^^^^^^^^^^^^^^^^^^^^^^^^^^^^^^
  File "C:\Users\maksk\AppData\Local\Packages\PythonSoftwareFoundation.Python.3.11_qbz5n2kfra8p0\LocalCache\local-packages\Python311\site-packages\django\template\engine.py", line 159, in find_template
    template = loader.get_template(name, skip=skip)
               ^^^^^^^^^^^^^^^^^^^^^^^^^^^^^^^^^^^^
  File "C:\Users\maksk\AppData\Local\Packages\PythonSoftwareFoundation.Python.3.11_qbz5n2kfra8p0\LocalCache\local-packages\Python311\site-packages\django\template\loaders\cached.py", line 57, in get_template
    template = super().get_template(template_name, skip)
               ^^^^^^^^^^^^^^^^^^^^^^^^^^^^^^^^^^^^^^^^^
  File "C:\Users\maksk\AppData\Local\Packages\PythonSoftwareFoundation.Python.3.11_qbz5n2kfra8p0\LocalCache\local-packages\Python311\site-packages\django\template\loaders\base.py", line 28, in get_template
    return Template(
           ^^^^^^^^^
  File "C:\Users\maksk\AppData\Local\Packages\PythonSoftwareFoundation.Python.3.11_qbz5n2kfra8p0\LocalCache\local-packages\Python311\site-packages\django\template\base.py", line 154, in __init__
    self.nodelist = self.compile_nodelist()
                    ^^^^^^^^^^^^^^^^^^^^^^^
  File "C:\Users\maksk\AppData\Local\Packages\PythonSoftwareFoundation.Python.3.11_qbz5n2kfra8p0\LocalCache\local-packages\Python311\site-packages\django\template\base.py", line 196, in compile_nodelist
    nodelist = parser.parse()
               ^^^^^^^^^^^^^^
  File "C:\Users\maksk\AppData\Local\Packages\PythonSoftwareFoundation.Python.3.11_qbz5n2kfra8p0\LocalCache\local-packages\Python311\site-packages\django\template\base.py", line 518, in parse
    raise self.error(token, e)
  File "C:\Users\maksk\AppData\Local\Packages\PythonSoftwareFoundation.Python.3.11_qbz5n2kfra8p0\LocalCache\local-packages\Python311\site-packages\django\template\base.py", line 516, in parse
    compiled_result = compile_func(self, token)
                      ^^^^^^^^^^^^^^^^^^^^^^^^^
  File "C:\Users\maksk\AppData\Local\Packages\PythonSoftwareFoundation.Python.3.11_qbz5n2kfra8p0\LocalCache\local-packages\Python311\site-packages\django\template\loader_tags.py", line 295, in do_extends
    nodelist = parser.parse()
               ^^^^^^^^^^^^^^
  File "C:\Users\maksk\AppData\Local\Packages\PythonSoftwareFoundation.Python.3.11_qbz5n2kfra8p0\LocalCache\local-packages\Python311\site-packages\django\template\base.py", line 518, in parse
    raise self.error(token, e)
  File "C:\Users\maksk\AppData\Local\Packages\PythonSoftwareFoundation.Python.3.11_qbz5n2kfra8p0\LocalCache\local-packages\Python311\site-packages\django\template\base.py", line 516, in parse
    compiled_result = compile_func(self, token)
                      ^^^^^^^^^^^^^^^^^^^^^^^^^
  File "C:\Users\maksk\AppData\Local\Packages\PythonSoftwareFoundation.Python.3.11_qbz5n2kfra8p0\LocalCache\local-packages\Python311\site-packages\django\template\loader_tags.py", line 234, in do_block
    nodelist = parser.parse(("endblock",))
               ^^^^^^^^^^^^^^^^^^^^^^^^^^^
  File "C:\Users\maksk\AppData\Local\Packages\PythonSoftwareFoundation.Python.3.11_qbz5n2kfra8p0\LocalCache\local-packages\Python311\site-packages\django\template\base.py", line 518, in parse
    raise self.error(token, e)
  File "C:\Users\maksk\AppData\Local\Packages\PythonSoftwareFoundation.Python.3.11_qbz5n2kfra8p0\LocalCache\local-packages\Python311\site-packages\django\template\base.py", line 516, in parse
    compiled_result = compile_func(self, token)
                      ^^^^^^^^^^^^^^^^^^^^^^^^^
  File "C:\Users\maksk\AppData\Local\Packages\PythonSoftwareFoundation.Python.3.11_qbz5n2kfra8p0\LocalCache\local-packages\Python311\site-packages\django\templatetags\static.py", line 171, in do_static
    return StaticNode.handle_token(parser, token)
           ^^^^^^^^^^^^^^^^^^^^^^^^^^^^^^^^^^^^^^
  File "C:\Users\maksk\AppData\Local\Packages\PythonSoftwareFoundation.Python.3.11_qbz5n2kfra8p0\LocalCache\local-packages\Python311\site-packages\django\templatetags\static.py", line 145, in handle_token
    path = parser.compile_filter(bits[1])
           ^^^^^^^^^^^^^^^^^^^^^^^^^^^^^^
  File "C:\Users\maksk\AppData\Local\Packages\PythonSoftwareFoundation.Python.3.11_qbz5n2kfra8p0\LocalCache\local-packages\Python311\site-packages\django\template\base.py", line 605, in compile_filter
    return FilterExpression(token, self)
           ^^^^^^^^^^^^^^^^^^^^^^^^^^^^^
  File "C:\Users\maksk\AppData\Local\Packages\PythonSoftwareFoundation.Python.3.11_qbz5n2kfra8p0\LocalCache\local-packages\Python311\site-packages\django\template\base.py", line 706, in __init__
    raise TemplateSyntaxError(
django.template.exceptions.TemplateSyntaxError: Could not parse the remainder: ',' from ''images/logo-mobile@1x.png','
2024-09-10 11:28:39,600 - ERROR - Internal Server Error: /privacy_policy
Traceback (most recent call last):
  File "C:\Users\maksk\AppData\Local\Packages\PythonSoftwareFoundation.Python.3.11_qbz5n2kfra8p0\LocalCache\local-packages\Python311\site-packages\django\core\handlers\exception.py", line 55, in inner
    response = get_response(request)
               ^^^^^^^^^^^^^^^^^^^^^
  File "C:\Users\maksk\AppData\Local\Packages\PythonSoftwareFoundation.Python.3.11_qbz5n2kfra8p0\LocalCache\local-packages\Python311\site-packages\django\core\handlers\base.py", line 197, in _get_response
    response = wrapped_callback(request, *callback_args, **callback_kwargs)
               ^^^^^^^^^^^^^^^^^^^^^^^^^^^^^^^^^^^^^^^^^^^^^^^^^^^^^^^^^^^^
  File "C:\Users\maksk\Desktop\lab5\rent_cars\portal\views.py", line 11, in privacy_policy
    return render(request, 'portal/privacy_policy.html')
           ^^^^^^^^^^^^^^^^^^^^^^^^^^^^^^^^^^^^^^^^^^^^^
  File "C:\Users\maksk\AppData\Local\Packages\PythonSoftwareFoundation.Python.3.11_qbz5n2kfra8p0\LocalCache\local-packages\Python311\site-packages\django\shortcuts.py", line 25, in render
    content = loader.render_to_string(template_name, context, request, using=using)
              ^^^^^^^^^^^^^^^^^^^^^^^^^^^^^^^^^^^^^^^^^^^^^^^^^^^^^^^^^^^^^^^^^^^^^
  File "C:\Users\maksk\AppData\Local\Packages\PythonSoftwareFoundation.Python.3.11_qbz5n2kfra8p0\LocalCache\local-packages\Python311\site-packages\django\template\loader.py", line 61, in render_to_string
    template = get_template(template_name, using=using)
               ^^^^^^^^^^^^^^^^^^^^^^^^^^^^^^^^^^^^^^^^
  File "C:\Users\maksk\AppData\Local\Packages\PythonSoftwareFoundation.Python.3.11_qbz5n2kfra8p0\LocalCache\local-packages\Python311\site-packages\django\template\loader.py", line 15, in get_template
    return engine.get_template(template_name)
           ^^^^^^^^^^^^^^^^^^^^^^^^^^^^^^^^^^
  File "C:\Users\maksk\AppData\Local\Packages\PythonSoftwareFoundation.Python.3.11_qbz5n2kfra8p0\LocalCache\local-packages\Python311\site-packages\django\template\backends\django.py", line 79, in get_template
    return Template(self.engine.get_template(template_name), self)
                    ^^^^^^^^^^^^^^^^^^^^^^^^^^^^^^^^^^^^^^^
  File "C:\Users\maksk\AppData\Local\Packages\PythonSoftwareFoundation.Python.3.11_qbz5n2kfra8p0\LocalCache\local-packages\Python311\site-packages\django\template\engine.py", line 177, in get_template
    template, origin = self.find_template(template_name)
                       ^^^^^^^^^^^^^^^^^^^^^^^^^^^^^^^^^
  File "C:\Users\maksk\AppData\Local\Packages\PythonSoftwareFoundation.Python.3.11_qbz5n2kfra8p0\LocalCache\local-packages\Python311\site-packages\django\template\engine.py", line 159, in find_template
    template = loader.get_template(name, skip=skip)
               ^^^^^^^^^^^^^^^^^^^^^^^^^^^^^^^^^^^^
  File "C:\Users\maksk\AppData\Local\Packages\PythonSoftwareFoundation.Python.3.11_qbz5n2kfra8p0\LocalCache\local-packages\Python311\site-packages\django\template\loaders\cached.py", line 57, in get_template
    template = super().get_template(template_name, skip)
               ^^^^^^^^^^^^^^^^^^^^^^^^^^^^^^^^^^^^^^^^^
  File "C:\Users\maksk\AppData\Local\Packages\PythonSoftwareFoundation.Python.3.11_qbz5n2kfra8p0\LocalCache\local-packages\Python311\site-packages\django\template\loaders\base.py", line 28, in get_template
    return Template(
           ^^^^^^^^^
  File "C:\Users\maksk\AppData\Local\Packages\PythonSoftwareFoundation.Python.3.11_qbz5n2kfra8p0\LocalCache\local-packages\Python311\site-packages\django\template\base.py", line 154, in __init__
    self.nodelist = self.compile_nodelist()
                    ^^^^^^^^^^^^^^^^^^^^^^^
  File "C:\Users\maksk\AppData\Local\Packages\PythonSoftwareFoundation.Python.3.11_qbz5n2kfra8p0\LocalCache\local-packages\Python311\site-packages\django\template\base.py", line 196, in compile_nodelist
    nodelist = parser.parse()
               ^^^^^^^^^^^^^^
  File "C:\Users\maksk\AppData\Local\Packages\PythonSoftwareFoundation.Python.3.11_qbz5n2kfra8p0\LocalCache\local-packages\Python311\site-packages\django\template\base.py", line 518, in parse
    raise self.error(token, e)
  File "C:\Users\maksk\AppData\Local\Packages\PythonSoftwareFoundation.Python.3.11_qbz5n2kfra8p0\LocalCache\local-packages\Python311\site-packages\django\template\base.py", line 516, in parse
    compiled_result = compile_func(self, token)
                      ^^^^^^^^^^^^^^^^^^^^^^^^^
  File "C:\Users\maksk\AppData\Local\Packages\PythonSoftwareFoundation.Python.3.11_qbz5n2kfra8p0\LocalCache\local-packages\Python311\site-packages\django\template\loader_tags.py", line 295, in do_extends
    nodelist = parser.parse()
               ^^^^^^^^^^^^^^
  File "C:\Users\maksk\AppData\Local\Packages\PythonSoftwareFoundation.Python.3.11_qbz5n2kfra8p0\LocalCache\local-packages\Python311\site-packages\django\template\base.py", line 518, in parse
    raise self.error(token, e)
  File "C:\Users\maksk\AppData\Local\Packages\PythonSoftwareFoundation.Python.3.11_qbz5n2kfra8p0\LocalCache\local-packages\Python311\site-packages\django\template\base.py", line 516, in parse
    compiled_result = compile_func(self, token)
                      ^^^^^^^^^^^^^^^^^^^^^^^^^
  File "C:\Users\maksk\AppData\Local\Packages\PythonSoftwareFoundation.Python.3.11_qbz5n2kfra8p0\LocalCache\local-packages\Python311\site-packages\django\template\loader_tags.py", line 234, in do_block
    nodelist = parser.parse(("endblock",))
               ^^^^^^^^^^^^^^^^^^^^^^^^^^^
  File "C:\Users\maksk\AppData\Local\Packages\PythonSoftwareFoundation.Python.3.11_qbz5n2kfra8p0\LocalCache\local-packages\Python311\site-packages\django\template\base.py", line 518, in parse
    raise self.error(token, e)
  File "C:\Users\maksk\AppData\Local\Packages\PythonSoftwareFoundation.Python.3.11_qbz5n2kfra8p0\LocalCache\local-packages\Python311\site-packages\django\template\base.py", line 516, in parse
    compiled_result = compile_func(self, token)
                      ^^^^^^^^^^^^^^^^^^^^^^^^^
  File "C:\Users\maksk\AppData\Local\Packages\PythonSoftwareFoundation.Python.3.11_qbz5n2kfra8p0\LocalCache\local-packages\Python311\site-packages\django\templatetags\static.py", line 171, in do_static
    return StaticNode.handle_token(parser, token)
           ^^^^^^^^^^^^^^^^^^^^^^^^^^^^^^^^^^^^^^
  File "C:\Users\maksk\AppData\Local\Packages\PythonSoftwareFoundation.Python.3.11_qbz5n2kfra8p0\LocalCache\local-packages\Python311\site-packages\django\templatetags\static.py", line 145, in handle_token
    path = parser.compile_filter(bits[1])
           ^^^^^^^^^^^^^^^^^^^^^^^^^^^^^^
  File "C:\Users\maksk\AppData\Local\Packages\PythonSoftwareFoundation.Python.3.11_qbz5n2kfra8p0\LocalCache\local-packages\Python311\site-packages\django\template\base.py", line 605, in compile_filter
    return FilterExpression(token, self)
           ^^^^^^^^^^^^^^^^^^^^^^^^^^^^^
  File "C:\Users\maksk\AppData\Local\Packages\PythonSoftwareFoundation.Python.3.11_qbz5n2kfra8p0\LocalCache\local-packages\Python311\site-packages\django\template\base.py", line 706, in __init__
    raise TemplateSyntaxError(
django.template.exceptions.TemplateSyntaxError: Could not parse the remainder: ',' from ''images/logo-mobile@1x.png','
2024-09-10 11:28:54,067 - ERROR - Internal Server Error: /privacy_policy
Traceback (most recent call last):
  File "C:\Users\maksk\AppData\Local\Packages\PythonSoftwareFoundation.Python.3.11_qbz5n2kfra8p0\LocalCache\local-packages\Python311\site-packages\django\core\handlers\exception.py", line 55, in inner
    response = get_response(request)
               ^^^^^^^^^^^^^^^^^^^^^
  File "C:\Users\maksk\AppData\Local\Packages\PythonSoftwareFoundation.Python.3.11_qbz5n2kfra8p0\LocalCache\local-packages\Python311\site-packages\django\core\handlers\base.py", line 197, in _get_response
    response = wrapped_callback(request, *callback_args, **callback_kwargs)
               ^^^^^^^^^^^^^^^^^^^^^^^^^^^^^^^^^^^^^^^^^^^^^^^^^^^^^^^^^^^^
  File "C:\Users\maksk\Desktop\lab5\rent_cars\portal\views.py", line 11, in privacy_policy
    return render(request, 'portal/privacy_policy.html')
           ^^^^^^^^^^^^^^^^^^^^^^^^^^^^^^^^^^^^^^^^^^^^^
  File "C:\Users\maksk\AppData\Local\Packages\PythonSoftwareFoundation.Python.3.11_qbz5n2kfra8p0\LocalCache\local-packages\Python311\site-packages\django\shortcuts.py", line 25, in render
    content = loader.render_to_string(template_name, context, request, using=using)
              ^^^^^^^^^^^^^^^^^^^^^^^^^^^^^^^^^^^^^^^^^^^^^^^^^^^^^^^^^^^^^^^^^^^^^
  File "C:\Users\maksk\AppData\Local\Packages\PythonSoftwareFoundation.Python.3.11_qbz5n2kfra8p0\LocalCache\local-packages\Python311\site-packages\django\template\loader.py", line 61, in render_to_string
    template = get_template(template_name, using=using)
               ^^^^^^^^^^^^^^^^^^^^^^^^^^^^^^^^^^^^^^^^
  File "C:\Users\maksk\AppData\Local\Packages\PythonSoftwareFoundation.Python.3.11_qbz5n2kfra8p0\LocalCache\local-packages\Python311\site-packages\django\template\loader.py", line 15, in get_template
    return engine.get_template(template_name)
           ^^^^^^^^^^^^^^^^^^^^^^^^^^^^^^^^^^
  File "C:\Users\maksk\AppData\Local\Packages\PythonSoftwareFoundation.Python.3.11_qbz5n2kfra8p0\LocalCache\local-packages\Python311\site-packages\django\template\backends\django.py", line 79, in get_template
    return Template(self.engine.get_template(template_name), self)
                    ^^^^^^^^^^^^^^^^^^^^^^^^^^^^^^^^^^^^^^^
  File "C:\Users\maksk\AppData\Local\Packages\PythonSoftwareFoundation.Python.3.11_qbz5n2kfra8p0\LocalCache\local-packages\Python311\site-packages\django\template\engine.py", line 177, in get_template
    template, origin = self.find_template(template_name)
                       ^^^^^^^^^^^^^^^^^^^^^^^^^^^^^^^^^
  File "C:\Users\maksk\AppData\Local\Packages\PythonSoftwareFoundation.Python.3.11_qbz5n2kfra8p0\LocalCache\local-packages\Python311\site-packages\django\template\engine.py", line 159, in find_template
    template = loader.get_template(name, skip=skip)
               ^^^^^^^^^^^^^^^^^^^^^^^^^^^^^^^^^^^^
  File "C:\Users\maksk\AppData\Local\Packages\PythonSoftwareFoundation.Python.3.11_qbz5n2kfra8p0\LocalCache\local-packages\Python311\site-packages\django\template\loaders\cached.py", line 57, in get_template
    template = super().get_template(template_name, skip)
               ^^^^^^^^^^^^^^^^^^^^^^^^^^^^^^^^^^^^^^^^^
  File "C:\Users\maksk\AppData\Local\Packages\PythonSoftwareFoundation.Python.3.11_qbz5n2kfra8p0\LocalCache\local-packages\Python311\site-packages\django\template\loaders\base.py", line 28, in get_template
    return Template(
           ^^^^^^^^^
  File "C:\Users\maksk\AppData\Local\Packages\PythonSoftwareFoundation.Python.3.11_qbz5n2kfra8p0\LocalCache\local-packages\Python311\site-packages\django\template\base.py", line 154, in __init__
    self.nodelist = self.compile_nodelist()
                    ^^^^^^^^^^^^^^^^^^^^^^^
  File "C:\Users\maksk\AppData\Local\Packages\PythonSoftwareFoundation.Python.3.11_qbz5n2kfra8p0\LocalCache\local-packages\Python311\site-packages\django\template\base.py", line 196, in compile_nodelist
    nodelist = parser.parse()
               ^^^^^^^^^^^^^^
  File "C:\Users\maksk\AppData\Local\Packages\PythonSoftwareFoundation.Python.3.11_qbz5n2kfra8p0\LocalCache\local-packages\Python311\site-packages\django\template\base.py", line 518, in parse
    raise self.error(token, e)
  File "C:\Users\maksk\AppData\Local\Packages\PythonSoftwareFoundation.Python.3.11_qbz5n2kfra8p0\LocalCache\local-packages\Python311\site-packages\django\template\base.py", line 516, in parse
    compiled_result = compile_func(self, token)
                      ^^^^^^^^^^^^^^^^^^^^^^^^^
  File "C:\Users\maksk\AppData\Local\Packages\PythonSoftwareFoundation.Python.3.11_qbz5n2kfra8p0\LocalCache\local-packages\Python311\site-packages\django\template\loader_tags.py", line 295, in do_extends
    nodelist = parser.parse()
               ^^^^^^^^^^^^^^
  File "C:\Users\maksk\AppData\Local\Packages\PythonSoftwareFoundation.Python.3.11_qbz5n2kfra8p0\LocalCache\local-packages\Python311\site-packages\django\template\base.py", line 518, in parse
    raise self.error(token, e)
  File "C:\Users\maksk\AppData\Local\Packages\PythonSoftwareFoundation.Python.3.11_qbz5n2kfra8p0\LocalCache\local-packages\Python311\site-packages\django\template\base.py", line 516, in parse
    compiled_result = compile_func(self, token)
                      ^^^^^^^^^^^^^^^^^^^^^^^^^
  File "C:\Users\maksk\AppData\Local\Packages\PythonSoftwareFoundation.Python.3.11_qbz5n2kfra8p0\LocalCache\local-packages\Python311\site-packages\django\template\loader_tags.py", line 234, in do_block
    nodelist = parser.parse(("endblock",))
               ^^^^^^^^^^^^^^^^^^^^^^^^^^^
  File "C:\Users\maksk\AppData\Local\Packages\PythonSoftwareFoundation.Python.3.11_qbz5n2kfra8p0\LocalCache\local-packages\Python311\site-packages\django\template\base.py", line 518, in parse
    raise self.error(token, e)
  File "C:\Users\maksk\AppData\Local\Packages\PythonSoftwareFoundation.Python.3.11_qbz5n2kfra8p0\LocalCache\local-packages\Python311\site-packages\django\template\base.py", line 516, in parse
    compiled_result = compile_func(self, token)
                      ^^^^^^^^^^^^^^^^^^^^^^^^^
  File "C:\Users\maksk\AppData\Local\Packages\PythonSoftwareFoundation.Python.3.11_qbz5n2kfra8p0\LocalCache\local-packages\Python311\site-packages\django\templatetags\static.py", line 171, in do_static
    return StaticNode.handle_token(parser, token)
           ^^^^^^^^^^^^^^^^^^^^^^^^^^^^^^^^^^^^^^
  File "C:\Users\maksk\AppData\Local\Packages\PythonSoftwareFoundation.Python.3.11_qbz5n2kfra8p0\LocalCache\local-packages\Python311\site-packages\django\templatetags\static.py", line 145, in handle_token
    path = parser.compile_filter(bits[1])
           ^^^^^^^^^^^^^^^^^^^^^^^^^^^^^^
  File "C:\Users\maksk\AppData\Local\Packages\PythonSoftwareFoundation.Python.3.11_qbz5n2kfra8p0\LocalCache\local-packages\Python311\site-packages\django\template\base.py", line 605, in compile_filter
    return FilterExpression(token, self)
           ^^^^^^^^^^^^^^^^^^^^^^^^^^^^^
  File "C:\Users\maksk\AppData\Local\Packages\PythonSoftwareFoundation.Python.3.11_qbz5n2kfra8p0\LocalCache\local-packages\Python311\site-packages\django\template\base.py", line 706, in __init__
    raise TemplateSyntaxError(
django.template.exceptions.TemplateSyntaxError: Could not parse the remainder: ',' from ''images/logo-mobile@1x.png','
2024-09-10 11:49:41,622 - INFO - Вызвана главная страница
2024-09-10 11:49:51,972 - INFO - Вызвана главная страница
2024-09-10 11:50:02,280 - INFO - Вызвана главная страница
2024-09-10 11:50:12,655 - INFO - Вызвана главная страница
2024-09-10 11:50:23,007 - INFO - Вызвана главная страница
2024-09-10 11:50:33,263 - INFO - Вызвана главная страница
2024-09-10 11:50:43,606 - INFO - Вызвана главная страница
2024-09-10 11:50:53,861 - INFO - Вызвана главная страница
2024-09-10 11:51:04,184 - INFO - Вызвана главная страница
2024-09-10 11:51:14,546 - INFO - Вызвана главная страница
2024-09-10 11:51:24,860 - INFO - Вызвана главная страница
2024-09-10 11:51:35,170 - INFO - Вызвана главная страница
2024-09-10 11:51:45,416 - INFO - Вызвана главная страница
2024-09-10 11:51:55,776 - INFO - Вызвана главная страница
2024-09-10 11:52:05,366 - INFO - Вызвана главная страница
2024-09-10 11:52:15,617 - INFO - Вызвана главная страница
2024-09-10 11:52:25,832 - INFO - Вызвана главная страница
2024-09-10 11:52:36,144 - INFO - Вызвана главная страница
2024-09-10 11:52:46,394 - INFO - Вызвана главная страница
2024-09-10 11:52:56,665 - INFO - Вызвана главная страница
2024-09-10 11:53:06,979 - INFO - Вызвана главная страница
2024-09-10 11:53:17,305 - INFO - Вызвана главная страница
2024-09-10 11:53:54,843 - INFO - Вызвана главная страница
2024-09-10 11:53:55,325 - INFO - Вызвана главная страница
2024-09-10 11:53:56,948 - INFO - Вызвана главная страница
2024-09-10 11:54:00,645 - INFO - Вызвана главная страница
2024-09-10 19:08:57,944 - INFO - Вызвана главная страница
2024-09-10 19:09:08,898 - INFO - Вызвана главная страница
2024-09-10 19:09:19,347 - INFO - Вызвана главная страница
2024-09-10 19:09:23,875 - INFO - Вызвана главная страница
2024-09-10 19:09:29,515 - INFO - Вызвана главная страница
2024-09-10 19:09:34,436 - INFO - Вызвана главная страница
2024-09-10 19:09:35,732 - ERROR - Internal Server Error: /faq/
Traceback (most recent call last):
  File "C:\Users\maksk\AppData\Local\Packages\PythonSoftwareFoundation.Python.3.11_qbz5n2kfra8p0\LocalCache\local-packages\Python311\site-packages\django\core\handlers\exception.py", line 55, in inner
    response = get_response(request)
               ^^^^^^^^^^^^^^^^^^^^^
  File "C:\Users\maksk\AppData\Local\Packages\PythonSoftwareFoundation.Python.3.11_qbz5n2kfra8p0\LocalCache\local-packages\Python311\site-packages\django\core\handlers\base.py", line 197, in _get_response
    response = wrapped_callback(request, *callback_args, **callback_kwargs)
               ^^^^^^^^^^^^^^^^^^^^^^^^^^^^^^^^^^^^^^^^^^^^^^^^^^^^^^^^^^^^
  File "C:\Users\maksk\Desktop\lab5\rent_cars\portal\views.py", line 27, in faq_list
    return render(request, 'portal/faq.html', {'faqs': faqs})
           ^^^^^^^^^^^^^^^^^^^^^^^^^^^^^^^^^^^^^^^^^^^^^^^^^^
  File "C:\Users\maksk\AppData\Local\Packages\PythonSoftwareFoundation.Python.3.11_qbz5n2kfra8p0\LocalCache\local-packages\Python311\site-packages\django\shortcuts.py", line 25, in render
    content = loader.render_to_string(template_name, context, request, using=using)
              ^^^^^^^^^^^^^^^^^^^^^^^^^^^^^^^^^^^^^^^^^^^^^^^^^^^^^^^^^^^^^^^^^^^^^
  File "C:\Users\maksk\AppData\Local\Packages\PythonSoftwareFoundation.Python.3.11_qbz5n2kfra8p0\LocalCache\local-packages\Python311\site-packages\django\template\loader.py", line 61, in render_to_string
    template = get_template(template_name, using=using)
               ^^^^^^^^^^^^^^^^^^^^^^^^^^^^^^^^^^^^^^^^
  File "C:\Users\maksk\AppData\Local\Packages\PythonSoftwareFoundation.Python.3.11_qbz5n2kfra8p0\LocalCache\local-packages\Python311\site-packages\django\template\loader.py", line 15, in get_template
    return engine.get_template(template_name)
           ^^^^^^^^^^^^^^^^^^^^^^^^^^^^^^^^^^
  File "C:\Users\maksk\AppData\Local\Packages\PythonSoftwareFoundation.Python.3.11_qbz5n2kfra8p0\LocalCache\local-packages\Python311\site-packages\django\template\backends\django.py", line 79, in get_template
    return Template(self.engine.get_template(template_name), self)
                    ^^^^^^^^^^^^^^^^^^^^^^^^^^^^^^^^^^^^^^^
  File "C:\Users\maksk\AppData\Local\Packages\PythonSoftwareFoundation.Python.3.11_qbz5n2kfra8p0\LocalCache\local-packages\Python311\site-packages\django\template\engine.py", line 177, in get_template
    template, origin = self.find_template(template_name)
                       ^^^^^^^^^^^^^^^^^^^^^^^^^^^^^^^^^
  File "C:\Users\maksk\AppData\Local\Packages\PythonSoftwareFoundation.Python.3.11_qbz5n2kfra8p0\LocalCache\local-packages\Python311\site-packages\django\template\engine.py", line 159, in find_template
    template = loader.get_template(name, skip=skip)
               ^^^^^^^^^^^^^^^^^^^^^^^^^^^^^^^^^^^^
  File "C:\Users\maksk\AppData\Local\Packages\PythonSoftwareFoundation.Python.3.11_qbz5n2kfra8p0\LocalCache\local-packages\Python311\site-packages\django\template\loaders\cached.py", line 57, in get_template
    template = super().get_template(template_name, skip)
               ^^^^^^^^^^^^^^^^^^^^^^^^^^^^^^^^^^^^^^^^^
  File "C:\Users\maksk\AppData\Local\Packages\PythonSoftwareFoundation.Python.3.11_qbz5n2kfra8p0\LocalCache\local-packages\Python311\site-packages\django\template\loaders\base.py", line 28, in get_template
    return Template(
           ^^^^^^^^^
  File "C:\Users\maksk\AppData\Local\Packages\PythonSoftwareFoundation.Python.3.11_qbz5n2kfra8p0\LocalCache\local-packages\Python311\site-packages\django\template\base.py", line 154, in __init__
    self.nodelist = self.compile_nodelist()
                    ^^^^^^^^^^^^^^^^^^^^^^^
  File "C:\Users\maksk\AppData\Local\Packages\PythonSoftwareFoundation.Python.3.11_qbz5n2kfra8p0\LocalCache\local-packages\Python311\site-packages\django\template\base.py", line 196, in compile_nodelist
    nodelist = parser.parse()
               ^^^^^^^^^^^^^^
  File "C:\Users\maksk\AppData\Local\Packages\PythonSoftwareFoundation.Python.3.11_qbz5n2kfra8p0\LocalCache\local-packages\Python311\site-packages\django\template\base.py", line 518, in parse
    raise self.error(token, e)
  File "C:\Users\maksk\AppData\Local\Packages\PythonSoftwareFoundation.Python.3.11_qbz5n2kfra8p0\LocalCache\local-packages\Python311\site-packages\django\template\base.py", line 516, in parse
    compiled_result = compile_func(self, token)
                      ^^^^^^^^^^^^^^^^^^^^^^^^^
  File "C:\Users\maksk\AppData\Local\Packages\PythonSoftwareFoundation.Python.3.11_qbz5n2kfra8p0\LocalCache\local-packages\Python311\site-packages\django\template\loader_tags.py", line 295, in do_extends
    nodelist = parser.parse()
               ^^^^^^^^^^^^^^
  File "C:\Users\maksk\AppData\Local\Packages\PythonSoftwareFoundation.Python.3.11_qbz5n2kfra8p0\LocalCache\local-packages\Python311\site-packages\django\template\base.py", line 518, in parse
    raise self.error(token, e)
  File "C:\Users\maksk\AppData\Local\Packages\PythonSoftwareFoundation.Python.3.11_qbz5n2kfra8p0\LocalCache\local-packages\Python311\site-packages\django\template\base.py", line 516, in parse
    compiled_result = compile_func(self, token)
                      ^^^^^^^^^^^^^^^^^^^^^^^^^
  File "C:\Users\maksk\AppData\Local\Packages\PythonSoftwareFoundation.Python.3.11_qbz5n2kfra8p0\LocalCache\local-packages\Python311\site-packages\django\template\loader_tags.py", line 234, in do_block
    nodelist = parser.parse(("endblock",))
               ^^^^^^^^^^^^^^^^^^^^^^^^^^^
  File "C:\Users\maksk\AppData\Local\Packages\PythonSoftwareFoundation.Python.3.11_qbz5n2kfra8p0\LocalCache\local-packages\Python311\site-packages\django\template\base.py", line 523, in parse
    self.unclosed_block_tag(parse_until)
  File "C:\Users\maksk\AppData\Local\Packages\PythonSoftwareFoundation.Python.3.11_qbz5n2kfra8p0\LocalCache\local-packages\Python311\site-packages\django\template\base.py", line 586, in unclosed_block_tag
    raise self.error(token, msg)
django.template.exceptions.TemplateSyntaxError: Unclosed tag on line 1: 'block'. Looking for one of: endblock.
2024-09-10 19:09:35,999 - WARNING - Not Found: /favicon.ico
2024-09-10 19:09:39,735 - INFO - Вызвана главная страница
2024-09-10 19:09:49,995 - INFO - Вызвана главная страница
2024-09-10 19:10:00,279 - ERROR - Internal Server Error: /faq/
Traceback (most recent call last):
  File "C:\Users\maksk\AppData\Local\Packages\PythonSoftwareFoundation.Python.3.11_qbz5n2kfra8p0\LocalCache\local-packages\Python311\site-packages\django\core\handlers\exception.py", line 55, in inner
    response = get_response(request)
               ^^^^^^^^^^^^^^^^^^^^^
  File "C:\Users\maksk\AppData\Local\Packages\PythonSoftwareFoundation.Python.3.11_qbz5n2kfra8p0\LocalCache\local-packages\Python311\site-packages\django\core\handlers\base.py", line 197, in _get_response
    response = wrapped_callback(request, *callback_args, **callback_kwargs)
               ^^^^^^^^^^^^^^^^^^^^^^^^^^^^^^^^^^^^^^^^^^^^^^^^^^^^^^^^^^^^
  File "C:\Users\maksk\Desktop\lab5\rent_cars\portal\views.py", line 27, in faq_list
    return render(request, 'portal/faq.html', {'faqs': faqs})
           ^^^^^^^^^^^^^^^^^^^^^^^^^^^^^^^^^^^^^^^^^^^^^^^^^^
  File "C:\Users\maksk\AppData\Local\Packages\PythonSoftwareFoundation.Python.3.11_qbz5n2kfra8p0\LocalCache\local-packages\Python311\site-packages\django\shortcuts.py", line 25, in render
    content = loader.render_to_string(template_name, context, request, using=using)
              ^^^^^^^^^^^^^^^^^^^^^^^^^^^^^^^^^^^^^^^^^^^^^^^^^^^^^^^^^^^^^^^^^^^^^
  File "C:\Users\maksk\AppData\Local\Packages\PythonSoftwareFoundation.Python.3.11_qbz5n2kfra8p0\LocalCache\local-packages\Python311\site-packages\django\template\loader.py", line 61, in render_to_string
    template = get_template(template_name, using=using)
               ^^^^^^^^^^^^^^^^^^^^^^^^^^^^^^^^^^^^^^^^
  File "C:\Users\maksk\AppData\Local\Packages\PythonSoftwareFoundation.Python.3.11_qbz5n2kfra8p0\LocalCache\local-packages\Python311\site-packages\django\template\loader.py", line 15, in get_template
    return engine.get_template(template_name)
           ^^^^^^^^^^^^^^^^^^^^^^^^^^^^^^^^^^
  File "C:\Users\maksk\AppData\Local\Packages\PythonSoftwareFoundation.Python.3.11_qbz5n2kfra8p0\LocalCache\local-packages\Python311\site-packages\django\template\backends\django.py", line 79, in get_template
    return Template(self.engine.get_template(template_name), self)
                    ^^^^^^^^^^^^^^^^^^^^^^^^^^^^^^^^^^^^^^^
  File "C:\Users\maksk\AppData\Local\Packages\PythonSoftwareFoundation.Python.3.11_qbz5n2kfra8p0\LocalCache\local-packages\Python311\site-packages\django\template\engine.py", line 177, in get_template
    template, origin = self.find_template(template_name)
                       ^^^^^^^^^^^^^^^^^^^^^^^^^^^^^^^^^
  File "C:\Users\maksk\AppData\Local\Packages\PythonSoftwareFoundation.Python.3.11_qbz5n2kfra8p0\LocalCache\local-packages\Python311\site-packages\django\template\engine.py", line 159, in find_template
    template = loader.get_template(name, skip=skip)
               ^^^^^^^^^^^^^^^^^^^^^^^^^^^^^^^^^^^^
  File "C:\Users\maksk\AppData\Local\Packages\PythonSoftwareFoundation.Python.3.11_qbz5n2kfra8p0\LocalCache\local-packages\Python311\site-packages\django\template\loaders\cached.py", line 57, in get_template
    template = super().get_template(template_name, skip)
               ^^^^^^^^^^^^^^^^^^^^^^^^^^^^^^^^^^^^^^^^^
  File "C:\Users\maksk\AppData\Local\Packages\PythonSoftwareFoundation.Python.3.11_qbz5n2kfra8p0\LocalCache\local-packages\Python311\site-packages\django\template\loaders\base.py", line 28, in get_template
    return Template(
           ^^^^^^^^^
  File "C:\Users\maksk\AppData\Local\Packages\PythonSoftwareFoundation.Python.3.11_qbz5n2kfra8p0\LocalCache\local-packages\Python311\site-packages\django\template\base.py", line 154, in __init__
    self.nodelist = self.compile_nodelist()
                    ^^^^^^^^^^^^^^^^^^^^^^^
  File "C:\Users\maksk\AppData\Local\Packages\PythonSoftwareFoundation.Python.3.11_qbz5n2kfra8p0\LocalCache\local-packages\Python311\site-packages\django\template\base.py", line 196, in compile_nodelist
    nodelist = parser.parse()
               ^^^^^^^^^^^^^^
  File "C:\Users\maksk\AppData\Local\Packages\PythonSoftwareFoundation.Python.3.11_qbz5n2kfra8p0\LocalCache\local-packages\Python311\site-packages\django\template\base.py", line 518, in parse
    raise self.error(token, e)
  File "C:\Users\maksk\AppData\Local\Packages\PythonSoftwareFoundation.Python.3.11_qbz5n2kfra8p0\LocalCache\local-packages\Python311\site-packages\django\template\base.py", line 516, in parse
    compiled_result = compile_func(self, token)
                      ^^^^^^^^^^^^^^^^^^^^^^^^^
  File "C:\Users\maksk\AppData\Local\Packages\PythonSoftwareFoundation.Python.3.11_qbz5n2kfra8p0\LocalCache\local-packages\Python311\site-packages\django\template\loader_tags.py", line 295, in do_extends
    nodelist = parser.parse()
               ^^^^^^^^^^^^^^
  File "C:\Users\maksk\AppData\Local\Packages\PythonSoftwareFoundation.Python.3.11_qbz5n2kfra8p0\LocalCache\local-packages\Python311\site-packages\django\template\base.py", line 518, in parse
    raise self.error(token, e)
  File "C:\Users\maksk\AppData\Local\Packages\PythonSoftwareFoundation.Python.3.11_qbz5n2kfra8p0\LocalCache\local-packages\Python311\site-packages\django\template\base.py", line 516, in parse
    compiled_result = compile_func(self, token)
                      ^^^^^^^^^^^^^^^^^^^^^^^^^
  File "C:\Users\maksk\AppData\Local\Packages\PythonSoftwareFoundation.Python.3.11_qbz5n2kfra8p0\LocalCache\local-packages\Python311\site-packages\django\template\loader_tags.py", line 234, in do_block
    nodelist = parser.parse(("endblock",))
               ^^^^^^^^^^^^^^^^^^^^^^^^^^^
  File "C:\Users\maksk\AppData\Local\Packages\PythonSoftwareFoundation.Python.3.11_qbz5n2kfra8p0\LocalCache\local-packages\Python311\site-packages\django\template\base.py", line 523, in parse
    self.unclosed_block_tag(parse_until)
  File "C:\Users\maksk\AppData\Local\Packages\PythonSoftwareFoundation.Python.3.11_qbz5n2kfra8p0\LocalCache\local-packages\Python311\site-packages\django\template\base.py", line 586, in unclosed_block_tag
    raise self.error(token, msg)
django.template.exceptions.TemplateSyntaxError: Unclosed tag on line 1: 'block'. Looking for one of: endblock.
2024-09-10 19:10:00,456 - INFO - Вызвана главная страница
2024-09-10 19:10:10,916 - INFO - Вызвана главная страница
2024-09-10 19:10:21,419 - INFO - Вызвана главная страница
2024-09-10 19:10:31,642 - INFO - Вызвана главная страница
2024-09-10 19:10:41,948 - INFO - Вызвана главная страница
2024-09-10 19:10:52,129 - INFO - Вызвана главная страница
2024-09-10 19:11:03,130 - INFO - Вызвана главная страница
2024-09-10 19:11:13,429 - INFO - Вызвана главная страница
2024-09-10 19:11:24,082 - INFO - Вызвана главная страница
2024-09-10 19:11:34,745 - INFO - Вызвана главная страница
2024-09-10 19:11:46,064 - INFO - Вызвана главная страница
2024-09-10 19:11:56,246 - INFO - Вызвана главная страница
2024-09-10 19:12:06,511 - INFO - Вызвана главная страница
2024-09-10 19:12:16,627 - INFO - Вызвана главная страница
2024-09-10 19:12:26,771 - INFO - Вызвана главная страница
2024-09-10 19:12:38,131 - INFO - Вызвана главная страница
2024-09-10 19:12:48,332 - INFO - Вызвана главная страница
2024-09-10 19:12:58,534 - INFO - Вызвана главная страница
2024-09-10 19:13:10,273 - INFO - Вызвана главная страница
2024-09-10 19:13:20,390 - INFO - Вызвана главная страница
2024-09-10 19:13:30,632 - INFO - Вызвана главная страница
2024-09-10 19:13:41,604 - INFO - Вызвана главная страница
2024-09-10 19:13:51,896 - INFO - Вызвана главная страница
2024-09-10 19:14:02,153 - INFO - Вызвана главная страница
2024-09-10 19:14:12,365 - INFO - Вызвана главная страница
2024-09-10 19:14:22,618 - INFO - Вызвана главная страница
2024-09-10 19:14:32,855 - INFO - Вызвана главная страница
2024-09-10 19:14:43,274 - INFO - Вызвана главная страница
2024-09-10 19:14:53,600 - INFO - Вызвана главная страница
2024-09-10 19:15:04,089 - INFO - Вызвана главная страница
2024-09-10 19:15:14,400 - INFO - Вызвана главная страница
2024-09-10 19:15:14,684 - ERROR - Internal Server Error: /faq/
Traceback (most recent call last):
  File "C:\Users\maksk\AppData\Local\Packages\PythonSoftwareFoundation.Python.3.11_qbz5n2kfra8p0\LocalCache\local-packages\Python311\site-packages\django\core\handlers\exception.py", line 55, in inner
    response = get_response(request)
               ^^^^^^^^^^^^^^^^^^^^^
  File "C:\Users\maksk\AppData\Local\Packages\PythonSoftwareFoundation.Python.3.11_qbz5n2kfra8p0\LocalCache\local-packages\Python311\site-packages\django\core\handlers\base.py", line 197, in _get_response
    response = wrapped_callback(request, *callback_args, **callback_kwargs)
               ^^^^^^^^^^^^^^^^^^^^^^^^^^^^^^^^^^^^^^^^^^^^^^^^^^^^^^^^^^^^
  File "C:\Users\maksk\Desktop\lab5\rent_cars\portal\views.py", line 27, in faq_list
    return render(request, 'portal/faq.html', {'faqs': faqs})
           ^^^^^^^^^^^^^^^^^^^^^^^^^^^^^^^^^^^^^^^^^^^^^^^^^^
  File "C:\Users\maksk\AppData\Local\Packages\PythonSoftwareFoundation.Python.3.11_qbz5n2kfra8p0\LocalCache\local-packages\Python311\site-packages\django\shortcuts.py", line 25, in render
    content = loader.render_to_string(template_name, context, request, using=using)
              ^^^^^^^^^^^^^^^^^^^^^^^^^^^^^^^^^^^^^^^^^^^^^^^^^^^^^^^^^^^^^^^^^^^^^
  File "C:\Users\maksk\AppData\Local\Packages\PythonSoftwareFoundation.Python.3.11_qbz5n2kfra8p0\LocalCache\local-packages\Python311\site-packages\django\template\loader.py", line 61, in render_to_string
    template = get_template(template_name, using=using)
               ^^^^^^^^^^^^^^^^^^^^^^^^^^^^^^^^^^^^^^^^
  File "C:\Users\maksk\AppData\Local\Packages\PythonSoftwareFoundation.Python.3.11_qbz5n2kfra8p0\LocalCache\local-packages\Python311\site-packages\django\template\loader.py", line 15, in get_template
    return engine.get_template(template_name)
           ^^^^^^^^^^^^^^^^^^^^^^^^^^^^^^^^^^
  File "C:\Users\maksk\AppData\Local\Packages\PythonSoftwareFoundation.Python.3.11_qbz5n2kfra8p0\LocalCache\local-packages\Python311\site-packages\django\template\backends\django.py", line 79, in get_template
    return Template(self.engine.get_template(template_name), self)
                    ^^^^^^^^^^^^^^^^^^^^^^^^^^^^^^^^^^^^^^^
  File "C:\Users\maksk\AppData\Local\Packages\PythonSoftwareFoundation.Python.3.11_qbz5n2kfra8p0\LocalCache\local-packages\Python311\site-packages\django\template\engine.py", line 177, in get_template
    template, origin = self.find_template(template_name)
                       ^^^^^^^^^^^^^^^^^^^^^^^^^^^^^^^^^
  File "C:\Users\maksk\AppData\Local\Packages\PythonSoftwareFoundation.Python.3.11_qbz5n2kfra8p0\LocalCache\local-packages\Python311\site-packages\django\template\engine.py", line 159, in find_template
    template = loader.get_template(name, skip=skip)
               ^^^^^^^^^^^^^^^^^^^^^^^^^^^^^^^^^^^^
  File "C:\Users\maksk\AppData\Local\Packages\PythonSoftwareFoundation.Python.3.11_qbz5n2kfra8p0\LocalCache\local-packages\Python311\site-packages\django\template\loaders\cached.py", line 57, in get_template
    template = super().get_template(template_name, skip)
               ^^^^^^^^^^^^^^^^^^^^^^^^^^^^^^^^^^^^^^^^^
  File "C:\Users\maksk\AppData\Local\Packages\PythonSoftwareFoundation.Python.3.11_qbz5n2kfra8p0\LocalCache\local-packages\Python311\site-packages\django\template\loaders\base.py", line 28, in get_template
    return Template(
           ^^^^^^^^^
  File "C:\Users\maksk\AppData\Local\Packages\PythonSoftwareFoundation.Python.3.11_qbz5n2kfra8p0\LocalCache\local-packages\Python311\site-packages\django\template\base.py", line 154, in __init__
    self.nodelist = self.compile_nodelist()
                    ^^^^^^^^^^^^^^^^^^^^^^^
  File "C:\Users\maksk\AppData\Local\Packages\PythonSoftwareFoundation.Python.3.11_qbz5n2kfra8p0\LocalCache\local-packages\Python311\site-packages\django\template\base.py", line 196, in compile_nodelist
    nodelist = parser.parse()
               ^^^^^^^^^^^^^^
  File "C:\Users\maksk\AppData\Local\Packages\PythonSoftwareFoundation.Python.3.11_qbz5n2kfra8p0\LocalCache\local-packages\Python311\site-packages\django\template\base.py", line 518, in parse
    raise self.error(token, e)
  File "C:\Users\maksk\AppData\Local\Packages\PythonSoftwareFoundation.Python.3.11_qbz5n2kfra8p0\LocalCache\local-packages\Python311\site-packages\django\template\base.py", line 516, in parse
    compiled_result = compile_func(self, token)
                      ^^^^^^^^^^^^^^^^^^^^^^^^^
  File "C:\Users\maksk\AppData\Local\Packages\PythonSoftwareFoundation.Python.3.11_qbz5n2kfra8p0\LocalCache\local-packages\Python311\site-packages\django\template\loader_tags.py", line 295, in do_extends
    nodelist = parser.parse()
               ^^^^^^^^^^^^^^
  File "C:\Users\maksk\AppData\Local\Packages\PythonSoftwareFoundation.Python.3.11_qbz5n2kfra8p0\LocalCache\local-packages\Python311\site-packages\django\template\base.py", line 518, in parse
    raise self.error(token, e)
  File "C:\Users\maksk\AppData\Local\Packages\PythonSoftwareFoundation.Python.3.11_qbz5n2kfra8p0\LocalCache\local-packages\Python311\site-packages\django\template\base.py", line 516, in parse
    compiled_result = compile_func(self, token)
                      ^^^^^^^^^^^^^^^^^^^^^^^^^
  File "C:\Users\maksk\AppData\Local\Packages\PythonSoftwareFoundation.Python.3.11_qbz5n2kfra8p0\LocalCache\local-packages\Python311\site-packages\django\template\loader_tags.py", line 234, in do_block
    nodelist = parser.parse(("endblock",))
               ^^^^^^^^^^^^^^^^^^^^^^^^^^^
  File "C:\Users\maksk\AppData\Local\Packages\PythonSoftwareFoundation.Python.3.11_qbz5n2kfra8p0\LocalCache\local-packages\Python311\site-packages\django\template\base.py", line 523, in parse
    self.unclosed_block_tag(parse_until)
  File "C:\Users\maksk\AppData\Local\Packages\PythonSoftwareFoundation.Python.3.11_qbz5n2kfra8p0\LocalCache\local-packages\Python311\site-packages\django\template\base.py", line 586, in unclosed_block_tag
    raise self.error(token, msg)
django.template.exceptions.TemplateSyntaxError: Unclosed tag on line 1: 'block'. Looking for one of: endblock.
2024-09-10 19:15:24,993 - INFO - Вызвана главная страница
2024-09-10 19:15:35,724 - INFO - Вызвана главная страница
2024-09-10 19:15:46,827 - INFO - Вызвана главная страница
2024-09-10 19:15:57,328 - INFO - Вызвана главная страница
2024-09-10 19:16:07,834 - INFO - Вызвана главная страница
2024-09-10 19:16:18,427 - INFO - Вызвана главная страница
2024-09-10 19:16:28,887 - INFO - Вызвана главная страница
2024-09-10 19:16:39,419 - INFO - Вызвана главная страница
2024-09-10 19:16:49,859 - INFO - Вызвана главная страница
2024-09-10 22:15:18,112 - INFO - Вызвана главная страница
2024-09-10 22:15:18,158 - ERROR - Internal Server Error: /
Traceback (most recent call last):
  File "C:\Users\maksk\AppData\Local\Packages\PythonSoftwareFoundation.Python.3.11_qbz5n2kfra8p0\LocalCache\local-packages\Python311\site-packages\django\core\handlers\exception.py", line 55, in inner
    response = get_response(request)
               ^^^^^^^^^^^^^^^^^^^^^
  File "C:\Users\maksk\AppData\Local\Packages\PythonSoftwareFoundation.Python.3.11_qbz5n2kfra8p0\LocalCache\local-packages\Python311\site-packages\django\core\handlers\base.py", line 197, in _get_response
    response = wrapped_callback(request, *callback_args, **callback_kwargs)
               ^^^^^^^^^^^^^^^^^^^^^^^^^^^^^^^^^^^^^^^^^^^^^^^^^^^^^^^^^^^^
  File "C:\Users\maksk\Desktop\lab5\rent_cars\users\views.py", line 98, in index
    return render(request, 'users/index.html', {'current_month': current_month, 'current_year': current_year, 'cal': cal, 'month_number': month_number, 'user_timezone': user_timezone, 'current_date': current_date, 'body_types': body_types, 'cars': cars, 'discounts': discounts, 'penalties': penalties, 'promoCodes': promoCodes, 'article': article, 'partners': partners})
           ^^^^^^^^^^^^^^^^^^^^^^^^^^^^^^^^^^^^^^^^^^^^^^^^^^^^^^^^^^^^^^^^^^^^^^^^^^^^^^^^^^^^^^^^^^^^^^^^^^^^^^^^^^^^^^^^^^^^^^^^^^^^^^^^^^^^^^^^^^^^^^^^^^^^^^^^^^^^^^^^^^^^^^^^^^^^^^^^^^^^^^^^^^^^^^^^^^^^^^^^^^^^^^^^^^^^^^^^^^^^^^^^^^^^^^^^^^^^^^^^^^^^^^^^^^^^^^^^^^^^^^^^^^^^^^^^^^^^^^^^^^^^^^^^^^^^^^^^^^^^^^^^^^^^^^^^^^^^^^^^^^^^^^^^^^^^^^^^^^^^^^^^^^^^^^^^^^^^^^^
  File "C:\Users\maksk\AppData\Local\Packages\PythonSoftwareFoundation.Python.3.11_qbz5n2kfra8p0\LocalCache\local-packages\Python311\site-packages\django\shortcuts.py", line 25, in render
    content = loader.render_to_string(template_name, context, request, using=using)
              ^^^^^^^^^^^^^^^^^^^^^^^^^^^^^^^^^^^^^^^^^^^^^^^^^^^^^^^^^^^^^^^^^^^^^
  File "C:\Users\maksk\AppData\Local\Packages\PythonSoftwareFoundation.Python.3.11_qbz5n2kfra8p0\LocalCache\local-packages\Python311\site-packages\django\template\loader.py", line 61, in render_to_string
    template = get_template(template_name, using=using)
               ^^^^^^^^^^^^^^^^^^^^^^^^^^^^^^^^^^^^^^^^
  File "C:\Users\maksk\AppData\Local\Packages\PythonSoftwareFoundation.Python.3.11_qbz5n2kfra8p0\LocalCache\local-packages\Python311\site-packages\django\template\loader.py", line 15, in get_template
    return engine.get_template(template_name)
           ^^^^^^^^^^^^^^^^^^^^^^^^^^^^^^^^^^
  File "C:\Users\maksk\AppData\Local\Packages\PythonSoftwareFoundation.Python.3.11_qbz5n2kfra8p0\LocalCache\local-packages\Python311\site-packages\django\template\backends\django.py", line 79, in get_template
    return Template(self.engine.get_template(template_name), self)
                    ^^^^^^^^^^^^^^^^^^^^^^^^^^^^^^^^^^^^^^^
  File "C:\Users\maksk\AppData\Local\Packages\PythonSoftwareFoundation.Python.3.11_qbz5n2kfra8p0\LocalCache\local-packages\Python311\site-packages\django\template\engine.py", line 177, in get_template
    template, origin = self.find_template(template_name)
                       ^^^^^^^^^^^^^^^^^^^^^^^^^^^^^^^^^
  File "C:\Users\maksk\AppData\Local\Packages\PythonSoftwareFoundation.Python.3.11_qbz5n2kfra8p0\LocalCache\local-packages\Python311\site-packages\django\template\engine.py", line 159, in find_template
    template = loader.get_template(name, skip=skip)
               ^^^^^^^^^^^^^^^^^^^^^^^^^^^^^^^^^^^^
  File "C:\Users\maksk\AppData\Local\Packages\PythonSoftwareFoundation.Python.3.11_qbz5n2kfra8p0\LocalCache\local-packages\Python311\site-packages\django\template\loaders\cached.py", line 57, in get_template
    template = super().get_template(template_name, skip)
               ^^^^^^^^^^^^^^^^^^^^^^^^^^^^^^^^^^^^^^^^^
  File "C:\Users\maksk\AppData\Local\Packages\PythonSoftwareFoundation.Python.3.11_qbz5n2kfra8p0\LocalCache\local-packages\Python311\site-packages\django\template\loaders\base.py", line 28, in get_template
    return Template(
           ^^^^^^^^^
  File "C:\Users\maksk\AppData\Local\Packages\PythonSoftwareFoundation.Python.3.11_qbz5n2kfra8p0\LocalCache\local-packages\Python311\site-packages\django\template\base.py", line 154, in __init__
    self.nodelist = self.compile_nodelist()
                    ^^^^^^^^^^^^^^^^^^^^^^^
  File "C:\Users\maksk\AppData\Local\Packages\PythonSoftwareFoundation.Python.3.11_qbz5n2kfra8p0\LocalCache\local-packages\Python311\site-packages\django\template\base.py", line 196, in compile_nodelist
    nodelist = parser.parse()
               ^^^^^^^^^^^^^^
  File "C:\Users\maksk\AppData\Local\Packages\PythonSoftwareFoundation.Python.3.11_qbz5n2kfra8p0\LocalCache\local-packages\Python311\site-packages\django\template\base.py", line 518, in parse
    raise self.error(token, e)
  File "C:\Users\maksk\AppData\Local\Packages\PythonSoftwareFoundation.Python.3.11_qbz5n2kfra8p0\LocalCache\local-packages\Python311\site-packages\django\template\base.py", line 516, in parse
    compiled_result = compile_func(self, token)
                      ^^^^^^^^^^^^^^^^^^^^^^^^^
  File "C:\Users\maksk\AppData\Local\Packages\PythonSoftwareFoundation.Python.3.11_qbz5n2kfra8p0\LocalCache\local-packages\Python311\site-packages\django\template\loader_tags.py", line 295, in do_extends
    nodelist = parser.parse()
               ^^^^^^^^^^^^^^
  File "C:\Users\maksk\AppData\Local\Packages\PythonSoftwareFoundation.Python.3.11_qbz5n2kfra8p0\LocalCache\local-packages\Python311\site-packages\django\template\base.py", line 518, in parse
    raise self.error(token, e)
  File "C:\Users\maksk\AppData\Local\Packages\PythonSoftwareFoundation.Python.3.11_qbz5n2kfra8p0\LocalCache\local-packages\Python311\site-packages\django\template\base.py", line 516, in parse
    compiled_result = compile_func(self, token)
                      ^^^^^^^^^^^^^^^^^^^^^^^^^
  File "C:\Users\maksk\AppData\Local\Packages\PythonSoftwareFoundation.Python.3.11_qbz5n2kfra8p0\LocalCache\local-packages\Python311\site-packages\django\template\loader_tags.py", line 234, in do_block
    nodelist = parser.parse(("endblock",))
               ^^^^^^^^^^^^^^^^^^^^^^^^^^^
  File "C:\Users\maksk\AppData\Local\Packages\PythonSoftwareFoundation.Python.3.11_qbz5n2kfra8p0\LocalCache\local-packages\Python311\site-packages\django\template\base.py", line 523, in parse
    self.unclosed_block_tag(parse_until)
  File "C:\Users\maksk\AppData\Local\Packages\PythonSoftwareFoundation.Python.3.11_qbz5n2kfra8p0\LocalCache\local-packages\Python311\site-packages\django\template\base.py", line 586, in unclosed_block_tag
    raise self.error(token, msg)
django.template.exceptions.TemplateSyntaxError: Unclosed tag on line 1: 'block'. Looking for one of: endblock.
2024-09-10 22:15:18,355 - WARNING - Not Found: /favicon.ico
2024-09-10 22:17:57,637 - INFO - Вызвана главная страница
2024-09-10 22:18:08,001 - INFO - Вызвана главная страница
2024-09-10 22:18:18,210 - INFO - Вызвана главная страница
2024-09-10 22:18:29,065 - INFO - Вызвана главная страница
2024-09-10 22:18:39,264 - INFO - Вызвана главная страница
2024-09-10 22:18:49,476 - INFO - Вызвана главная страница
2024-09-10 22:18:59,711 - INFO - Вызвана главная страница
2024-09-10 22:19:09,922 - INFO - Вызвана главная страница
2024-09-10 22:20:01,591 - INFO -  вышел с аккаунта
2024-09-10 22:20:01,597 - INFO - Вызвана главная страница
2024-09-10 22:20:14,439 - INFO -  вошел в аккаунт
2024-09-10 22:20:14,439 - INFO - makskreet вошел в аккаунт
2024-09-10 22:20:14,462 - INFO - Вызвана главная страница
2024-09-10 22:20:21,174 - INFO -  вышел с аккаунта
2024-09-10 22:20:21,180 - INFO - Вызвана главная страница
2024-09-10 22:20:28,404 - INFO -  вошел в аккаунт
2024-09-10 22:20:28,404 - INFO - makskreett вошел в аккаунт
2024-09-10 22:20:28,430 - INFO - Вызвана главная страница
2024-09-10 22:20:56,159 - INFO - Вызвана страница заказов
2024-09-10 22:21:06,224 - INFO - Вызвана страница заказов
2024-09-10 22:21:16,314 - INFO - Вызвана страница заказов
2024-09-11 00:14:29,374 - INFO - Вызвана главная страница
2024-09-11 00:14:34,256 - INFO - Вызвана страница заказов
2024-09-11 00:14:37,958 - INFO - Вызвана страница заказов
2024-09-11 00:14:51,421 - INFO - Вызвана страница всех бонусов
2024-09-11 00:14:55,390 - INFO - Вызвана главная страница
2024-09-11 00:15:09,731 - INFO - Вызвана главная страница
2024-09-11 00:15:29,676 - INFO - C:\Users\maksk\Desktop\lab5\rent_cars\portal\models.py changed, reloading.
2024-09-11 00:20:10,284 - INFO - C:\Users\maksk\Desktop\lab5\rent_cars\portal\views.py changed, reloading.
2024-09-11 00:20:21,919 - INFO - C:\Users\maksk\Desktop\lab5\rent_cars\portal\admin.py changed, reloading.
2024-09-11 00:20:24,317 - INFO - Вызвана главная страница
2024-09-11 00:21:24,689 - INFO - Вызвана главная страница
2024-09-11 00:21:53,203 - INFO - Вызвана главная страница
2024-09-11 00:22:24,919 - INFO - Вызвана главная страница
2024-09-11 00:23:25,141 - INFO - Вызвана главная страница
2024-09-11 13:33:01,044 - INFO - Вызвана главная страница
2024-09-11 13:33:01,187 - ERROR - Internal Server Error: /
Traceback (most recent call last):
  File "C:\Users\maksk\AppData\Local\Packages\PythonSoftwareFoundation.Python.3.11_qbz5n2kfra8p0\LocalCache\local-packages\Python311\site-packages\django\core\handlers\exception.py", line 55, in inner
    response = get_response(request)
               ^^^^^^^^^^^^^^^^^^^^^
  File "C:\Users\maksk\AppData\Local\Packages\PythonSoftwareFoundation.Python.3.11_qbz5n2kfra8p0\LocalCache\local-packages\Python311\site-packages\django\core\handlers\base.py", line 197, in _get_response
    response = wrapped_callback(request, *callback_args, **callback_kwargs)
               ^^^^^^^^^^^^^^^^^^^^^^^^^^^^^^^^^^^^^^^^^^^^^^^^^^^^^^^^^^^^
  File "C:\Users\maksk\Desktop\lab5\rent_cars\users\views.py", line 98, in index
    return render(request, 'users/index.html', {'current_month': current_month, 'current_year': current_year, 'cal': cal, 'month_number': month_number, 'user_timezone': user_timezone, 'current_date': current_date, 'body_types': body_types, 'cars': cars, 'discounts': discounts, 'penalties': penalties, 'promoCodes': promoCodes, 'article': article, 'partners': partners})
           ^^^^^^^^^^^^^^^^^^^^^^^^^^^^^^^^^^^^^^^^^^^^^^^^^^^^^^^^^^^^^^^^^^^^^^^^^^^^^^^^^^^^^^^^^^^^^^^^^^^^^^^^^^^^^^^^^^^^^^^^^^^^^^^^^^^^^^^^^^^^^^^^^^^^^^^^^^^^^^^^^^^^^^^^^^^^^^^^^^^^^^^^^^^^^^^^^^^^^^^^^^^^^^^^^^^^^^^^^^^^^^^^^^^^^^^^^^^^^^^^^^^^^^^^^^^^^^^^^^^^^^^^^^^^^^^^^^^^^^^^^^^^^^^^^^^^^^^^^^^^^^^^^^^^^^^^^^^^^^^^^^^^^^^^^^^^^^^^^^^^^^^^^^^^^^^^^^^^^^^
  File "C:\Users\maksk\AppData\Local\Packages\PythonSoftwareFoundation.Python.3.11_qbz5n2kfra8p0\LocalCache\local-packages\Python311\site-packages\django\shortcuts.py", line 25, in render
    content = loader.render_to_string(template_name, context, request, using=using)
              ^^^^^^^^^^^^^^^^^^^^^^^^^^^^^^^^^^^^^^^^^^^^^^^^^^^^^^^^^^^^^^^^^^^^^
  File "C:\Users\maksk\AppData\Local\Packages\PythonSoftwareFoundation.Python.3.11_qbz5n2kfra8p0\LocalCache\local-packages\Python311\site-packages\django\template\loader.py", line 61, in render_to_string
    template = get_template(template_name, using=using)
               ^^^^^^^^^^^^^^^^^^^^^^^^^^^^^^^^^^^^^^^^
  File "C:\Users\maksk\AppData\Local\Packages\PythonSoftwareFoundation.Python.3.11_qbz5n2kfra8p0\LocalCache\local-packages\Python311\site-packages\django\template\loader.py", line 15, in get_template
    return engine.get_template(template_name)
           ^^^^^^^^^^^^^^^^^^^^^^^^^^^^^^^^^^
  File "C:\Users\maksk\AppData\Local\Packages\PythonSoftwareFoundation.Python.3.11_qbz5n2kfra8p0\LocalCache\local-packages\Python311\site-packages\django\template\backends\django.py", line 79, in get_template
    return Template(self.engine.get_template(template_name), self)
                    ^^^^^^^^^^^^^^^^^^^^^^^^^^^^^^^^^^^^^^^
  File "C:\Users\maksk\AppData\Local\Packages\PythonSoftwareFoundation.Python.3.11_qbz5n2kfra8p0\LocalCache\local-packages\Python311\site-packages\django\template\engine.py", line 177, in get_template
    template, origin = self.find_template(template_name)
                       ^^^^^^^^^^^^^^^^^^^^^^^^^^^^^^^^^
  File "C:\Users\maksk\AppData\Local\Packages\PythonSoftwareFoundation.Python.3.11_qbz5n2kfra8p0\LocalCache\local-packages\Python311\site-packages\django\template\engine.py", line 159, in find_template
    template = loader.get_template(name, skip=skip)
               ^^^^^^^^^^^^^^^^^^^^^^^^^^^^^^^^^^^^
  File "C:\Users\maksk\AppData\Local\Packages\PythonSoftwareFoundation.Python.3.11_qbz5n2kfra8p0\LocalCache\local-packages\Python311\site-packages\django\template\loaders\cached.py", line 57, in get_template
    template = super().get_template(template_name, skip)
               ^^^^^^^^^^^^^^^^^^^^^^^^^^^^^^^^^^^^^^^^^
  File "C:\Users\maksk\AppData\Local\Packages\PythonSoftwareFoundation.Python.3.11_qbz5n2kfra8p0\LocalCache\local-packages\Python311\site-packages\django\template\loaders\base.py", line 28, in get_template
    return Template(
           ^^^^^^^^^
  File "C:\Users\maksk\AppData\Local\Packages\PythonSoftwareFoundation.Python.3.11_qbz5n2kfra8p0\LocalCache\local-packages\Python311\site-packages\django\template\base.py", line 154, in __init__
    self.nodelist = self.compile_nodelist()
                    ^^^^^^^^^^^^^^^^^^^^^^^
  File "C:\Users\maksk\AppData\Local\Packages\PythonSoftwareFoundation.Python.3.11_qbz5n2kfra8p0\LocalCache\local-packages\Python311\site-packages\django\template\base.py", line 196, in compile_nodelist
    nodelist = parser.parse()
               ^^^^^^^^^^^^^^
  File "C:\Users\maksk\AppData\Local\Packages\PythonSoftwareFoundation.Python.3.11_qbz5n2kfra8p0\LocalCache\local-packages\Python311\site-packages\django\template\base.py", line 518, in parse
    raise self.error(token, e)
  File "C:\Users\maksk\AppData\Local\Packages\PythonSoftwareFoundation.Python.3.11_qbz5n2kfra8p0\LocalCache\local-packages\Python311\site-packages\django\template\base.py", line 516, in parse
    compiled_result = compile_func(self, token)
                      ^^^^^^^^^^^^^^^^^^^^^^^^^
  File "C:\Users\maksk\AppData\Local\Packages\PythonSoftwareFoundation.Python.3.11_qbz5n2kfra8p0\LocalCache\local-packages\Python311\site-packages\django\template\loader_tags.py", line 295, in do_extends
    nodelist = parser.parse()
               ^^^^^^^^^^^^^^
  File "C:\Users\maksk\AppData\Local\Packages\PythonSoftwareFoundation.Python.3.11_qbz5n2kfra8p0\LocalCache\local-packages\Python311\site-packages\django\template\base.py", line 518, in parse
    raise self.error(token, e)
  File "C:\Users\maksk\AppData\Local\Packages\PythonSoftwareFoundation.Python.3.11_qbz5n2kfra8p0\LocalCache\local-packages\Python311\site-packages\django\template\base.py", line 516, in parse
    compiled_result = compile_func(self, token)
                      ^^^^^^^^^^^^^^^^^^^^^^^^^
  File "C:\Users\maksk\AppData\Local\Packages\PythonSoftwareFoundation.Python.3.11_qbz5n2kfra8p0\LocalCache\local-packages\Python311\site-packages\django\template\loader_tags.py", line 234, in do_block
    nodelist = parser.parse(("endblock",))
               ^^^^^^^^^^^^^^^^^^^^^^^^^^^
  File "C:\Users\maksk\AppData\Local\Packages\PythonSoftwareFoundation.Python.3.11_qbz5n2kfra8p0\LocalCache\local-packages\Python311\site-packages\django\template\base.py", line 523, in parse
    self.unclosed_block_tag(parse_until)
  File "C:\Users\maksk\AppData\Local\Packages\PythonSoftwareFoundation.Python.3.11_qbz5n2kfra8p0\LocalCache\local-packages\Python311\site-packages\django\template\base.py", line 586, in unclosed_block_tag
    raise self.error(token, msg)
django.template.exceptions.TemplateSyntaxError: Unclosed tag on line 1: 'block'. Looking for one of: endblock.
2024-09-11 13:33:01,395 - WARNING - Not Found: /favicon.ico
2024-09-11 13:33:41,272 - INFO - Вызвана главная страница
2024-09-11 13:33:57,385 - INFO - Вызвана главная страница
2024-09-11 13:34:57,662 - INFO - Вызвана главная страница
2024-09-11 13:35:27,744 - INFO - Вызвана страница всех бонусов
2024-09-11 13:35:28,681 - INFO - Вызвана страница фильтрации заказов
2024-09-11 13:35:29,677 - INFO - Вызвана страница списка людей
2024-09-11 13:35:31,084 - INFO - Вызвана страница анализа заказов
2024-09-11 14:18:23,615 - INFO - Вызвана главная страница
2024-09-11 14:18:34,308 - INFO -  вышел с аккаунта
2024-09-11 14:18:34,314 - INFO - Вызвана главная страница
2024-09-11 14:18:46,394 - INFO -  вошел в аккаунт
2024-09-11 14:18:46,395 - INFO - makskreett вошел в аккаунт
2024-09-11 14:18:46,424 - INFO - Вызвана главная страница
2024-09-11 14:23:46,704 - INFO - Вызвана главная страница
2024-09-11 14:28:47,034 - INFO - Вызвана главная страница
2024-09-11 14:33:47,374 - INFO - Вызвана главная страница
2024-09-11 14:38:47,810 - INFO - Вызвана главная страница
2024-09-11 14:43:48,035 - INFO - Вызвана главная страница
2024-09-11 14:48:48,261 - INFO - Вызвана главная страница
2024-09-11 14:53:48,633 - INFO - Вызвана главная страница
2024-09-11 14:58:48,865 - INFO - Вызвана главная страница
2024-09-11 15:02:28,381 - INFO - Вызвана главная страница
2024-09-11 15:07:28,641 - INFO - Вызвана главная страница
2024-09-11 17:13:33,800 - INFO - Вызвана главная страница
2024-09-11 17:13:54,446 - INFO - Вызвана главная страница
2024-09-11 17:13:54,884 - INFO - Вызвана главная страница
2024-09-11 17:13:55,107 - INFO - Вызвана главная страница
2024-09-11 17:14:14,068 - INFO - Вызвана главная страница
2024-09-11 17:14:14,772 - INFO - Вызвана главная страница
2024-09-11 17:14:15,095 - INFO - Вызвана главная страница
2024-09-11 17:14:25,821 - INFO - Вызвана главная страница
2024-09-11 17:14:52,994 - INFO - Вызвана главная страница
2024-09-11 17:14:57,436 - INFO - Вызвана главная страница
2024-09-11 17:15:24,744 - INFO - Вызвана главная страница
2024-09-11 17:16:48,594 - INFO - Вызвана главная страница
2024-09-11 17:29:27,015 - INFO - Вызвана главная страница
2024-09-11 17:31:01,610 - INFO - Вызвана главная страница
2024-09-11 17:52:05,005 - INFO - Вызвана главная страница
2024-09-11 17:57:05,743 - INFO - Вызвана главная страница
2024-09-11 18:02:06,405 - INFO - Вызвана главная страница
2024-09-11 18:07:06,708 - INFO - Вызвана главная страница
2024-09-11 18:12:07,011 - INFO - Вызвана главная страница
2024-09-11 18:46:14,279 - INFO - Вызвана главная страница
2024-09-11 19:08:23,635 - INFO - Вызвана главная страница
2024-09-11 20:04:05,052 - INFO - Вызвана главная страница
